13:11:32.590 PP 🏠 Home.md cls=el-h1 wrapper=false embed=null sizer=false connected=false kids=H1. hasSizerDesc=false parents=
13:11:32.590 V schedule render {"reason":"postprocessor","sourcePath":"🏠 Home.md","hadPendingTimer":false,"sizerChildren":0}
13:11:32.594 V render start {"reason":"postprocessor","token":11,"sourceHint":"🏠 Home.md","sizerConnected":true,"sizerChildren":4}
13:11:32.594 V render found no marker regions {"sourcePath":"🏠 Home.md"}
13:11:32.600 V schedule render {"reason":"layout-change","sourcePath":"🏠 Home.md","hadPendingTimer":false,"sizerChildren":4}
13:11:32.751 V render start {"reason":"layout-change","token":12,"sourceHint":"🏠 Home.md","sizerConnected":true,"sizerChildren":4}
13:11:32.751 V render found no marker regions {"sourcePath":"🏠 Home.md"}
13:11:33.428 PP 📋 Jobs.md cls=el-h1 wrapper=false embed=null sizer=false connected=false kids=H1. hasSizerDesc=false parents=
13:11:33.428 V schedule render {"reason":"postprocessor","sourcePath":"📋 Jobs.md","hadPendingTimer":false,"sizerChildren":0}
13:11:33.431 PP 📋 Jobs.md cls=el-pre wrapper=false embed=null sizer=false connected=false kids=DIV.block-language-datacorejsx hasSizerDesc=false parents=
13:11:33.431 V schedule render {"reason":"postprocessor","sourcePath":"📋 Jobs.md","hadPendingTimer":true,"sizerChildren":0}
13:11:33.444 V render start {"reason":"postprocessor","token":13,"sourceHint":"📋 Jobs.md","sizerConnected":true,"sizerChildren":5}
13:11:33.444 V render found no marker regions {"sourcePath":"📋 Jobs.md"}
13:11:33.452 V schedule render {"reason":"layout-change","sourcePath":"📋 Jobs.md","hadPendingTimer":false,"sizerChildren":5}
13:11:33.458 PP Notes/Caravan Job.md cls= wrapper=false embed=null sizer=false connected=true kids=P.,P.,P.,P. hasSizerDesc=false parents=DIV.dc-description>DIV.>DIV.>DIV.>DIV.block-language-datacorejsx>DIV.cm-preview-code-block.cm-embed-block.markdown-rendered.cm-la
13:11:33.460 PP Notes/Clear Keep Clearwater.md cls= wrapper=false embed=null sizer=false connected=true kids=P.,P. hasSizerDesc=false parents=DIV.dc-description>DIV.>DIV.>DIV.>DIV.block-language-datacorejsx>DIV.cm-preview-code-block.cm-embed-block.markdown-rendered.cm-la
13:11:33.461 PP Notes/Beast Hunt.md cls= wrapper=false embed=null sizer=false connected=true kids=P.,P.,H2.,P.,P. hasSizerDesc=false parents=DIV.dc-description>DIV.>DIV.>DIV.>DIV.block-language-datacorejsx>DIV.cm-preview-code-block.cm-embed-block.markdown-rendered.cm-la
13:11:33.461 PP Notes/Incendiary Dreams.md cls= wrapper=false embed=null sizer=false connected=true kids=P.,P.,H2.,P. hasSizerDesc=false parents=DIV.dc-description>DIV.>DIV.>DIV.>DIV.block-language-datacorejsx>DIV.cm-preview-code-block.cm-embed-block.markdown-rendered.cm-la
13:11:33.462 PP Notes/Caravan Job.md cls= wrapper=false embed=null sizer=true connected=true kids=P.,P.,P.,P. hasSizerDesc=false parents=DIV.dc-description>DIV.>DIV.>DIV.>DIV.block-language-datacorejsx>DIV.el-pre
13:11:33.462 V schedule render {"reason":"postprocessor","sourcePath":"Notes/Caravan Job.md","hadPendingTimer":true,"sizerChildren":5}
13:11:33.463 PP Notes/Clear Keep Clearwater.md cls= wrapper=false embed=null sizer=true connected=true kids=P.,P. hasSizerDesc=false parents=DIV.dc-description>DIV.>DIV.>DIV.>DIV.block-language-datacorejsx>DIV.el-pre
13:11:33.463 V schedule render {"reason":"postprocessor","sourcePath":"Notes/Clear Keep Clearwater.md","hadPendingTimer":true,"sizerChildren":5}
13:11:33.464 PP Notes/Beast Hunt.md cls= wrapper=false embed=null sizer=true connected=true kids=P.,P.,H2.,P.,P. hasSizerDesc=false parents=DIV.dc-description>DIV.>DIV.>DIV.>DIV.block-language-datacorejsx>DIV.el-pre
13:11:33.464 V schedule render {"reason":"postprocessor","sourcePath":"Notes/Beast Hunt.md","hadPendingTimer":true,"sizerChildren":5}
13:11:33.464 PP Notes/Incendiary Dreams.md cls= wrapper=false embed=null sizer=true connected=true kids=P.,P.,H2.,P. hasSizerDesc=false parents=DIV.dc-description>DIV.>DIV.>DIV.>DIV.block-language-datacorejsx>DIV.el-pre
13:11:33.464 V schedule render {"reason":"postprocessor","sourcePath":"Notes/Incendiary Dreams.md","hadPendingTimer":true,"sizerChildren":5}
13:11:33.480 V render start {"reason":"postprocessor","token":14,"sourceHint":"Notes/Incendiary Dreams.md","sizerConnected":true,"sizerChildren":5}
13:11:33.480 V render found no marker regions {"sourcePath":"Notes/Incendiary Dreams.md"}
13:11:37.133 PP 🌎 Ekoris.md cls=el-pre mod-frontmatter mod-ui wrapper=false embed=null sizer=false connected=false kids=PRE.frontmatter hasSizerDesc=false parents=
13:11:37.133 V schedule render {"reason":"postprocessor","sourcePath":"🌎 Ekoris.md","hadPendingTimer":false,"sizerChildren":0}
13:11:37.134 PP 🌎 Ekoris.md cls=el-h1 wrapper=false embed=null sizer=false connected=false kids=H1. hasSizerDesc=false parents=
13:11:37.134 V schedule render {"reason":"postprocessor","sourcePath":"🌎 Ekoris.md","hadPendingTimer":true,"sizerChildren":0}
13:11:37.134 PP 🌎 Ekoris.md cls=el-p wrapper=false embed=null sizer=false connected=false kids=P. hasSizerDesc=false parents=
13:11:37.134 V schedule render {"reason":"postprocessor","sourcePath":"🌎 Ekoris.md","hadPendingTimer":true,"sizerChildren":0}
13:11:37.134 PP 🌎 Ekoris.md cls=el-p wrapper=false embed=null sizer=false connected=false kids=P. hasSizerDesc=false parents=
13:11:37.134 V schedule render {"reason":"postprocessor","sourcePath":"🌎 Ekoris.md","hadPendingTimer":true,"sizerChildren":0}
13:11:37.135 PP 🌎 Ekoris.md cls=el-p wrapper=false embed=null sizer=false connected=false kids=P. hasSizerDesc=false parents=
13:11:37.135 V schedule render {"reason":"postprocessor","sourcePath":"🌎 Ekoris.md","hadPendingTimer":true,"sizerChildren":0}
13:11:37.135 PP 🌎 Ekoris.md cls=el-p wrapper=false embed=null sizer=false connected=false kids=P. hasSizerDesc=false parents=
13:11:37.135 V schedule render {"reason":"postprocessor","sourcePath":"🌎 Ekoris.md","hadPendingTimer":true,"sizerChildren":0}
13:11:37.135 PP 🌎 Ekoris.md cls=el-p wrapper=false embed=null sizer=false connected=false kids=P. hasSizerDesc=false parents=
13:11:37.135 V schedule render {"reason":"postprocessor","sourcePath":"🌎 Ekoris.md","hadPendingTimer":true,"sizerChildren":0}
13:11:37.136 PP 🌎 Ekoris.md cls=el-p wrapper=false embed=null sizer=false connected=false kids=P. hasSizerDesc=false parents=
13:11:37.136 V schedule render {"reason":"postprocessor","sourcePath":"🌎 Ekoris.md","hadPendingTimer":true,"sizerChildren":0}
13:11:37.136 PP 🌎 Ekoris.md cls=el-p wrapper=false embed=null sizer=false connected=false kids=P. hasSizerDesc=false parents=
13:11:37.136 V schedule render {"reason":"postprocessor","sourcePath":"🌎 Ekoris.md","hadPendingTimer":true,"sizerChildren":0}
13:11:37.137 PP 🌎 Ekoris.md cls=el-table wrapper=false embed=null sizer=false connected=false kids=TABLE. hasSizerDesc=false parents=
13:11:37.137 V schedule render {"reason":"postprocessor","sourcePath":"🌎 Ekoris.md","hadPendingTimer":true,"sizerChildren":0}
13:11:37.138 PP 🌎 Ekoris.md cls=el-pre wrapper=false embed=null sizer=false connected=false kids=DIV.block-language-datacorejsx hasSizerDesc=false parents=
13:11:37.138 V schedule render {"reason":"postprocessor","sourcePath":"🌎 Ekoris.md","hadPendingTimer":true,"sizerChildren":0}
13:11:37.148 V render start {"reason":"postprocessor","token":15,"sourceHint":"🌎 Ekoris.md","sizerConnected":true,"sizerChildren":14}
13:11:37.148 V render found no marker regions {"sourcePath":"🌎 Ekoris.md"}
13:11:37.151 V schedule render {"reason":"layout-change","sourcePath":"🌎 Ekoris.md","hadPendingTimer":false,"sizerChildren":14}
13:11:37.171 PP Notes/Astya.md cls= wrapper=false embed=null sizer=true connected=true kids=P.,P.,P. hasSizerDesc=false parents=DIV.dc-description>DIV.>DIV.>DIV.block-language-datacorejsx>DIV.el-pre>DIV.markdown-preview-sizer.markdown-preview-section
13:11:37.171 V schedule render {"reason":"postprocessor","sourcePath":"Notes/Astya.md","hadPendingTimer":true,"sizerChildren":14}
13:11:37.172 PP Notes/Garotha.md cls= wrapper=false embed=null sizer=true connected=true kids=P.,P.,P. hasSizerDesc=false parents=DIV.dc-description>DIV.>DIV.>DIV.block-language-datacorejsx>DIV.el-pre>DIV.markdown-preview-sizer.markdown-preview-section
13:11:37.172 V schedule render {"reason":"postprocessor","sourcePath":"Notes/Garotha.md","hadPendingTimer":true,"sizerChildren":14}
13:11:37.172 PP Notes/Harath.md cls= wrapper=false embed=null sizer=true connected=true kids=P.,P.,P.,P.,P. hasSizerDesc=false parents=DIV.dc-description>DIV.>DIV.>DIV.block-language-datacorejsx>DIV.el-pre>DIV.markdown-preview-sizer.markdown-preview-section
13:11:37.172 V schedule render {"reason":"postprocessor","sourcePath":"Notes/Harath.md","hadPendingTimer":true,"sizerChildren":14}
13:11:37.173 PP Notes/Illithia.md cls= wrapper=false embed=null sizer=true connected=true kids=P.,P.,P. hasSizerDesc=false parents=DIV.dc-description>DIV.>DIV.>DIV.block-language-datacorejsx>DIV.el-pre>DIV.markdown-preview-sizer.markdown-preview-section
13:11:37.173 V schedule render {"reason":"postprocessor","sourcePath":"Notes/Illithia.md","hadPendingTimer":true,"sizerChildren":14}
13:11:37.173 PP Notes/Isle of Rivers.md cls= wrapper=false embed=null sizer=true connected=true kids=P.,P.,P. hasSizerDesc=false parents=DIV.dc-description>DIV.>DIV.>DIV.block-language-datacorejsx>DIV.el-pre>DIV.markdown-preview-sizer.markdown-preview-section
13:11:37.173 V schedule render {"reason":"postprocessor","sourcePath":"Notes/Isle of Rivers.md","hadPendingTimer":true,"sizerChildren":14}
13:11:37.174 PP Notes/Na-Boa.md cls= wrapper=false embed=null sizer=true connected=true kids=P.,P.,P. hasSizerDesc=false parents=DIV.dc-description>DIV.>DIV.>DIV.block-language-datacorejsx>DIV.el-pre>DIV.markdown-preview-sizer.markdown-preview-section
13:11:37.174 V schedule render {"reason":"postprocessor","sourcePath":"Notes/Na-Boa.md","hadPendingTimer":true,"sizerChildren":14}
13:11:37.175 PP Notes/Tasnan.md cls= wrapper=false embed=null sizer=true connected=true kids=P.,P.,P.,P.,P.,P.,P.,P.,P. hasSizerDesc=false parents=DIV.dc-description>DIV.>DIV.>DIV.block-language-datacorejsx>DIV.el-pre>DIV.markdown-preview-sizer.markdown-preview-section
13:11:37.175 V schedule render {"reason":"postprocessor","sourcePath":"Notes/Tasnan.md","hadPendingTimer":true,"sizerChildren":14}
13:11:37.175 PP Notes/The Bodin Union.md cls= wrapper=false embed=null sizer=true connected=true kids=P.,P.,P. hasSizerDesc=false parents=DIV.dc-description>DIV.>DIV.>DIV.block-language-datacorejsx>DIV.el-pre>DIV.markdown-preview-sizer.markdown-preview-section
13:11:37.175 V schedule render {"reason":"postprocessor","sourcePath":"Notes/The Bodin Union.md","hadPendingTimer":true,"sizerChildren":14}
13:11:37.176 PP Notes/The Breezes.md cls= wrapper=false embed=null sizer=true connected=true kids=P.,P.,P.,P. hasSizerDesc=false parents=DIV.dc-description>DIV.>DIV.>DIV.block-language-datacorejsx>DIV.el-pre>DIV.markdown-preview-sizer.markdown-preview-section
13:11:37.176 V schedule render {"reason":"postprocessor","sourcePath":"Notes/The Breezes.md","hadPendingTimer":true,"sizerChildren":14}
13:11:37.177 PP Notes/The Hassan Dynasty.md cls= wrapper=false embed=null sizer=true connected=true kids=P.,P.,P.,P.,P.,P. hasSizerDesc=false parents=DIV.dc-description>DIV.>DIV.>DIV.block-language-datacorejsx>DIV.el-pre>DIV.markdown-preview-sizer.markdown-preview-section
13:11:37.177 V schedule render {"reason":"postprocessor","sourcePath":"Notes/The Hassan Dynasty.md","hadPendingTimer":true,"sizerChildren":14}
13:11:37.177 V render start {"reason":"postprocessor","token":16,"sourceHint":"Notes/The Hassan Dynasty.md","sizerConnected":true,"sizerChildren":14}
13:11:37.177 V render found no marker regions {"sourcePath":"Notes/The Hassan Dynasty.md"}
13:11:47.888 PP 🏠 Home.md cls=el-h1 wrapper=false embed=null sizer=false connected=false kids=H1. hasSizerDesc=false parents=
13:11:47.888 V schedule render {"reason":"postprocessor","sourcePath":"🏠 Home.md","hadPendingTimer":false,"sizerChildren":0}
13:11:47.890 V render start {"reason":"postprocessor","token":17,"sourceHint":"🏠 Home.md","sizerConnected":true,"sizerChildren":4}
13:11:47.890 V render found no marker regions {"sourcePath":"🏠 Home.md"}
13:11:47.898 V schedule render {"reason":"layout-change","sourcePath":"🏠 Home.md","hadPendingTimer":false,"sizerChildren":4}
13:11:48.048 V render start {"reason":"layout-change","token":18,"sourceHint":"🏠 Home.md","sizerConnected":true,"sizerChildren":4}
13:11:48.049 V render found no marker regions {"sourcePath":"🏠 Home.md"}
13:11:48.528 PP 🌎 Ekoris.md cls=el-pre mod-frontmatter mod-ui wrapper=false embed=null sizer=false connected=false kids=PRE.frontmatter hasSizerDesc=false parents=
13:11:48.528 V schedule render {"reason":"postprocessor","sourcePath":"🌎 Ekoris.md","hadPendingTimer":false,"sizerChildren":0}
13:11:48.528 PP 🌎 Ekoris.md cls=el-h1 wrapper=false embed=null sizer=false connected=false kids=H1. hasSizerDesc=false parents=
13:11:48.528 V schedule render {"reason":"postprocessor","sourcePath":"🌎 Ekoris.md","hadPendingTimer":true,"sizerChildren":0}
13:11:48.528 PP 🌎 Ekoris.md cls=el-p wrapper=false embed=null sizer=false connected=false kids=P. hasSizerDesc=false parents=
13:11:48.528 V schedule render {"reason":"postprocessor","sourcePath":"🌎 Ekoris.md","hadPendingTimer":true,"sizerChildren":0}
13:11:48.529 PP 🌎 Ekoris.md cls=el-p wrapper=false embed=null sizer=false connected=false kids=P. hasSizerDesc=false parents=
13:11:48.529 V schedule render {"reason":"postprocessor","sourcePath":"🌎 Ekoris.md","hadPendingTimer":true,"sizerChildren":0}
13:11:48.529 PP 🌎 Ekoris.md cls=el-p wrapper=false embed=null sizer=false connected=false kids=P. hasSizerDesc=false parents=
13:11:48.529 V schedule render {"reason":"postprocessor","sourcePath":"🌎 Ekoris.md","hadPendingTimer":true,"sizerChildren":0}
13:11:48.529 PP 🌎 Ekoris.md cls=el-p wrapper=false embed=null sizer=false connected=false kids=P. hasSizerDesc=false parents=
13:11:48.529 V schedule render {"reason":"postprocessor","sourcePath":"🌎 Ekoris.md","hadPendingTimer":true,"sizerChildren":0}
13:11:48.530 PP 🌎 Ekoris.md cls=el-p wrapper=false embed=null sizer=false connected=false kids=P. hasSizerDesc=false parents=
13:11:48.530 V schedule render {"reason":"postprocessor","sourcePath":"🌎 Ekoris.md","hadPendingTimer":true,"sizerChildren":0}
13:11:48.530 PP 🌎 Ekoris.md cls=el-p wrapper=false embed=null sizer=false connected=false kids=P. hasSizerDesc=false parents=
13:11:48.530 V schedule render {"reason":"postprocessor","sourcePath":"🌎 Ekoris.md","hadPendingTimer":true,"sizerChildren":0}
13:11:48.530 PP 🌎 Ekoris.md cls=el-p wrapper=false embed=null sizer=false connected=false kids=P. hasSizerDesc=false parents=
13:11:48.530 V schedule render {"reason":"postprocessor","sourcePath":"🌎 Ekoris.md","hadPendingTimer":true,"sizerChildren":0}
13:11:48.531 PP 🌎 Ekoris.md cls=el-table wrapper=false embed=null sizer=false connected=false kids=TABLE. hasSizerDesc=false parents=
13:11:48.531 V schedule render {"reason":"postprocessor","sourcePath":"🌎 Ekoris.md","hadPendingTimer":true,"sizerChildren":0}
13:11:48.532 PP 🌎 Ekoris.md cls=el-pre wrapper=false embed=null sizer=false connected=false kids=DIV.block-language-datacorejsx hasSizerDesc=false parents=
13:11:48.532 V schedule render {"reason":"postprocessor","sourcePath":"🌎 Ekoris.md","hadPendingTimer":true,"sizerChildren":0}
13:11:48.547 V render start {"reason":"postprocessor","token":19,"sourceHint":"🌎 Ekoris.md","sizerConnected":true,"sizerChildren":14}
13:11:48.547 V render found no marker regions {"sourcePath":"🌎 Ekoris.md"}
13:11:48.550 V schedule render {"reason":"layout-change","sourcePath":"🌎 Ekoris.md","hadPendingTimer":false,"sizerChildren":14}
13:11:48.566 PP Notes/Astya.md cls= wrapper=false embed=null sizer=true connected=true kids=P.,P.,P. hasSizerDesc=false parents=DIV.dc-description>DIV.>DIV.>DIV.block-language-datacorejsx>DIV.el-pre>DIV.markdown-preview-sizer.markdown-preview-section
13:11:48.566 V schedule render {"reason":"postprocessor","sourcePath":"Notes/Astya.md","hadPendingTimer":true,"sizerChildren":14}
13:11:48.567 PP Notes/Garotha.md cls= wrapper=false embed=null sizer=true connected=true kids=P.,P.,P. hasSizerDesc=false parents=DIV.dc-description>DIV.>DIV.>DIV.block-language-datacorejsx>DIV.el-pre>DIV.markdown-preview-sizer.markdown-preview-section
13:11:48.567 V schedule render {"reason":"postprocessor","sourcePath":"Notes/Garotha.md","hadPendingTimer":true,"sizerChildren":14}
13:11:48.568 PP Notes/Harath.md cls= wrapper=false embed=null sizer=true connected=true kids=P.,P.,P.,P.,P. hasSizerDesc=false parents=DIV.dc-description>DIV.>DIV.>DIV.block-language-datacorejsx>DIV.el-pre>DIV.markdown-preview-sizer.markdown-preview-section
13:11:48.568 V schedule render {"reason":"postprocessor","sourcePath":"Notes/Harath.md","hadPendingTimer":true,"sizerChildren":14}
13:11:48.568 PP Notes/Illithia.md cls= wrapper=false embed=null sizer=true connected=true kids=P.,P.,P. hasSizerDesc=false parents=DIV.dc-description>DIV.>DIV.>DIV.block-language-datacorejsx>DIV.el-pre>DIV.markdown-preview-sizer.markdown-preview-section
13:11:48.568 V schedule render {"reason":"postprocessor","sourcePath":"Notes/Illithia.md","hadPendingTimer":true,"sizerChildren":14}
13:11:48.569 PP Notes/Isle of Rivers.md cls= wrapper=false embed=null sizer=true connected=true kids=P.,P.,P. hasSizerDesc=false parents=DIV.dc-description>DIV.>DIV.>DIV.block-language-datacorejsx>DIV.el-pre>DIV.markdown-preview-sizer.markdown-preview-section
13:11:48.569 V schedule render {"reason":"postprocessor","sourcePath":"Notes/Isle of Rivers.md","hadPendingTimer":true,"sizerChildren":14}
13:11:48.570 PP Notes/Na-Boa.md cls= wrapper=false embed=null sizer=true connected=true kids=P.,P.,P. hasSizerDesc=false parents=DIV.dc-description>DIV.>DIV.>DIV.block-language-datacorejsx>DIV.el-pre>DIV.markdown-preview-sizer.markdown-preview-section
13:11:48.570 V schedule render {"reason":"postprocessor","sourcePath":"Notes/Na-Boa.md","hadPendingTimer":true,"sizerChildren":14}
13:11:48.571 PP Notes/Tasnan.md cls= wrapper=false embed=null sizer=true connected=true kids=P.,P.,P.,P.,P.,P.,P.,P.,P. hasSizerDesc=false parents=DIV.dc-description>DIV.>DIV.>DIV.block-language-datacorejsx>DIV.el-pre>DIV.markdown-preview-sizer.markdown-preview-section
13:11:48.571 V schedule render {"reason":"postprocessor","sourcePath":"Notes/Tasnan.md","hadPendingTimer":true,"sizerChildren":14}
13:11:48.571 PP Notes/The Bodin Union.md cls= wrapper=false embed=null sizer=true connected=true kids=P.,P.,P. hasSizerDesc=false parents=DIV.dc-description>DIV.>DIV.>DIV.block-language-datacorejsx>DIV.el-pre>DIV.markdown-preview-sizer.markdown-preview-section
13:11:48.571 V schedule render {"reason":"postprocessor","sourcePath":"Notes/The Bodin Union.md","hadPendingTimer":true,"sizerChildren":14}
13:11:48.572 PP Notes/The Breezes.md cls= wrapper=false embed=null sizer=true connected=true kids=P.,P.,P.,P. hasSizerDesc=false parents=DIV.dc-description>DIV.>DIV.>DIV.block-language-datacorejsx>DIV.el-pre>DIV.markdown-preview-sizer.markdown-preview-section
13:11:48.572 V schedule render {"reason":"postprocessor","sourcePath":"Notes/The Breezes.md","hadPendingTimer":true,"sizerChildren":14}
13:11:48.574 PP Notes/The Hassan Dynasty.md cls= wrapper=false embed=null sizer=true connected=true kids=P.,P.,P.,P.,P.,P. hasSizerDesc=false parents=DIV.dc-description>DIV.>DIV.>DIV.block-language-datacorejsx>DIV.el-pre>DIV.markdown-preview-sizer.markdown-preview-section
13:11:48.574 V schedule render {"reason":"postprocessor","sourcePath":"Notes/The Hassan Dynasty.md","hadPendingTimer":true,"sizerChildren":14}
13:11:48.579 V render start {"reason":"postprocessor","token":20,"sourceHint":"Notes/The Hassan Dynasty.md","sizerConnected":true,"sizerChildren":14}
13:11:48.579 V render found no marker regions {"sourcePath":"Notes/The Hassan Dynasty.md"}
13:11:51.669 PP 🌎 Ekoris.md cls=table-cell-wrapper wrapper=false embed=null sizer=false connected=false kids= hasSizerDesc=false parents=TH.>TR.>THEAD.>TABLE.table-editor
13:11:51.669 V schedule render {"reason":"postprocessor","sourcePath":"🌎 Ekoris.md","hadPendingTimer":false,"sizerChildren":14}
13:11:51.669 PP 🌎 Ekoris.md cls=table-cell-wrapper wrapper=false embed=null sizer=false connected=false kids= hasSizerDesc=false parents=TH.>TR.>THEAD.>TABLE.table-editor
13:11:51.669 V schedule render {"reason":"postprocessor","sourcePath":"🌎 Ekoris.md","hadPendingTimer":true,"sizerChildren":14}
13:11:51.669 PP 🌎 Ekoris.md cls=table-cell-wrapper wrapper=false embed=null sizer=false connected=false kids= hasSizerDesc=false parents=TH.>TR.>THEAD.>TABLE.table-editor
13:11:51.669 V schedule render {"reason":"postprocessor","sourcePath":"🌎 Ekoris.md","hadPendingTimer":true,"sizerChildren":14}
13:11:51.669 PP 🌎 Ekoris.md cls=table-cell-wrapper wrapper=false embed=null sizer=false connected=false kids= hasSizerDesc=false parents=TD.>TR.>TBODY.>TABLE.table-editor
13:11:51.669 V schedule render {"reason":"postprocessor","sourcePath":"🌎 Ekoris.md","hadPendingTimer":true,"sizerChildren":14}
13:11:51.669 PP 🌎 Ekoris.md cls=table-cell-wrapper wrapper=false embed=null sizer=false connected=false kids= hasSizerDesc=false parents=TD.>TR.>TBODY.>TABLE.table-editor
13:11:51.669 V schedule render {"reason":"postprocessor","sourcePath":"🌎 Ekoris.md","hadPendingTimer":true,"sizerChildren":14}
13:11:51.669 PP 🌎 Ekoris.md cls=table-cell-wrapper wrapper=false embed=null sizer=false connected=false kids= hasSizerDesc=false parents=TD.>TR.>TBODY.>TABLE.table-editor
13:11:51.669 V schedule render {"reason":"postprocessor","sourcePath":"🌎 Ekoris.md","hadPendingTimer":true,"sizerChildren":14}
13:11:51.669 PP 🌎 Ekoris.md cls=table-cell-wrapper wrapper=false embed=null sizer=false connected=false kids= hasSizerDesc=false parents=TD.>TR.>TBODY.>TABLE.table-editor
13:11:51.669 V schedule render {"reason":"postprocessor","sourcePath":"🌎 Ekoris.md","hadPendingTimer":true,"sizerChildren":14}
13:11:51.670 PP 🌎 Ekoris.md cls=table-cell-wrapper wrapper=false embed=null sizer=false connected=false kids= hasSizerDesc=false parents=TD.>TR.>TBODY.>TABLE.table-editor
13:11:51.670 V schedule render {"reason":"postprocessor","sourcePath":"🌎 Ekoris.md","hadPendingTimer":true,"sizerChildren":14}
13:11:51.670 PP 🌎 Ekoris.md cls=table-cell-wrapper wrapper=false embed=null sizer=false connected=false kids= hasSizerDesc=false parents=TD.>TR.>TBODY.>TABLE.table-editor
13:11:51.670 V schedule render {"reason":"postprocessor","sourcePath":"🌎 Ekoris.md","hadPendingTimer":true,"sizerChildren":14}
13:11:51.670 PP 🌎 Ekoris.md cls=table-cell-wrapper wrapper=false embed=null sizer=false connected=false kids= hasSizerDesc=false parents=TD.>TR.>TBODY.>TABLE.table-editor
13:11:51.670 V schedule render {"reason":"postprocessor","sourcePath":"🌎 Ekoris.md","hadPendingTimer":true,"sizerChildren":14}
13:11:51.670 PP 🌎 Ekoris.md cls=table-cell-wrapper wrapper=false embed=null sizer=false connected=false kids= hasSizerDesc=false parents=TD.>TR.>TBODY.>TABLE.table-editor
13:11:51.670 V schedule render {"reason":"postprocessor","sourcePath":"🌎 Ekoris.md","hadPendingTimer":true,"sizerChildren":14}
13:11:51.670 PP 🌎 Ekoris.md cls=table-cell-wrapper wrapper=false embed=null sizer=false connected=false kids= hasSizerDesc=false parents=TD.>TR.>TBODY.>TABLE.table-editor
13:11:51.670 V schedule render {"reason":"postprocessor","sourcePath":"🌎 Ekoris.md","hadPendingTimer":true,"sizerChildren":14}
13:11:51.670 PP 🌎 Ekoris.md cls=table-cell-wrapper wrapper=false embed=null sizer=false connected=false kids= hasSizerDesc=false parents=TD.>TR.>TBODY.>TABLE.table-editor
13:11:51.670 V schedule render {"reason":"postprocessor","sourcePath":"🌎 Ekoris.md","hadPendingTimer":true,"sizerChildren":14}
13:11:51.670 PP 🌎 Ekoris.md cls=table-cell-wrapper wrapper=false embed=null sizer=false connected=false kids= hasSizerDesc=false parents=TD.>TR.>TBODY.>TABLE.table-editor
13:11:51.670 V schedule render {"reason":"postprocessor","sourcePath":"🌎 Ekoris.md","hadPendingTimer":true,"sizerChildren":14}
13:11:51.670 PP 🌎 Ekoris.md cls=table-cell-wrapper wrapper=false embed=null sizer=false connected=false kids=BR.,BR.,BR. hasSizerDesc=false parents=TD.>TR.>TBODY.>TABLE.table-editor
13:11:51.670 V schedule render {"reason":"postprocessor","sourcePath":"🌎 Ekoris.md","hadPendingTimer":true,"sizerChildren":14}
13:11:51.687 V render start {"reason":"postprocessor","token":21,"sourceHint":"🌎 Ekoris.md","sizerConnected":true,"sizerChildren":14}
13:11:51.687 V render found no marker regions {"sourcePath":"🌎 Ekoris.md"}
13:11:51.692 V schedule render {"reason":"layout-change","sourcePath":"🌎 Ekoris.md","hadPendingTimer":false,"sizerChildren":14}
13:11:51.709 PP Notes/Astya.md cls= wrapper=false embed=null sizer=false connected=false kids=P.,P.,P. hasSizerDesc=false parents=DIV.dc-description>DIV.>DIV.>DIV.block-language-datacorejsx>DIV.cm-preview-code-block.cm-embed-block.markdown-rendered.cm-la
13:11:51.709 PP Notes/Garotha.md cls= wrapper=false embed=null sizer=false connected=false kids=P.,P.,P. hasSizerDesc=false parents=DIV.dc-description>DIV.>DIV.>DIV.block-language-datacorejsx>DIV.cm-preview-code-block.cm-embed-block.markdown-rendered.cm-la
13:11:51.710 PP Notes/Harath.md cls= wrapper=false embed=null sizer=false connected=false kids=P.,P.,P.,P.,P. hasSizerDesc=false parents=DIV.dc-description>DIV.>DIV.>DIV.block-language-datacorejsx>DIV.cm-preview-code-block.cm-embed-block.markdown-rendered.cm-la
13:11:51.710 PP Notes/Illithia.md cls= wrapper=false embed=null sizer=false connected=false kids=P.,P.,P. hasSizerDesc=false parents=DIV.dc-description>DIV.>DIV.>DIV.block-language-datacorejsx>DIV.cm-preview-code-block.cm-embed-block.markdown-rendered.cm-la
13:11:51.710 PP Notes/Isle of Rivers.md cls= wrapper=false embed=null sizer=false connected=false kids=P.,P.,P. hasSizerDesc=false parents=DIV.dc-description>DIV.>DIV.>DIV.block-language-datacorejsx>DIV.cm-preview-code-block.cm-embed-block.markdown-rendered.cm-la
13:11:51.711 PP Notes/Na-Boa.md cls= wrapper=false embed=null sizer=false connected=false kids=P.,P.,P. hasSizerDesc=false parents=DIV.dc-description>DIV.>DIV.>DIV.block-language-datacorejsx>DIV.cm-preview-code-block.cm-embed-block.markdown-rendered.cm-la
13:11:51.713 PP Notes/Tasnan.md cls= wrapper=false embed=null sizer=false connected=false kids=P.,P.,P.,P.,P.,P.,P.,P.,P. hasSizerDesc=false parents=DIV.dc-description>DIV.>DIV.>DIV.block-language-datacorejsx>DIV.cm-preview-code-block.cm-embed-block.markdown-rendered.cm-la
13:11:51.713 PP Notes/The Bodin Union.md cls= wrapper=false embed=null sizer=false connected=false kids=P.,P.,P. hasSizerDesc=false parents=DIV.dc-description>DIV.>DIV.>DIV.block-language-datacorejsx>DIV.cm-preview-code-block.cm-embed-block.markdown-rendered.cm-la
13:11:51.714 PP Notes/The Breezes.md cls= wrapper=false embed=null sizer=false connected=false kids=P.,P.,P.,P. hasSizerDesc=false parents=DIV.dc-description>DIV.>DIV.>DIV.block-language-datacorejsx>DIV.cm-preview-code-block.cm-embed-block.markdown-rendered.cm-la
13:11:51.715 PP Notes/The Hassan Dynasty.md cls= wrapper=false embed=null sizer=false connected=false kids=P.,P.,P.,P.,P.,P. hasSizerDesc=false parents=DIV.dc-description>DIV.>DIV.>DIV.block-language-datacorejsx>DIV.cm-preview-code-block.cm-embed-block.markdown-rendered.cm-la
13:11:51.842 V render start {"reason":"layout-change","token":22,"sourceHint":"🌎 Ekoris.md","sizerConnected":true,"sizerChildren":14}
13:11:51.842 V render found no marker regions {"sourcePath":"🌎 Ekoris.md"}
13:11:59.560 V schedule render {"reason":"file-modified","sourcePath":"🌎 Ekoris.md","hadPendingTimer":false,"sizerChildren":14}
13:11:59.712 V render start {"reason":"file-modified","token":23,"sourceHint":"🌎 Ekoris.md","sizerConnected":true,"sizerChildren":14}
13:11:59.712 V render found no marker regions {"sourcePath":"🌎 Ekoris.md"}
13:12:01.773 V schedule render {"reason":"file-modified","sourcePath":"🌎 Ekoris.md","hadPendingTimer":false,"sizerChildren":14}
13:12:01.924 V render start {"reason":"file-modified","token":24,"sourceHint":"🌎 Ekoris.md","sizerConnected":true,"sizerChildren":14}
13:12:01.924 V render found no marker regions {"sourcePath":"🌎 Ekoris.md"}
13:12:03.845 V schedule render {"reason":"file-modified","sourcePath":"🌎 Ekoris.md","hadPendingTimer":false,"sizerChildren":14}
13:12:03.996 V render start {"reason":"file-modified","token":25,"sourceHint":"🌎 Ekoris.md","sizerConnected":true,"sizerChildren":14}
13:12:03.996 V render found no marker regions {"sourcePath":"🌎 Ekoris.md"}
13:12:05.912 V schedule render {"reason":"file-modified","sourcePath":"🌎 Ekoris.md","hadPendingTimer":false,"sizerChildren":14}
13:12:06.063 V render start {"reason":"file-modified","token":26,"sourceHint":"🌎 Ekoris.md","sizerConnected":true,"sizerChildren":14}
13:12:06.063 V render found no marker regions {"sourcePath":"🌎 Ekoris.md"}
13:12:08.916 V schedule render {"reason":"file-modified","sourcePath":"🌎 Ekoris.md","hadPendingTimer":false,"sizerChildren":14}
13:12:09.067 V render start {"reason":"file-modified","token":27,"sourceHint":"🌎 Ekoris.md","sizerConnected":true,"sizerChildren":14}
13:12:09.067 V render found no marker regions {"sourcePath":"🌎 Ekoris.md"}
13:12:14.667 PP Notes/Astya.md cls= wrapper=false embed=null sizer=false connected=true kids=P.,P.,P. hasSizerDesc=false parents=DIV.dc-description>DIV.>DIV.>DIV.block-language-datacorejsx>DIV.cm-preview-code-block.cm-embed-block.markdown-rendered.cm-la>DIV.cm-content.cm-lineWrapping
13:12:14.668 PP Notes/Garotha.md cls= wrapper=false embed=null sizer=false connected=true kids=P.,P.,P. hasSizerDesc=false parents=DIV.dc-description>DIV.>DIV.>DIV.block-language-datacorejsx>DIV.cm-preview-code-block.cm-embed-block.markdown-rendered.cm-la>DIV.cm-content.cm-lineWrapping
13:12:14.669 PP Notes/Harath.md cls= wrapper=false embed=null sizer=false connected=true kids=P.,P.,P.,P.,P. hasSizerDesc=false parents=DIV.dc-description>DIV.>DIV.>DIV.block-language-datacorejsx>DIV.cm-preview-code-block.cm-embed-block.markdown-rendered.cm-la>DIV.cm-content.cm-lineWrapping
13:12:14.669 PP Notes/Illithia.md cls= wrapper=false embed=null sizer=false connected=true kids=P.,P.,P. hasSizerDesc=false parents=DIV.dc-description>DIV.>DIV.>DIV.block-language-datacorejsx>DIV.cm-preview-code-block.cm-embed-block.markdown-rendered.cm-la>DIV.cm-content.cm-lineWrapping
13:12:14.670 PP Notes/Isle of Rivers.md cls= wrapper=false embed=null sizer=false connected=true kids=P.,P.,P. hasSizerDesc=false parents=DIV.dc-description>DIV.>DIV.>DIV.block-language-datacorejsx>DIV.cm-preview-code-block.cm-embed-block.markdown-rendered.cm-la>DIV.cm-content.cm-lineWrapping
13:12:14.671 PP Notes/Na-Boa.md cls= wrapper=false embed=null sizer=false connected=true kids=P.,P.,P. hasSizerDesc=false parents=DIV.dc-description>DIV.>DIV.>DIV.block-language-datacorejsx>DIV.cm-preview-code-block.cm-embed-block.markdown-rendered.cm-la>DIV.cm-content.cm-lineWrapping
13:12:14.672 PP Notes/Tasnan.md cls= wrapper=false embed=null sizer=false connected=true kids=P.,P.,P.,P.,P.,P.,P.,P.,P. hasSizerDesc=false parents=DIV.dc-description>DIV.>DIV.>DIV.block-language-datacorejsx>DIV.cm-preview-code-block.cm-embed-block.markdown-rendered.cm-la>DIV.cm-content.cm-lineWrapping
13:12:14.673 PP Notes/The Bodin Union.md cls= wrapper=false embed=null sizer=false connected=true kids=P.,P.,P. hasSizerDesc=false parents=DIV.dc-description>DIV.>DIV.>DIV.block-language-datacorejsx>DIV.cm-preview-code-block.cm-embed-block.markdown-rendered.cm-la>DIV.cm-content.cm-lineWrapping
13:12:14.673 PP Notes/The Breezes.md cls= wrapper=false embed=null sizer=false connected=true kids=P.,P.,P.,P. hasSizerDesc=false parents=DIV.dc-description>DIV.>DIV.>DIV.block-language-datacorejsx>DIV.cm-preview-code-block.cm-embed-block.markdown-rendered.cm-la>DIV.cm-content.cm-lineWrapping
13:12:14.674 PP Notes/The Hassan Dynasty.md cls= wrapper=false embed=null sizer=false connected=true kids=P.,P.,P.,P.,P.,P. hasSizerDesc=false parents=DIV.dc-description>DIV.>DIV.>DIV.block-language-datacorejsx>DIV.cm-preview-code-block.cm-embed-block.markdown-rendered.cm-la>DIV.cm-content.cm-lineWrapping
13:12:16.642 V schedule render {"reason":"file-modified","sourcePath":"🌎 Ekoris.md","hadPendingTimer":false,"sizerChildren":14}
13:12:16.793 V render start {"reason":"file-modified","token":28,"sourceHint":"🌎 Ekoris.md","sizerConnected":true,"sizerChildren":14}
13:12:16.793 V render found no marker regions {"sourcePath":"🌎 Ekoris.md"}
13:12:23.790 V schedule render {"reason":"file-modified","sourcePath":"🌎 Ekoris.md","hadPendingTimer":false,"sizerChildren":14}
13:12:23.942 V render start {"reason":"file-modified","token":29,"sourceHint":"🌎 Ekoris.md","sizerConnected":true,"sizerChildren":14}
13:12:23.942 V render found no marker regions {"sourcePath":"🌎 Ekoris.md"}
13:12:27.365 V schedule render {"reason":"file-modified","sourcePath":"🌎 Ekoris.md","hadPendingTimer":false,"sizerChildren":14}
13:12:27.517 V render start {"reason":"file-modified","token":30,"sourceHint":"🌎 Ekoris.md","sizerConnected":true,"sizerChildren":14}
13:12:27.517 V render found no marker regions {"sourcePath":"🌎 Ekoris.md"}
13:12:43.675 PP Notes/Astya.md cls= wrapper=false embed=null sizer=false connected=true kids=P.,P.,P. hasSizerDesc=false parents=DIV.dc-description>DIV.>DIV.>DIV.block-language-datacorejsx>DIV.cm-preview-code-block.cm-embed-block.markdown-rendered.cm-la>DIV.cm-content.cm-lineWrapping
13:12:43.675 PP Notes/Garotha.md cls= wrapper=false embed=null sizer=false connected=true kids=P.,P.,P. hasSizerDesc=false parents=DIV.dc-description>DIV.>DIV.>DIV.block-language-datacorejsx>DIV.cm-preview-code-block.cm-embed-block.markdown-rendered.cm-la>DIV.cm-content.cm-lineWrapping
13:12:43.676 PP Notes/Harath.md cls= wrapper=false embed=null sizer=false connected=true kids=P.,P.,P.,P.,P. hasSizerDesc=false parents=DIV.dc-description>DIV.>DIV.>DIV.block-language-datacorejsx>DIV.cm-preview-code-block.cm-embed-block.markdown-rendered.cm-la>DIV.cm-content.cm-lineWrapping
13:12:43.676 PP Notes/Illithia.md cls= wrapper=false embed=null sizer=false connected=true kids=P.,P.,P. hasSizerDesc=false parents=DIV.dc-description>DIV.>DIV.>DIV.block-language-datacorejsx>DIV.cm-preview-code-block.cm-embed-block.markdown-rendered.cm-la>DIV.cm-content.cm-lineWrapping
13:12:43.677 PP Notes/Isle of Rivers.md cls= wrapper=false embed=null sizer=false connected=true kids=P.,P.,P. hasSizerDesc=false parents=DIV.dc-description>DIV.>DIV.>DIV.block-language-datacorejsx>DIV.cm-preview-code-block.cm-embed-block.markdown-rendered.cm-la>DIV.cm-content.cm-lineWrapping
13:12:43.678 PP Notes/Na-Boa.md cls= wrapper=false embed=null sizer=false connected=true kids=P.,P.,P. hasSizerDesc=false parents=DIV.dc-description>DIV.>DIV.>DIV.block-language-datacorejsx>DIV.cm-preview-code-block.cm-embed-block.markdown-rendered.cm-la>DIV.cm-content.cm-lineWrapping
13:12:43.679 PP Notes/Tasnan.md cls= wrapper=false embed=null sizer=false connected=true kids=P.,P.,P.,P.,P.,P.,P.,P.,P. hasSizerDesc=false parents=DIV.dc-description>DIV.>DIV.>DIV.block-language-datacorejsx>DIV.cm-preview-code-block.cm-embed-block.markdown-rendered.cm-la>DIV.cm-content.cm-lineWrapping
13:12:43.680 PP Notes/The Bodin Union.md cls= wrapper=false embed=null sizer=false connected=true kids=P.,P.,P. hasSizerDesc=false parents=DIV.dc-description>DIV.>DIV.>DIV.block-language-datacorejsx>DIV.cm-preview-code-block.cm-embed-block.markdown-rendered.cm-la>DIV.cm-content.cm-lineWrapping
13:12:43.681 PP Notes/The Breezes.md cls= wrapper=false embed=null sizer=false connected=true kids=P.,P.,P.,P. hasSizerDesc=false parents=DIV.dc-description>DIV.>DIV.>DIV.block-language-datacorejsx>DIV.cm-preview-code-block.cm-embed-block.markdown-rendered.cm-la>DIV.cm-content.cm-lineWrapping
13:12:43.682 PP Notes/The Hassan Dynasty.md cls= wrapper=false embed=null sizer=false connected=true kids=P.,P.,P.,P.,P.,P. hasSizerDesc=false parents=DIV.dc-description>DIV.>DIV.>DIV.block-language-datacorejsx>DIV.cm-preview-code-block.cm-embed-block.markdown-rendered.cm-la>DIV.cm-content.cm-lineWrapping
13:12:48.051 V schedule render {"reason":"layout-change","sourcePath":"🌎 Ekoris.md","hadPendingTimer":false,"sizerChildren":14}
13:12:48.201 V render start {"reason":"layout-change","token":31,"sourceHint":"🌎 Ekoris.md","sizerConnected":true,"sizerChildren":14}
13:12:48.201 V render found no marker regions {"sourcePath":"🌎 Ekoris.md"}
13:12:52.417 V schedule render {"reason":"layout-change","sourcePath":"Notes/Aasimar.md","hadPendingTimer":false,"sizerChildren":0}
13:12:52.568 V render start {"reason":"layout-change","token":32,"sourceHint":"Notes/Aasimar.md","sizerConnected":true,"sizerChildren":0}
13:12:52.568 V render found no marker regions {"sourcePath":"Notes/Aasimar.md"}
13:13:11.788 V schedule render {"reason":"file-modified","sourcePath":"Notes/Aasimar.md","hadPendingTimer":false,"sizerChildren":0}
13:13:11.938 V render start {"reason":"file-modified","token":33,"sourceHint":"Notes/Aasimar.md","sizerConnected":true,"sizerChildren":0}
13:13:11.938 V render found no marker regions {"sourcePath":"Notes/Aasimar.md"}
13:13:13.399 V schedule render {"reason":"layout-change","sourcePath":"Notes/Catfolk.md","hadPendingTimer":false,"sizerChildren":0}
13:13:13.549 V render start {"reason":"layout-change","token":34,"sourceHint":"Notes/Catfolk.md","sizerConnected":true,"sizerChildren":0}
13:13:13.550 V render found no marker regions {"sourcePath":"Notes/Catfolk.md"}
13:13:14.564 V schedule render {"reason":"file-modified","sourcePath":"Notes/Catfolk.md","hadPendingTimer":false,"sizerChildren":0}
13:13:14.715 V render start {"reason":"file-modified","token":35,"sourceHint":"Notes/Catfolk.md","sizerConnected":true,"sizerChildren":0}
13:13:14.715 V render found no marker regions {"sourcePath":"Notes/Catfolk.md"}
13:13:15.669 V schedule render {"reason":"layout-change","sourcePath":"Notes/Drow.md","hadPendingTimer":false,"sizerChildren":0}
13:13:15.820 V render start {"reason":"layout-change","token":36,"sourceHint":"Notes/Drow.md","sizerConnected":true,"sizerChildren":0}
13:13:15.820 V render found no marker regions {"sourcePath":"Notes/Drow.md"}
13:13:16.695 V schedule render {"reason":"file-modified","sourcePath":"Notes/Drow.md","hadPendingTimer":false,"sizerChildren":0}
13:13:16.846 V render start {"reason":"file-modified","token":37,"sourceHint":"Notes/Drow.md","sizerConnected":true,"sizerChildren":0}
13:13:16.846 V render found no marker regions {"sourcePath":"Notes/Drow.md"}
13:13:17.715 PP Notes/Greed Sickness.md cls=el-pre mod-frontmatter mod-ui wrapper=false embed=null sizer=false connected=false kids=PRE.frontmatter hasSizerDesc=false parents=
13:13:17.715 V schedule render {"reason":"postprocessor","sourcePath":"Notes/Greed Sickness.md","hadPendingTimer":false,"sizerChildren":0}
13:13:17.715 PP Notes/Greed Sickness.md cls=el-h1 wrapper=false embed=null sizer=false connected=false kids=H1. hasSizerDesc=false parents=
13:13:17.715 V schedule render {"reason":"postprocessor","sourcePath":"Notes/Greed Sickness.md","hadPendingTimer":true,"sizerChildren":0}
13:13:17.716 PP Notes/Greed Sickness.md cls=el-p wrapper=false embed=null sizer=false connected=false kids=P. hasSizerDesc=false parents=
13:13:17.716 V schedule render {"reason":"postprocessor","sourcePath":"Notes/Greed Sickness.md","hadPendingTimer":true,"sizerChildren":0}
13:13:17.716 PP Notes/Greed Sickness.md cls=el-p wrapper=false embed=null sizer=false connected=false kids=P. hasSizerDesc=false parents=
13:13:17.716 V schedule render {"reason":"postprocessor","sourcePath":"Notes/Greed Sickness.md","hadPendingTimer":true,"sizerChildren":0}
13:13:17.717 PP Notes/Greed Sickness.md cls=el-p wrapper=false embed=null sizer=false connected=false kids=P. hasSizerDesc=false parents=
13:13:17.717 V schedule render {"reason":"postprocessor","sourcePath":"Notes/Greed Sickness.md","hadPendingTimer":true,"sizerChildren":0}
13:13:17.717 PP Notes/Greed Sickness.md cls=el-p wrapper=false embed=null sizer=false connected=false kids=P. hasSizerDesc=false parents=
13:13:17.717 V schedule render {"reason":"postprocessor","sourcePath":"Notes/Greed Sickness.md","hadPendingTimer":true,"sizerChildren":0}
13:13:17.717 PP Notes/Greed Sickness.md cls=el-p wrapper=false embed=null sizer=false connected=false kids=P. hasSizerDesc=false parents=
13:13:17.717 V schedule render {"reason":"postprocessor","sourcePath":"Notes/Greed Sickness.md","hadPendingTimer":true,"sizerChildren":0}
13:13:17.725 V render start {"reason":"postprocessor","token":1,"sourceHint":"Notes/Greed Sickness.md","sizerConnected":true,"sizerChildren":9}
13:13:17.725 V render found no marker regions {"sourcePath":"Notes/Greed Sickness.md"}
13:13:17.727 V schedule render {"reason":"layout-change","sourcePath":"Notes/Dwarves.md","hadPendingTimer":false,"sizerChildren":0}
13:13:17.727 V schedule render {"reason":"layout-change","sourcePath":"Notes/Greed Sickness.md","hadPendingTimer":false,"sizerChildren":9}
13:13:17.877 V render start {"reason":"layout-change","token":38,"sourceHint":"Notes/Dwarves.md","sizerConnected":true,"sizerChildren":0}
13:13:17.877 V render found no marker regions {"sourcePath":"Notes/Dwarves.md"}
13:13:17.877 V render start {"reason":"layout-change","token":2,"sourceHint":"Notes/Greed Sickness.md","sizerConnected":true,"sizerChildren":9}
13:13:17.877 V render found no marker regions {"sourcePath":"Notes/Greed Sickness.md"}
13:13:18.920 V schedule render {"reason":"file-modified","sourcePath":"Notes/Dwarves.md","hadPendingTimer":false,"sizerChildren":0}
13:13:19.070 V render start {"reason":"file-modified","token":39,"sourceHint":"Notes/Dwarves.md","sizerConnected":true,"sizerChildren":0}
13:13:19.071 V render found no marker regions {"sourcePath":"Notes/Dwarves.md"}
13:13:19.867 V schedule render {"reason":"layout-change","sourcePath":"Notes/Gnolls.md","hadPendingTimer":false,"sizerChildren":0}
13:13:20.018 V render start {"reason":"layout-change","token":40,"sourceHint":"Notes/Gnolls.md","sizerConnected":true,"sizerChildren":0}
13:13:20.018 V render found no marker regions {"sourcePath":"Notes/Gnolls.md"}
13:13:21.115 V schedule render {"reason":"file-modified","sourcePath":"Notes/Gnolls.md","hadPendingTimer":false,"sizerChildren":0}
13:13:21.270 V render start {"reason":"file-modified","token":41,"sourceHint":"Notes/Gnolls.md","sizerConnected":true,"sizerChildren":0}
13:13:21.270 V render found no marker regions {"sourcePath":"Notes/Gnolls.md"}
13:13:22.204 V schedule render {"reason":"layout-change","sourcePath":"Notes/Humans.md","hadPendingTimer":false,"sizerChildren":0}
13:13:22.356 V render start {"reason":"layout-change","token":42,"sourceHint":"Notes/Humans.md","sizerConnected":true,"sizerChildren":0}
13:13:22.356 V render found no marker regions {"sourcePath":"Notes/Humans.md"}
13:13:23.458 V schedule render {"reason":"file-modified","sourcePath":"Notes/Humans.md","hadPendingTimer":false,"sizerChildren":0}
13:13:23.610 V render start {"reason":"file-modified","token":43,"sourceHint":"Notes/Humans.md","sizerConnected":true,"sizerChildren":0}
13:13:23.610 V render found no marker regions {"sourcePath":"Notes/Humans.md"}
13:13:24.585 V schedule render {"reason":"layout-change","sourcePath":"Notes/Kitsune.md","hadPendingTimer":false,"sizerChildren":0}
13:13:24.736 V render start {"reason":"layout-change","token":44,"sourceHint":"Notes/Kitsune.md","sizerConnected":true,"sizerChildren":0}
13:13:24.736 V render found no marker regions {"sourcePath":"Notes/Kitsune.md"}
13:13:25.707 V schedule render {"reason":"file-modified","sourcePath":"Notes/Kitsune.md","hadPendingTimer":false,"sizerChildren":0}
13:13:25.858 V render start {"reason":"file-modified","token":45,"sourceHint":"Notes/Kitsune.md","sizerConnected":true,"sizerChildren":0}
13:13:25.858 V render found no marker regions {"sourcePath":"Notes/Kitsune.md"}
13:13:26.712 V schedule render {"reason":"layout-change","sourcePath":"Notes/Nagaji.md","hadPendingTimer":false,"sizerChildren":0}
13:13:26.863 V render start {"reason":"layout-change","token":46,"sourceHint":"Notes/Nagaji.md","sizerConnected":true,"sizerChildren":0}
13:13:26.863 V render found no marker regions {"sourcePath":"Notes/Nagaji.md"}
13:13:27.829 V schedule render {"reason":"file-modified","sourcePath":"Notes/Nagaji.md","hadPendingTimer":false,"sizerChildren":0}
13:13:27.980 V render start {"reason":"file-modified","token":47,"sourceHint":"Notes/Nagaji.md","sizerConnected":true,"sizerChildren":0}
13:13:27.980 V render found no marker regions {"sourcePath":"Notes/Nagaji.md"}
13:13:28.785 V schedule render {"reason":"layout-change","sourcePath":"Notes/Orcs.md","hadPendingTimer":false,"sizerChildren":0}
13:13:28.935 V render start {"reason":"layout-change","token":48,"sourceHint":"Notes/Orcs.md","sizerConnected":true,"sizerChildren":0}
13:13:28.935 V render found no marker regions {"sourcePath":"Notes/Orcs.md"}
13:13:30.113 V schedule render {"reason":"file-modified","sourcePath":"Notes/Orcs.md","hadPendingTimer":false,"sizerChildren":0}
13:13:30.265 V render start {"reason":"file-modified","token":49,"sourceHint":"Notes/Orcs.md","sizerConnected":true,"sizerChildren":0}
13:13:30.265 V render found no marker regions {"sourcePath":"Notes/Orcs.md"}
13:13:31.072 V schedule render {"reason":"layout-change","sourcePath":"Notes/Sun Elves.md","hadPendingTimer":false,"sizerChildren":0}
13:13:31.223 V render start {"reason":"layout-change","token":50,"sourceHint":"Notes/Sun Elves.md","sizerConnected":true,"sizerChildren":0}
13:13:31.223 V render found no marker regions {"sourcePath":"Notes/Sun Elves.md"}
13:13:32.329 V schedule render {"reason":"file-modified","sourcePath":"Notes/Sun Elves.md","hadPendingTimer":false,"sizerChildren":0}
13:13:32.479 V render start {"reason":"file-modified","token":51,"sourceHint":"Notes/Sun Elves.md","sizerConnected":true,"sizerChildren":0}
13:13:32.479 V render found no marker regions {"sourcePath":"Notes/Sun Elves.md"}
13:13:33.289 V schedule render {"reason":"layout-change","sourcePath":"Notes/Tieflings.md","hadPendingTimer":false,"sizerChildren":0}
13:13:33.440 V render start {"reason":"layout-change","token":52,"sourceHint":"Notes/Tieflings.md","sizerConnected":true,"sizerChildren":0}
13:13:33.440 V render found no marker regions {"sourcePath":"Notes/Tieflings.md"}
13:13:34.558 V schedule render {"reason":"file-modified","sourcePath":"Notes/Tieflings.md","hadPendingTimer":false,"sizerChildren":0}
13:13:34.709 V render start {"reason":"file-modified","token":53,"sourceHint":"Notes/Tieflings.md","sizerConnected":true,"sizerChildren":0}
13:13:34.709 V render found no marker regions {"sourcePath":"Notes/Tieflings.md"}
13:13:35.447 V schedule render {"reason":"layout-change","sourcePath":"Notes/Wild Elves.md","hadPendingTimer":false,"sizerChildren":0}
13:13:35.597 V render start {"reason":"layout-change","token":54,"sourceHint":"Notes/Wild Elves.md","sizerConnected":true,"sizerChildren":0}
13:13:35.598 V render found no marker regions {"sourcePath":"Notes/Wild Elves.md"}
13:13:36.639 V schedule render {"reason":"file-modified","sourcePath":"Notes/Wild Elves.md","hadPendingTimer":false,"sizerChildren":0}
13:13:36.792 V render start {"reason":"file-modified","token":55,"sourceHint":"Notes/Wild Elves.md","sizerConnected":true,"sizerChildren":0}
13:13:36.792 V render found no marker regions {"sourcePath":"Notes/Wild Elves.md"}
13:13:47.007 PP 🌎 Ekoris.md cls=table-cell-wrapper wrapper=false embed=null sizer=false connected=false kids= hasSizerDesc=false parents=TH.>TR.>THEAD.>TABLE.table-editor
13:13:47.007 V schedule render {"reason":"postprocessor","sourcePath":"🌎 Ekoris.md","hadPendingTimer":false,"sizerChildren":0}
13:13:47.007 PP 🌎 Ekoris.md cls=table-cell-wrapper wrapper=false embed=null sizer=false connected=false kids= hasSizerDesc=false parents=TH.>TR.>THEAD.>TABLE.table-editor
13:13:47.007 V schedule render {"reason":"postprocessor","sourcePath":"🌎 Ekoris.md","hadPendingTimer":true,"sizerChildren":0}
13:13:47.007 PP 🌎 Ekoris.md cls=table-cell-wrapper wrapper=false embed=null sizer=false connected=false kids= hasSizerDesc=false parents=TH.>TR.>THEAD.>TABLE.table-editor
13:13:47.007 V schedule render {"reason":"postprocessor","sourcePath":"🌎 Ekoris.md","hadPendingTimer":true,"sizerChildren":0}
13:13:47.007 PP 🌎 Ekoris.md cls=table-cell-wrapper wrapper=false embed=null sizer=false connected=false kids= hasSizerDesc=false parents=TD.>TR.>TBODY.>TABLE.table-editor
13:13:47.007 V schedule render {"reason":"postprocessor","sourcePath":"🌎 Ekoris.md","hadPendingTimer":true,"sizerChildren":0}
13:13:47.007 PP 🌎 Ekoris.md cls=table-cell-wrapper wrapper=false embed=null sizer=false connected=false kids= hasSizerDesc=false parents=TD.>TR.>TBODY.>TABLE.table-editor
13:13:47.007 V schedule render {"reason":"postprocessor","sourcePath":"🌎 Ekoris.md","hadPendingTimer":true,"sizerChildren":0}
13:13:47.007 PP 🌎 Ekoris.md cls=table-cell-wrapper wrapper=false embed=null sizer=false connected=false kids= hasSizerDesc=false parents=TD.>TR.>TBODY.>TABLE.table-editor
13:13:47.007 V schedule render {"reason":"postprocessor","sourcePath":"🌎 Ekoris.md","hadPendingTimer":true,"sizerChildren":0}
13:13:47.007 PP 🌎 Ekoris.md cls=table-cell-wrapper wrapper=false embed=null sizer=false connected=false kids= hasSizerDesc=false parents=TD.>TR.>TBODY.>TABLE.table-editor
13:13:47.007 V schedule render {"reason":"postprocessor","sourcePath":"🌎 Ekoris.md","hadPendingTimer":true,"sizerChildren":0}
13:13:47.007 PP 🌎 Ekoris.md cls=table-cell-wrapper wrapper=false embed=null sizer=false connected=false kids= hasSizerDesc=false parents=TD.>TR.>TBODY.>TABLE.table-editor
13:13:47.007 V schedule render {"reason":"postprocessor","sourcePath":"🌎 Ekoris.md","hadPendingTimer":true,"sizerChildren":0}
13:13:47.007 PP 🌎 Ekoris.md cls=table-cell-wrapper wrapper=false embed=null sizer=false connected=false kids= hasSizerDesc=false parents=TD.>TR.>TBODY.>TABLE.table-editor
13:13:47.007 V schedule render {"reason":"postprocessor","sourcePath":"🌎 Ekoris.md","hadPendingTimer":true,"sizerChildren":0}
13:13:47.007 PP 🌎 Ekoris.md cls=table-cell-wrapper wrapper=false embed=null sizer=false connected=false kids= hasSizerDesc=false parents=TD.>TR.>TBODY.>TABLE.table-editor
13:13:47.007 V schedule render {"reason":"postprocessor","sourcePath":"🌎 Ekoris.md","hadPendingTimer":true,"sizerChildren":0}
13:13:47.007 PP 🌎 Ekoris.md cls=table-cell-wrapper wrapper=false embed=null sizer=false connected=false kids= hasSizerDesc=false parents=TD.>TR.>TBODY.>TABLE.table-editor
13:13:47.007 V schedule render {"reason":"postprocessor","sourcePath":"🌎 Ekoris.md","hadPendingTimer":true,"sizerChildren":0}
13:13:47.007 PP 🌎 Ekoris.md cls=table-cell-wrapper wrapper=false embed=null sizer=false connected=false kids= hasSizerDesc=false parents=TD.>TR.>TBODY.>TABLE.table-editor
13:13:47.007 V schedule render {"reason":"postprocessor","sourcePath":"🌎 Ekoris.md","hadPendingTimer":true,"sizerChildren":0}
13:13:47.007 PP 🌎 Ekoris.md cls=table-cell-wrapper wrapper=false embed=null sizer=false connected=false kids= hasSizerDesc=false parents=TD.>TR.>TBODY.>TABLE.table-editor
13:13:47.007 V schedule render {"reason":"postprocessor","sourcePath":"🌎 Ekoris.md","hadPendingTimer":true,"sizerChildren":0}
13:13:47.008 PP 🌎 Ekoris.md cls=table-cell-wrapper wrapper=false embed=null sizer=false connected=false kids= hasSizerDesc=false parents=TD.>TR.>TBODY.>TABLE.table-editor
13:13:47.008 V schedule render {"reason":"postprocessor","sourcePath":"🌎 Ekoris.md","hadPendingTimer":true,"sizerChildren":0}
13:13:47.008 PP 🌎 Ekoris.md cls=table-cell-wrapper wrapper=false embed=null sizer=false connected=false kids=BR.,BR.,BR. hasSizerDesc=false parents=TD.>TR.>TBODY.>TABLE.table-editor
13:13:47.008 V schedule render {"reason":"postprocessor","sourcePath":"🌎 Ekoris.md","hadPendingTimer":true,"sizerChildren":0}
13:13:47.041 V render start {"reason":"postprocessor","token":56,"sourceHint":"🌎 Ekoris.md","sizerConnected":true,"sizerChildren":0}
13:13:47.041 V render found no marker regions {"sourcePath":"🌎 Ekoris.md"}
13:13:47.042 V schedule render {"reason":"layout-change","sourcePath":"🌎 Ekoris.md","hadPendingTimer":false,"sizerChildren":0}
13:13:47.059 PP Notes/Astya.md cls= wrapper=false embed=null sizer=false connected=false kids=P.,P.,P. hasSizerDesc=false parents=DIV.dc-description>DIV.>DIV.>DIV.block-language-datacorejsx>DIV.cm-preview-code-block.cm-embed-block.markdown-rendered.cm-la
13:13:47.060 PP Notes/Garotha.md cls= wrapper=false embed=null sizer=false connected=false kids=P.,P.,P. hasSizerDesc=false parents=DIV.dc-description>DIV.>DIV.>DIV.block-language-datacorejsx>DIV.cm-preview-code-block.cm-embed-block.markdown-rendered.cm-la
13:13:47.061 PP Notes/Harath.md cls= wrapper=false embed=null sizer=false connected=false kids=P.,P.,P.,P.,P. hasSizerDesc=false parents=DIV.dc-description>DIV.>DIV.>DIV.block-language-datacorejsx>DIV.cm-preview-code-block.cm-embed-block.markdown-rendered.cm-la
13:13:47.061 PP Notes/Illithia.md cls= wrapper=false embed=null sizer=false connected=false kids=P.,P.,P. hasSizerDesc=false parents=DIV.dc-description>DIV.>DIV.>DIV.block-language-datacorejsx>DIV.cm-preview-code-block.cm-embed-block.markdown-rendered.cm-la
13:13:47.062 PP Notes/Isle of Rivers.md cls= wrapper=false embed=null sizer=false connected=false kids=P.,P.,P. hasSizerDesc=false parents=DIV.dc-description>DIV.>DIV.>DIV.block-language-datacorejsx>DIV.cm-preview-code-block.cm-embed-block.markdown-rendered.cm-la
13:13:47.063 PP Notes/Na-Boa.md cls= wrapper=false embed=null sizer=false connected=false kids=P.,P.,P. hasSizerDesc=false parents=DIV.dc-description>DIV.>DIV.>DIV.block-language-datacorejsx>DIV.cm-preview-code-block.cm-embed-block.markdown-rendered.cm-la
13:13:47.064 PP Notes/Tasnan.md cls= wrapper=false embed=null sizer=false connected=false kids=P.,P.,P.,P.,P.,P.,P.,P.,P. hasSizerDesc=false parents=DIV.dc-description>DIV.>DIV.>DIV.block-language-datacorejsx>DIV.cm-preview-code-block.cm-embed-block.markdown-rendered.cm-la
13:13:47.064 PP Notes/The Bodin Union.md cls= wrapper=false embed=null sizer=false connected=false kids=P.,P.,P. hasSizerDesc=false parents=DIV.dc-description>DIV.>DIV.>DIV.block-language-datacorejsx>DIV.cm-preview-code-block.cm-embed-block.markdown-rendered.cm-la
13:13:47.065 PP Notes/The Breezes.md cls= wrapper=false embed=null sizer=false connected=false kids=P.,P.,P.,P. hasSizerDesc=false parents=DIV.dc-description>DIV.>DIV.>DIV.block-language-datacorejsx>DIV.cm-preview-code-block.cm-embed-block.markdown-rendered.cm-la
13:13:47.066 PP Notes/The Hassan Dynasty.md cls= wrapper=false embed=null sizer=false connected=false kids=P.,P.,P.,P.,P.,P. hasSizerDesc=false parents=DIV.dc-description>DIV.>DIV.>DIV.block-language-datacorejsx>DIV.cm-preview-code-block.cm-embed-block.markdown-rendered.cm-la
13:13:47.192 V render start {"reason":"layout-change","token":57,"sourceHint":"🌎 Ekoris.md","sizerConnected":true,"sizerChildren":0}
13:13:47.192 V render found no marker regions {"sourcePath":"🌎 Ekoris.md"}
13:17:33.573 V schedule render {"reason":"file-modified","sourcePath":"🌎 Ekoris.md","hadPendingTimer":false,"sizerChildren":0}
13:17:33.724 V render start {"reason":"file-modified","token":58,"sourceHint":"🌎 Ekoris.md","sizerConnected":true,"sizerChildren":0}
13:17:33.724 V render found no marker regions {"sourcePath":"🌎 Ekoris.md"}
13:17:34.112 V schedule render {"reason":"file-modified","sourcePath":"🌎 Ekoris.md","hadPendingTimer":false,"sizerChildren":0}
13:17:34.159 PP 🌎 Ekoris.md cls= wrapper=false embed=null sizer=false connected=true kids=UL. hasSizerDesc=false parents=DIV.block-language-datacorejsx>DIV.cm-preview-code-block.cm-embed-block.markdown-rendered.cm-la>DIV.cm-content.cm-lineWrapping>DIV.cm-contentContainer>DIV.cm-sizer>DIV.cm-scroller
13:17:34.159 V schedule render {"reason":"postprocessor","sourcePath":"🌎 Ekoris.md","hadPendingTimer":true,"sizerChildren":0}
13:17:34.159 V render start {"reason":"postprocessor","token":59,"sourceHint":"🌎 Ekoris.md","sizerConnected":true,"sizerChildren":0}
13:17:34.159 V render found no marker regions {"sourcePath":"🌎 Ekoris.md"}
13:17:36.850 V schedule render {"reason":"file-modified","sourcePath":"🌎 Ekoris.md","hadPendingTimer":false,"sizerChildren":0}
13:17:37.001 V render start {"reason":"file-modified","token":60,"sourceHint":"🌎 Ekoris.md","sizerConnected":true,"sizerChildren":0}
13:17:37.001 V render found no marker regions {"sourcePath":"🌎 Ekoris.md"}
13:17:42.865 V schedule render {"reason":"file-modified","sourcePath":"🌎 Ekoris.md","hadPendingTimer":false,"sizerChildren":0}
13:17:43.016 V render start {"reason":"file-modified","token":61,"sourceHint":"🌎 Ekoris.md","sizerConnected":true,"sizerChildren":0}
13:17:43.016 V render found no marker regions {"sourcePath":"🌎 Ekoris.md"}
13:18:13.826 V schedule render {"reason":"file-modified","sourcePath":"🌎 Ekoris.md","hadPendingTimer":false,"sizerChildren":0}
13:18:13.977 V render start {"reason":"file-modified","token":62,"sourceHint":"🌎 Ekoris.md","sizerConnected":true,"sizerChildren":0}
13:18:13.977 V render found no marker regions {"sourcePath":"🌎 Ekoris.md"}
13:18:17.779 V schedule render {"reason":"file-modified","sourcePath":"🌎 Ekoris.md","hadPendingTimer":false,"sizerChildren":0}
13:18:17.931 V render start {"reason":"file-modified","token":63,"sourceHint":"🌎 Ekoris.md","sizerConnected":true,"sizerChildren":0}
13:18:17.931 V render found no marker regions {"sourcePath":"🌎 Ekoris.md"}
13:18:19.939 V schedule render {"reason":"file-modified","sourcePath":"🌎 Ekoris.md","hadPendingTimer":false,"sizerChildren":0}
13:18:19.960 PP 🌎 Ekoris.md cls=el-pre mod-frontmatter mod-ui wrapper=false embed=null sizer=false connected=false kids=PRE.frontmatter hasSizerDesc=false parents=
13:18:19.960 V schedule render {"reason":"postprocessor","sourcePath":"🌎 Ekoris.md","hadPendingTimer":true,"sizerChildren":0}
13:18:19.961 PP 🌎 Ekoris.md cls=el-h1 wrapper=false embed=null sizer=false connected=false kids=H1. hasSizerDesc=false parents=
13:18:19.961 V schedule render {"reason":"postprocessor","sourcePath":"🌎 Ekoris.md","hadPendingTimer":true,"sizerChildren":0}
13:18:19.961 PP 🌎 Ekoris.md cls=el-p wrapper=false embed=null sizer=false connected=false kids=P. hasSizerDesc=false parents=
13:18:19.961 V schedule render {"reason":"postprocessor","sourcePath":"🌎 Ekoris.md","hadPendingTimer":true,"sizerChildren":0}
13:18:19.961 PP 🌎 Ekoris.md cls=el-p wrapper=false embed=null sizer=false connected=false kids=P. hasSizerDesc=false parents=
13:18:19.961 V schedule render {"reason":"postprocessor","sourcePath":"🌎 Ekoris.md","hadPendingTimer":true,"sizerChildren":0}
13:18:19.961 PP 🌎 Ekoris.md cls=el-p wrapper=false embed=null sizer=false connected=false kids=P. hasSizerDesc=false parents=
13:18:19.961 V schedule render {"reason":"postprocessor","sourcePath":"🌎 Ekoris.md","hadPendingTimer":true,"sizerChildren":0}
13:18:19.961 PP 🌎 Ekoris.md cls=el-p wrapper=false embed=null sizer=false connected=false kids=P. hasSizerDesc=false parents=
13:18:19.961 V schedule render {"reason":"postprocessor","sourcePath":"🌎 Ekoris.md","hadPendingTimer":true,"sizerChildren":0}
13:18:19.961 PP 🌎 Ekoris.md cls=el-p wrapper=false embed=null sizer=false connected=false kids=P. hasSizerDesc=false parents=
13:18:19.961 V schedule render {"reason":"postprocessor","sourcePath":"🌎 Ekoris.md","hadPendingTimer":true,"sizerChildren":0}
13:18:19.962 PP 🌎 Ekoris.md cls=el-h1 wrapper=false embed=null sizer=false connected=false kids=H1. hasSizerDesc=false parents=
13:18:19.962 V schedule render {"reason":"postprocessor","sourcePath":"🌎 Ekoris.md","hadPendingTimer":true,"sizerChildren":0}
13:18:19.962 PP 🌎 Ekoris.md cls=el-p wrapper=false embed=null sizer=false connected=false kids=P. hasSizerDesc=false parents=
13:18:19.962 V schedule render {"reason":"postprocessor","sourcePath":"🌎 Ekoris.md","hadPendingTimer":true,"sizerChildren":0}
13:18:19.962 PP 🌎 Ekoris.md cls=el-p wrapper=false embed=null sizer=false connected=false kids=P. hasSizerDesc=false parents=
13:18:19.962 V schedule render {"reason":"postprocessor","sourcePath":"🌎 Ekoris.md","hadPendingTimer":true,"sizerChildren":0}
13:18:19.962 PP 🌎 Ekoris.md cls=el-table wrapper=false embed=null sizer=false connected=false kids=TABLE. hasSizerDesc=false parents=
13:18:19.962 V schedule render {"reason":"postprocessor","sourcePath":"🌎 Ekoris.md","hadPendingTimer":true,"sizerChildren":0}
13:18:19.962 PP 🌎 Ekoris.md cls=el-h1 wrapper=false embed=null sizer=false connected=false kids=H1. hasSizerDesc=false parents=
13:18:19.962 V schedule render {"reason":"postprocessor","sourcePath":"🌎 Ekoris.md","hadPendingTimer":true,"sizerChildren":0}
13:18:19.964 PP 🌎 Ekoris.md cls=el-pre wrapper=false embed=null sizer=false connected=false kids=DIV.block-language-datacorejsx hasSizerDesc=false parents=
13:18:19.964 V schedule render {"reason":"postprocessor","sourcePath":"🌎 Ekoris.md","hadPendingTimer":true,"sizerChildren":0}
13:18:19.964 PP 🌎 Ekoris.md cls=el-h1 wrapper=false embed=null sizer=false connected=false kids=H1. hasSizerDesc=false parents=
13:18:19.964 V schedule render {"reason":"postprocessor","sourcePath":"🌎 Ekoris.md","hadPendingTimer":true,"sizerChildren":0}
13:18:19.965 PP 🌎 Ekoris.md cls=el-pre wrapper=false embed=null sizer=false connected=false kids=DIV.block-language-datacorejsx hasSizerDesc=false parents=
13:18:19.965 V schedule render {"reason":"postprocessor","sourcePath":"🌎 Ekoris.md","hadPendingTimer":true,"sizerChildren":0}
13:18:19.980 V render start {"reason":"postprocessor","token":64,"sourceHint":"🌎 Ekoris.md","sizerConnected":true,"sizerChildren":12}
13:18:19.980 V render found no marker regions {"sourcePath":"🌎 Ekoris.md"}
13:18:19.987 V schedule render {"reason":"layout-change","sourcePath":"🌎 Ekoris.md","hadPendingTimer":false,"sizerChildren":12}
13:18:20.011 PP Notes/Astya.md cls= wrapper=false embed=null sizer=true connected=true kids=P.,P.,P. hasSizerDesc=false parents=DIV.dc-description>DIV.>DIV.>DIV.block-language-datacorejsx>DIV.el-pre>DIV.markdown-preview-sizer.markdown-preview-section
13:18:20.011 V schedule render {"reason":"postprocessor","sourcePath":"Notes/Astya.md","hadPendingTimer":true,"sizerChildren":12}
13:18:20.012 PP Notes/Garotha.md cls= wrapper=false embed=null sizer=true connected=true kids=P.,P.,P. hasSizerDesc=false parents=DIV.dc-description>DIV.>DIV.>DIV.block-language-datacorejsx>DIV.el-pre>DIV.markdown-preview-sizer.markdown-preview-section
13:18:20.012 V schedule render {"reason":"postprocessor","sourcePath":"Notes/Garotha.md","hadPendingTimer":true,"sizerChildren":12}
13:18:20.013 PP Notes/Harath.md cls= wrapper=false embed=null sizer=true connected=true kids=P.,P.,P.,P.,P. hasSizerDesc=false parents=DIV.dc-description>DIV.>DIV.>DIV.block-language-datacorejsx>DIV.el-pre>DIV.markdown-preview-sizer.markdown-preview-section
13:18:20.013 V schedule render {"reason":"postprocessor","sourcePath":"Notes/Harath.md","hadPendingTimer":true,"sizerChildren":12}
13:18:20.014 PP Notes/Illithia.md cls= wrapper=false embed=null sizer=true connected=true kids=P.,P.,P. hasSizerDesc=false parents=DIV.dc-description>DIV.>DIV.>DIV.block-language-datacorejsx>DIV.el-pre>DIV.markdown-preview-sizer.markdown-preview-section
13:18:20.014 V schedule render {"reason":"postprocessor","sourcePath":"Notes/Illithia.md","hadPendingTimer":true,"sizerChildren":12}
13:18:20.015 PP Notes/Isle of Rivers.md cls= wrapper=false embed=null sizer=true connected=true kids=P.,P.,P. hasSizerDesc=false parents=DIV.dc-description>DIV.>DIV.>DIV.block-language-datacorejsx>DIV.el-pre>DIV.markdown-preview-sizer.markdown-preview-section
13:18:20.015 V schedule render {"reason":"postprocessor","sourcePath":"Notes/Isle of Rivers.md","hadPendingTimer":true,"sizerChildren":12}
13:18:20.015 PP Notes/Na-Boa.md cls= wrapper=false embed=null sizer=true connected=true kids=P.,P.,P. hasSizerDesc=false parents=DIV.dc-description>DIV.>DIV.>DIV.block-language-datacorejsx>DIV.el-pre>DIV.markdown-preview-sizer.markdown-preview-section
13:18:20.015 V schedule render {"reason":"postprocessor","sourcePath":"Notes/Na-Boa.md","hadPendingTimer":true,"sizerChildren":12}
13:18:20.016 PP Notes/Tasnan.md cls= wrapper=false embed=null sizer=true connected=true kids=P.,P.,P.,P.,P.,P.,P.,P.,P. hasSizerDesc=false parents=DIV.dc-description>DIV.>DIV.>DIV.block-language-datacorejsx>DIV.el-pre>DIV.markdown-preview-sizer.markdown-preview-section
13:18:20.016 V schedule render {"reason":"postprocessor","sourcePath":"Notes/Tasnan.md","hadPendingTimer":true,"sizerChildren":12}
13:18:20.017 PP Notes/The Bodin Union.md cls= wrapper=false embed=null sizer=true connected=true kids=P.,P.,P. hasSizerDesc=false parents=DIV.dc-description>DIV.>DIV.>DIV.block-language-datacorejsx>DIV.el-pre>DIV.markdown-preview-sizer.markdown-preview-section
13:18:20.017 V schedule render {"reason":"postprocessor","sourcePath":"Notes/The Bodin Union.md","hadPendingTimer":true,"sizerChildren":12}
13:18:20.018 PP Notes/The Breezes.md cls= wrapper=false embed=null sizer=true connected=true kids=P.,P.,P.,P. hasSizerDesc=false parents=DIV.dc-description>DIV.>DIV.>DIV.block-language-datacorejsx>DIV.el-pre>DIV.markdown-preview-sizer.markdown-preview-section
13:18:20.018 V schedule render {"reason":"postprocessor","sourcePath":"Notes/The Breezes.md","hadPendingTimer":true,"sizerChildren":12}
13:18:20.019 PP Notes/The Hassan Dynasty.md cls= wrapper=false embed=null sizer=true connected=true kids=P.,P.,P.,P.,P.,P. hasSizerDesc=false parents=DIV.dc-description>DIV.>DIV.>DIV.block-language-datacorejsx>DIV.el-pre>DIV.markdown-preview-sizer.markdown-preview-section
13:18:20.019 V schedule render {"reason":"postprocessor","sourcePath":"Notes/The Hassan Dynasty.md","hadPendingTimer":true,"sizerChildren":12}
13:18:20.021 PP 🌎 Ekoris.md cls=mod-frontmatter mod-ui wrapper=false embed=null sizer=true connected=true kids=PRE.frontmatter,H1.,P.,P.,P.,P.,P.,P. hasSizerDesc=false parents=DIV.datacore-span-embed>LI.datacore-list-item>UL.datacore-list.datacore-list-unordered>DIV.datacore-list>DIV.block-language-datacorejsx>DIV.el-pre
13:18:20.021 V schedule render {"reason":"postprocessor","sourcePath":"🌎 Ekoris.md","hadPendingTimer":true,"sizerChildren":12}
13:18:20.021 PP 🌎 Ekoris.md cls=mod-frontmatter mod-ui wrapper=false embed=null sizer=true connected=true kids=PRE.frontmatter,H1.,P.,P.,P.,P. hasSizerDesc=false parents=DIV.datacore-span-embed>LI.datacore-list-item>UL.datacore-list.datacore-list-unordered>DIV.datacore-list>DIV.block-language-datacorejsx>DIV.el-pre
13:18:20.021 V schedule render {"reason":"postprocessor","sourcePath":"🌎 Ekoris.md","hadPendingTimer":true,"sizerChildren":12}
13:18:20.022 PP 🌎 Ekoris.md cls=mod-frontmatter mod-ui wrapper=false embed=null sizer=true connected=true kids=PRE.frontmatter,H1.,P.,P.,P.,P.,P. hasSizerDesc=false parents=DIV.datacore-span-embed>LI.datacore-list-item>UL.datacore-list.datacore-list-unordered>DIV.datacore-list>DIV.block-language-datacorejsx>DIV.el-pre
13:18:20.022 V schedule render {"reason":"postprocessor","sourcePath":"🌎 Ekoris.md","hadPendingTimer":true,"sizerChildren":12}
13:18:20.024 PP 🌎 Ekoris.md cls=mod-frontmatter mod-ui wrapper=false embed=null sizer=true connected=true kids=PRE.frontmatter,H1.,UL. hasSizerDesc=false parents=DIV.datacore-span-embed>LI.datacore-list-item>UL.datacore-list.datacore-list-unordered>DIV.datacore-list>DIV.block-language-datacorejsx>DIV.el-pre
13:18:20.024 V schedule render {"reason":"postprocessor","sourcePath":"🌎 Ekoris.md","hadPendingTimer":true,"sizerChildren":12}
13:18:20.024 PP 🌎 Ekoris.md cls=mod-frontmatter mod-ui wrapper=false embed=null sizer=true connected=true kids=PRE.frontmatter,H1.,P.,P.,P.,P.,P. hasSizerDesc=false parents=DIV.datacore-span-embed>LI.datacore-list-item>UL.datacore-list.datacore-list-unordered>DIV.datacore-list>DIV.block-language-datacorejsx>DIV.el-pre
13:18:20.024 V schedule render {"reason":"postprocessor","sourcePath":"🌎 Ekoris.md","hadPendingTimer":true,"sizerChildren":12}
13:18:20.025 PP 🌎 Ekoris.md cls=mod-frontmatter mod-ui wrapper=false embed=null sizer=true connected=true kids=PRE.frontmatter,H1.,P.,P.,P. hasSizerDesc=false parents=DIV.datacore-span-embed>LI.datacore-list-item>UL.datacore-list.datacore-list-unordered>DIV.datacore-list>DIV.block-language-datacorejsx>DIV.el-pre
13:18:20.025 V schedule render {"reason":"postprocessor","sourcePath":"🌎 Ekoris.md","hadPendingTimer":true,"sizerChildren":12}
13:18:20.026 PP 🌎 Ekoris.md cls=mod-frontmatter mod-ui wrapper=false embed=null sizer=true connected=true kids=PRE.frontmatter,H1.,P.,P.,P.,P.,P.,P.,P.,P.,P. hasSizerDesc=false parents=DIV.datacore-span-embed>LI.datacore-list-item>UL.datacore-list.datacore-list-unordered>DIV.datacore-list>DIV.block-language-datacorejsx>DIV.el-pre
13:18:20.026 V schedule render {"reason":"postprocessor","sourcePath":"🌎 Ekoris.md","hadPendingTimer":true,"sizerChildren":12}
13:18:20.027 PP 🌎 Ekoris.md cls=mod-frontmatter mod-ui wrapper=false embed=null sizer=true connected=true kids=PRE.frontmatter,H1.,P.,P.,P. hasSizerDesc=false parents=DIV.datacore-span-embed>LI.datacore-list-item>UL.datacore-list.datacore-list-unordered>DIV.datacore-list>DIV.block-language-datacorejsx>DIV.el-pre
13:18:20.027 V schedule render {"reason":"postprocessor","sourcePath":"🌎 Ekoris.md","hadPendingTimer":true,"sizerChildren":12}
13:18:20.029 PP 🌎 Ekoris.md cls=mod-frontmatter mod-ui wrapper=false embed=null sizer=false connected=true kids=PRE.frontmatter,H1.,P.,P.,P.,P.,P.,P. hasSizerDesc=false parents=DIV.datacore-span-embed>LI.datacore-list-item>UL.datacore-list.datacore-list-unordered>DIV.datacore-list>DIV.block-language-datacorejsx>DIV.cm-preview-code-block.cm-embed-block.markdown-rendered.cm-la
13:18:20.029 V schedule render {"reason":"postprocessor","sourcePath":"🌎 Ekoris.md","hadPendingTimer":true,"sizerChildren":12}
13:18:20.029 PP 🌎 Ekoris.md cls=mod-frontmatter mod-ui wrapper=false embed=null sizer=false connected=true kids=PRE.frontmatter,H1.,P.,P.,P.,P. hasSizerDesc=false parents=DIV.datacore-span-embed>LI.datacore-list-item>UL.datacore-list.datacore-list-unordered>DIV.datacore-list>DIV.block-language-datacorejsx>DIV.cm-preview-code-block.cm-embed-block.markdown-rendered.cm-la
13:18:20.029 V schedule render {"reason":"postprocessor","sourcePath":"🌎 Ekoris.md","hadPendingTimer":true,"sizerChildren":12}
13:18:20.030 PP 🌎 Ekoris.md cls=mod-frontmatter mod-ui wrapper=false embed=null sizer=false connected=true kids=PRE.frontmatter,H1.,P.,P.,P.,P.,P. hasSizerDesc=false parents=DIV.datacore-span-embed>LI.datacore-list-item>UL.datacore-list.datacore-list-unordered>DIV.datacore-list>DIV.block-language-datacorejsx>DIV.cm-preview-code-block.cm-embed-block.markdown-rendered.cm-la
13:18:20.030 V schedule render {"reason":"postprocessor","sourcePath":"🌎 Ekoris.md","hadPendingTimer":true,"sizerChildren":12}
13:18:20.031 PP 🌎 Ekoris.md cls=mod-frontmatter mod-ui wrapper=false embed=null sizer=false connected=true kids=PRE.frontmatter,H1.,UL. hasSizerDesc=false parents=DIV.datacore-span-embed>LI.datacore-list-item>UL.datacore-list.datacore-list-unordered>DIV.datacore-list>DIV.block-language-datacorejsx>DIV.cm-preview-code-block.cm-embed-block.markdown-rendered.cm-la
13:18:20.031 V schedule render {"reason":"postprocessor","sourcePath":"🌎 Ekoris.md","hadPendingTimer":true,"sizerChildren":12}
13:18:20.031 PP 🌎 Ekoris.md cls=mod-frontmatter mod-ui wrapper=false embed=null sizer=false connected=true kids=PRE.frontmatter,H1.,P.,P.,P.,P.,P. hasSizerDesc=false parents=DIV.datacore-span-embed>LI.datacore-list-item>UL.datacore-list.datacore-list-unordered>DIV.datacore-list>DIV.block-language-datacorejsx>DIV.cm-preview-code-block.cm-embed-block.markdown-rendered.cm-la
13:18:20.032 V schedule render {"reason":"postprocessor","sourcePath":"🌎 Ekoris.md","hadPendingTimer":true,"sizerChildren":12}
13:18:20.032 PP 🌎 Ekoris.md cls=mod-frontmatter mod-ui wrapper=false embed=null sizer=false connected=true kids=PRE.frontmatter,H1.,P.,P.,P. hasSizerDesc=false parents=DIV.datacore-span-embed>LI.datacore-list-item>UL.datacore-list.datacore-list-unordered>DIV.datacore-list>DIV.block-language-datacorejsx>DIV.cm-preview-code-block.cm-embed-block.markdown-rendered.cm-la
13:18:20.032 V schedule render {"reason":"postprocessor","sourcePath":"🌎 Ekoris.md","hadPendingTimer":true,"sizerChildren":12}
13:18:20.033 PP 🌎 Ekoris.md cls=mod-frontmatter mod-ui wrapper=false embed=null sizer=false connected=true kids=PRE.frontmatter,H1.,P.,P.,P.,P.,P.,P.,P.,P.,P. hasSizerDesc=false parents=DIV.datacore-span-embed>LI.datacore-list-item>UL.datacore-list.datacore-list-unordered>DIV.datacore-list>DIV.block-language-datacorejsx>DIV.cm-preview-code-block.cm-embed-block.markdown-rendered.cm-la
13:18:20.033 V schedule render {"reason":"postprocessor","sourcePath":"🌎 Ekoris.md","hadPendingTimer":true,"sizerChildren":12}
13:18:20.034 PP 🌎 Ekoris.md cls=mod-frontmatter mod-ui wrapper=false embed=null sizer=false connected=true kids=PRE.frontmatter,H1.,P.,P.,P. hasSizerDesc=false parents=DIV.datacore-span-embed>LI.datacore-list-item>UL.datacore-list.datacore-list-unordered>DIV.datacore-list>DIV.block-language-datacorejsx>DIV.cm-preview-code-block.cm-embed-block.markdown-rendered.cm-la
13:18:20.034 V schedule render {"reason":"postprocessor","sourcePath":"🌎 Ekoris.md","hadPendingTimer":true,"sizerChildren":12}
13:18:20.035 PP 🌎 Ekoris.md cls=mod-frontmatter mod-ui wrapper=false embed=null sizer=true connected=true kids=PRE.frontmatter,H1.,UL. hasSizerDesc=false parents=DIV.datacore-span-embed>LI.datacore-list-item>UL.datacore-list.datacore-list-unordered>DIV.datacore-list>DIV.block-language-datacorejsx>DIV.el-pre
13:18:20.035 V schedule render {"reason":"postprocessor","sourcePath":"🌎 Ekoris.md","hadPendingTimer":true,"sizerChildren":12}
13:18:20.035 PP 🌎 Ekoris.md cls=mod-frontmatter mod-ui wrapper=false embed=null sizer=false connected=true kids=PRE.frontmatter,H1.,UL. hasSizerDesc=false parents=DIV.datacore-span-embed>LI.datacore-list-item>UL.datacore-list.datacore-list-unordered>DIV.datacore-list>DIV.block-language-datacorejsx>DIV.cm-preview-code-block.cm-embed-block.markdown-rendered.cm-la
13:18:20.035 V schedule render {"reason":"postprocessor","sourcePath":"🌎 Ekoris.md","hadPendingTimer":true,"sizerChildren":12}
13:18:20.036 PP 🌎 Ekoris.md cls=mod-frontmatter mod-ui wrapper=false embed=null sizer=true connected=true kids=PRE.frontmatter,H1.,UL. hasSizerDesc=false parents=DIV.datacore-span-embed>LI.datacore-list-item>UL.datacore-list.datacore-list-unordered>DIV.datacore-list>DIV.block-language-datacorejsx>DIV.el-pre
13:18:20.036 V schedule render {"reason":"postprocessor","sourcePath":"🌎 Ekoris.md","hadPendingTimer":true,"sizerChildren":12}
13:18:20.037 PP 🌎 Ekoris.md cls=mod-frontmatter mod-ui wrapper=false embed=null sizer=false connected=true kids=PRE.frontmatter,H1.,UL. hasSizerDesc=false parents=DIV.datacore-span-embed>LI.datacore-list-item>UL.datacore-list.datacore-list-unordered>DIV.datacore-list>DIV.block-language-datacorejsx>DIV.cm-preview-code-block.cm-embed-block.markdown-rendered.cm-la
13:18:20.037 V schedule render {"reason":"postprocessor","sourcePath":"🌎 Ekoris.md","hadPendingTimer":true,"sizerChildren":12}
13:18:20.037 PP 🌎 Ekoris.md cls=mod-frontmatter mod-ui wrapper=false embed=null sizer=true connected=true kids=PRE.frontmatter,H1.,P.,P.,P.,P. hasSizerDesc=false parents=DIV.datacore-span-embed>LI.datacore-list-item>UL.datacore-list.datacore-list-unordered>DIV.datacore-list>DIV.block-language-datacorejsx>DIV.el-pre
13:18:20.037 V schedule render {"reason":"postprocessor","sourcePath":"🌎 Ekoris.md","hadPendingTimer":true,"sizerChildren":12}
13:18:20.038 PP 🌎 Ekoris.md cls=mod-frontmatter mod-ui wrapper=false embed=null sizer=false connected=true kids=PRE.frontmatter,H1.,P.,P.,P.,P. hasSizerDesc=false parents=DIV.datacore-span-embed>LI.datacore-list-item>UL.datacore-list.datacore-list-unordered>DIV.datacore-list>DIV.block-language-datacorejsx>DIV.cm-preview-code-block.cm-embed-block.markdown-rendered.cm-la
13:18:20.038 V schedule render {"reason":"postprocessor","sourcePath":"🌎 Ekoris.md","hadPendingTimer":true,"sizerChildren":12}
13:18:20.040 PP 🌎 Ekoris.md cls=mod-frontmatter mod-ui wrapper=false embed=null sizer=true connected=true kids=PRE.frontmatter,H1.,P.,P.,P.,P.,P.,P. hasSizerDesc=false parents=DIV.datacore-span-embed>LI.datacore-list-item>UL.datacore-list.datacore-list-unordered>DIV.datacore-list>DIV.block-language-datacorejsx>DIV.el-pre
13:18:20.040 V schedule render {"reason":"postprocessor","sourcePath":"🌎 Ekoris.md","hadPendingTimer":true,"sizerChildren":12}
13:18:20.041 PP 🌎 Ekoris.md cls=mod-frontmatter mod-ui wrapper=false embed=null sizer=false connected=true kids=PRE.frontmatter,H1.,P.,P.,P.,P.,P.,P. hasSizerDesc=false parents=DIV.datacore-span-embed>LI.datacore-list-item>UL.datacore-list.datacore-list-unordered>DIV.datacore-list>DIV.block-language-datacorejsx>DIV.cm-preview-code-block.cm-embed-block.markdown-rendered.cm-la
13:18:20.041 V schedule render {"reason":"postprocessor","sourcePath":"🌎 Ekoris.md","hadPendingTimer":true,"sizerChildren":12}
13:18:20.042 PP 🌎 Ekoris.md cls=mod-frontmatter mod-ui wrapper=false embed=null sizer=true connected=true kids=PRE.frontmatter,H1.,P.,P.,P.,P.,P.,P.,P.,P.,P. hasSizerDesc=false parents=DIV.datacore-span-embed>LI.datacore-list-item>UL.datacore-list.datacore-list-unordered>DIV.datacore-list>DIV.block-language-datacorejsx>DIV.el-pre
13:18:20.042 V schedule render {"reason":"postprocessor","sourcePath":"🌎 Ekoris.md","hadPendingTimer":true,"sizerChildren":12}
13:18:20.043 PP 🌎 Ekoris.md cls=mod-frontmatter mod-ui wrapper=false embed=null sizer=false connected=true kids=PRE.frontmatter,H1.,P.,P.,P.,P.,P.,P.,P.,P.,P. hasSizerDesc=false parents=DIV.datacore-span-embed>LI.datacore-list-item>UL.datacore-list.datacore-list-unordered>DIV.datacore-list>DIV.block-language-datacorejsx>DIV.cm-preview-code-block.cm-embed-block.markdown-rendered.cm-la
13:18:20.043 V schedule render {"reason":"postprocessor","sourcePath":"🌎 Ekoris.md","hadPendingTimer":true,"sizerChildren":12}
13:18:20.044 PP 🌎 Ekoris.md cls=mod-frontmatter mod-ui wrapper=false embed=null sizer=true connected=true kids=PRE.frontmatter,H1.,P.,P.,P.,P.,P.,P.,P.,P.,P.,P.,P.,P.,P. hasSizerDesc=false parents=DIV.datacore-span-embed>LI.datacore-list-item>UL.datacore-list.datacore-list-unordered>DIV.datacore-list>DIV.block-language-datacorejsx>DIV.el-pre
13:18:20.044 V schedule render {"reason":"postprocessor","sourcePath":"🌎 Ekoris.md","hadPendingTimer":true,"sizerChildren":12}
13:18:20.045 PP 🌎 Ekoris.md cls=mod-frontmatter mod-ui wrapper=false embed=null sizer=false connected=true kids=PRE.frontmatter,H1.,P.,P.,P.,P.,P.,P.,P.,P.,P.,P.,P.,P.,P. hasSizerDesc=false parents=DIV.datacore-span-embed>LI.datacore-list-item>UL.datacore-list.datacore-list-unordered>DIV.datacore-list>DIV.block-language-datacorejsx>DIV.cm-preview-code-block.cm-embed-block.markdown-rendered.cm-la
13:18:20.045 V schedule render {"reason":"postprocessor","sourcePath":"🌎 Ekoris.md","hadPendingTimer":true,"sizerChildren":12}
13:18:20.047 PP 🌎 Ekoris.md cls=mod-frontmatter mod-ui wrapper=false embed=null sizer=true connected=true kids=PRE.frontmatter,H1.,P.,P.,P.,P.,P.,P.,P.,P.,P. hasSizerDesc=false parents=DIV.datacore-span-embed>LI.datacore-list-item>UL.datacore-list.datacore-list-unordered>DIV.datacore-list>DIV.block-language-datacorejsx>DIV.el-pre
13:18:20.047 V schedule render {"reason":"postprocessor","sourcePath":"🌎 Ekoris.md","hadPendingTimer":true,"sizerChildren":12}
13:18:20.048 PP 🌎 Ekoris.md cls=mod-frontmatter mod-ui wrapper=false embed=null sizer=false connected=true kids=PRE.frontmatter,H1.,P.,P.,P.,P.,P.,P.,P.,P.,P. hasSizerDesc=false parents=DIV.datacore-span-embed>LI.datacore-list-item>UL.datacore-list.datacore-list-unordered>DIV.datacore-list>DIV.block-language-datacorejsx>DIV.cm-preview-code-block.cm-embed-block.markdown-rendered.cm-la
13:18:20.048 V schedule render {"reason":"postprocessor","sourcePath":"🌎 Ekoris.md","hadPendingTimer":true,"sizerChildren":12}
13:18:20.049 PP 🌎 Ekoris.md cls=mod-frontmatter mod-ui wrapper=false embed=null sizer=true connected=true kids=PRE.frontmatter,H1.,P.,P. hasSizerDesc=false parents=DIV.datacore-span-embed>LI.datacore-list-item>UL.datacore-list.datacore-list-unordered>DIV.datacore-list>DIV.block-language-datacorejsx>DIV.el-pre
13:18:20.049 V schedule render {"reason":"postprocessor","sourcePath":"🌎 Ekoris.md","hadPendingTimer":true,"sizerChildren":12}
13:18:20.050 PP 🌎 Ekoris.md cls=mod-frontmatter mod-ui wrapper=false embed=null sizer=false connected=true kids=PRE.frontmatter,H1.,P.,P. hasSizerDesc=false parents=DIV.datacore-span-embed>LI.datacore-list-item>UL.datacore-list.datacore-list-unordered>DIV.datacore-list>DIV.block-language-datacorejsx>DIV.cm-preview-code-block.cm-embed-block.markdown-rendered.cm-la
13:18:20.050 V schedule render {"reason":"postprocessor","sourcePath":"🌎 Ekoris.md","hadPendingTimer":true,"sizerChildren":12}
13:18:20.051 PP 🌎 Ekoris.md cls=mod-frontmatter mod-ui wrapper=false embed=null sizer=true connected=true kids=PRE.frontmatter,H1.,P.,P.,P.,P.,P.,P.,P.,P.,P.,P.,P.,P.,P. hasSizerDesc=false parents=DIV.datacore-span-embed>LI.datacore-list-item>UL.datacore-list.datacore-list-unordered>DIV.datacore-list>DIV.block-language-datacorejsx>DIV.el-pre
13:18:20.051 V schedule render {"reason":"postprocessor","sourcePath":"🌎 Ekoris.md","hadPendingTimer":true,"sizerChildren":12}
13:18:20.052 PP 🌎 Ekoris.md cls=mod-frontmatter mod-ui wrapper=false embed=null sizer=false connected=true kids=PRE.frontmatter,H1.,P.,P.,P.,P.,P.,P.,P.,P.,P.,P.,P.,P.,P. hasSizerDesc=false parents=DIV.datacore-span-embed>LI.datacore-list-item>UL.datacore-list.datacore-list-unordered>DIV.datacore-list>DIV.block-language-datacorejsx>DIV.cm-preview-code-block.cm-embed-block.markdown-rendered.cm-la
13:18:20.052 V schedule render {"reason":"postprocessor","sourcePath":"🌎 Ekoris.md","hadPendingTimer":true,"sizerChildren":12}
13:18:20.053 PP 🌎 Ekoris.md cls=mod-frontmatter mod-ui wrapper=false embed=null sizer=true connected=true kids=PRE.frontmatter,H1.,P.,P.,P.,P.,P.,P.,P. hasSizerDesc=false parents=DIV.datacore-span-embed>LI.datacore-list-item>UL.datacore-list.datacore-list-unordered>DIV.datacore-list>DIV.block-language-datacorejsx>DIV.el-pre
13:18:20.053 V schedule render {"reason":"postprocessor","sourcePath":"🌎 Ekoris.md","hadPendingTimer":true,"sizerChildren":12}
13:18:20.053 PP 🌎 Ekoris.md cls=mod-frontmatter mod-ui wrapper=false embed=null sizer=false connected=true kids=PRE.frontmatter,H1.,P.,P.,P.,P.,P.,P.,P. hasSizerDesc=false parents=DIV.datacore-span-embed>LI.datacore-list-item>UL.datacore-list.datacore-list-unordered>DIV.datacore-list>DIV.block-language-datacorejsx>DIV.cm-preview-code-block.cm-embed-block.markdown-rendered.cm-la
13:18:20.053 V schedule render {"reason":"postprocessor","sourcePath":"🌎 Ekoris.md","hadPendingTimer":true,"sizerChildren":12}
13:18:20.054 PP 🌎 Ekoris.md cls=mod-frontmatter mod-ui wrapper=false embed=null sizer=true connected=true kids=PRE.frontmatter,H1.,P.,P.,P.,P. hasSizerDesc=false parents=DIV.datacore-span-embed>LI.datacore-list-item>UL.datacore-list.datacore-list-unordered>DIV.datacore-list>DIV.block-language-datacorejsx>DIV.el-pre
13:18:20.054 V schedule render {"reason":"postprocessor","sourcePath":"🌎 Ekoris.md","hadPendingTimer":true,"sizerChildren":12}
13:18:20.055 PP 🌎 Ekoris.md cls=mod-frontmatter mod-ui wrapper=false embed=null sizer=false connected=true kids=PRE.frontmatter,H1.,P.,P.,P.,P. hasSizerDesc=false parents=DIV.datacore-span-embed>LI.datacore-list-item>UL.datacore-list.datacore-list-unordered>DIV.datacore-list>DIV.block-language-datacorejsx>DIV.cm-preview-code-block.cm-embed-block.markdown-rendered.cm-la
13:18:20.055 V schedule render {"reason":"postprocessor","sourcePath":"🌎 Ekoris.md","hadPendingTimer":true,"sizerChildren":12}
13:18:20.056 PP 🌎 Ekoris.md cls=mod-frontmatter mod-ui wrapper=false embed=null sizer=true connected=true kids=PRE.frontmatter,H1.,P.,P.,P.,P.,P. hasSizerDesc=false parents=DIV.datacore-span-embed>LI.datacore-list-item>UL.datacore-list.datacore-list-unordered>DIV.datacore-list>DIV.block-language-datacorejsx>DIV.el-pre
13:18:20.056 V schedule render {"reason":"postprocessor","sourcePath":"🌎 Ekoris.md","hadPendingTimer":true,"sizerChildren":12}
13:18:20.056 PP 🌎 Ekoris.md cls=mod-frontmatter mod-ui wrapper=false embed=null sizer=false connected=true kids=PRE.frontmatter,H1.,P.,P.,P.,P.,P. hasSizerDesc=false parents=DIV.datacore-span-embed>LI.datacore-list-item>UL.datacore-list.datacore-list-unordered>DIV.datacore-list>DIV.block-language-datacorejsx>DIV.cm-preview-code-block.cm-embed-block.markdown-rendered.cm-la
13:18:20.056 V schedule render {"reason":"postprocessor","sourcePath":"🌎 Ekoris.md","hadPendingTimer":true,"sizerChildren":12}
13:18:20.057 PP 🌎 Ekoris.md cls=mod-frontmatter mod-ui wrapper=false embed=null sizer=true connected=true kids=PRE.frontmatter,H1.,P.,P.,P.,P. hasSizerDesc=false parents=DIV.datacore-span-embed>LI.datacore-list-item>UL.datacore-list.datacore-list-unordered>DIV.datacore-list>DIV.block-language-datacorejsx>DIV.el-pre
13:18:20.057 V schedule render {"reason":"postprocessor","sourcePath":"🌎 Ekoris.md","hadPendingTimer":true,"sizerChildren":12}
13:18:20.057 PP 🌎 Ekoris.md cls=mod-frontmatter mod-ui wrapper=false embed=null sizer=false connected=true kids=PRE.frontmatter,H1.,P.,P.,P.,P. hasSizerDesc=false parents=DIV.datacore-span-embed>LI.datacore-list-item>UL.datacore-list.datacore-list-unordered>DIV.datacore-list>DIV.block-language-datacorejsx>DIV.cm-preview-code-block.cm-embed-block.markdown-rendered.cm-la
13:18:20.057 V schedule render {"reason":"postprocessor","sourcePath":"🌎 Ekoris.md","hadPendingTimer":true,"sizerChildren":12}
13:18:20.059 PP 🌎 Ekoris.md cls=mod-frontmatter mod-ui wrapper=false embed=null sizer=true connected=true kids=PRE.frontmatter,H1.,P.,P.,P.,P.,P.,P.,P. hasSizerDesc=false parents=DIV.datacore-span-embed>LI.datacore-list-item>UL.datacore-list.datacore-list-unordered>DIV.datacore-list>DIV.block-language-datacorejsx>DIV.el-pre
13:18:20.059 V schedule render {"reason":"postprocessor","sourcePath":"🌎 Ekoris.md","hadPendingTimer":true,"sizerChildren":12}
13:18:20.062 PP 🌎 Ekoris.md cls=mod-frontmatter mod-ui wrapper=false embed=null sizer=false connected=true kids=PRE.frontmatter,H1.,P.,P.,P.,P.,P.,P.,P. hasSizerDesc=false parents=DIV.datacore-span-embed>LI.datacore-list-item>UL.datacore-list.datacore-list-unordered>DIV.datacore-list>DIV.block-language-datacorejsx>DIV.cm-preview-code-block.cm-embed-block.markdown-rendered.cm-la
13:18:20.062 V schedule render {"reason":"postprocessor","sourcePath":"🌎 Ekoris.md","hadPendingTimer":true,"sizerChildren":12}
13:18:20.065 PP Notes/Sun Elves.md cls=markdown-preview-view markdown-rendered show-indentation-guide mod-frontmatter mod-ui wrapper=false embed=Sun Elves sizer=true connected=true kids=PRE.frontmatter,H1.,P.,P.,P.,P.,P. hasSizerDesc=false parents=DIV.markdown-embed-content>SPAN.internal-embed.markdown-embed.inline-embed.is-loaded>P.>SPAN.mod-frontmatter.mod-ui>DIV.datacore-span-embed>LI.datacore-list-item
13:18:20.065 V schedule render {"reason":"postprocessor","sourcePath":"Notes/Sun Elves.md","hadPendingTimer":false,"sizerChildren":7}
13:18:20.067 PP Notes/Wild Elves.md cls=markdown-preview-view markdown-rendered show-indentation-guide mod-frontmatter mod-ui wrapper=false embed=Wild Elves sizer=true connected=true kids=PRE.frontmatter,H1.,P.,P.,P.,P.,P.,P.,P. hasSizerDesc=false parents=DIV.markdown-embed-content>SPAN.internal-embed.markdown-embed.inline-embed.is-loaded>P.>SPAN.mod-frontmatter.mod-ui>DIV.datacore-span-embed>LI.datacore-list-item
13:18:20.067 V schedule render {"reason":"postprocessor","sourcePath":"Notes/Wild Elves.md","hadPendingTimer":false,"sizerChildren":9}
13:18:20.069 PP Notes/Drow.md cls=markdown-preview-view markdown-rendered show-indentation-guide mod-frontmatter mod-ui wrapper=false embed=Drow sizer=true connected=true kids=PRE.frontmatter,H1.,P.,P.,P.,P.,P.,P.,P.,P.,P. hasSizerDesc=false parents=DIV.markdown-embed-content>SPAN.internal-embed.markdown-embed.inline-embed.is-loaded>P.>SPAN.mod-frontmatter.mod-ui>DIV.datacore-span-embed>LI.datacore-list-item
13:18:20.069 V schedule render {"reason":"postprocessor","sourcePath":"Notes/Drow.md","hadPendingTimer":false,"sizerChildren":11}
13:18:20.070 PP Notes/Star Elves.md cls=markdown-preview-view markdown-rendered show-indentation-guide mod-frontmatter mod-ui wrapper=false embed=Star Elves sizer=true connected=true kids=PRE.frontmatter,H1.,P.,P.,P.,P.,P. hasSizerDesc=false parents=DIV.markdown-embed-content>SPAN.internal-embed.markdown-embed.inline-embed.is-loaded>P.>SPAN.mod-frontmatter.mod-ui>DIV.datacore-span-embed>LI.datacore-list-item
13:18:20.070 V schedule render {"reason":"postprocessor","sourcePath":"Notes/Star Elves.md","hadPendingTimer":false,"sizerChildren":7}
13:18:20.071 PP Notes/Ashport Militia.md cls=markdown-preview-view markdown-rendered show-indentation-guide mod-frontmatter mod-ui wrapper=false embed=Ashport Militia sizer=true connected=true kids=PRE.frontmatter,H1.,P.,P.,P.,P.,P. hasSizerDesc=false parents=DIV.markdown-embed-content>SPAN.internal-embed.markdown-embed.inline-embed.is-loaded>P.>SPAN.mod-frontmatter.mod-ui>DIV.datacore-span-embed>LI.datacore-list-item
13:18:20.072 V schedule render {"reason":"postprocessor","sourcePath":"Notes/Ashport Militia.md","hadPendingTimer":false,"sizerChildren":7}
13:18:20.072 PP Notes/Sun Elves.md cls=markdown-preview-view markdown-rendered show-indentation-guide mod-frontmatter mod-ui wrapper=false embed=Sun Elves sizer=false connected=true kids=PRE.frontmatter,H1.,P.,P.,P.,P.,P. hasSizerDesc=false parents=DIV.markdown-embed-content>SPAN.internal-embed.markdown-embed.inline-embed.is-loaded>P.>SPAN.mod-frontmatter.mod-ui>DIV.datacore-span-embed>LI.datacore-list-item
13:18:20.073 V schedule render {"reason":"postprocessor","sourcePath":"Notes/Sun Elves.md","hadPendingTimer":false,"sizerChildren":7}
13:18:20.074 PP Notes/Wild Elves.md cls=markdown-preview-view markdown-rendered show-indentation-guide mod-frontmatter mod-ui wrapper=false embed=Wild Elves sizer=false connected=true kids=PRE.frontmatter,H1.,P.,P.,P.,P.,P.,P.,P. hasSizerDesc=false parents=DIV.markdown-embed-content>SPAN.internal-embed.markdown-embed.inline-embed.is-loaded>P.>SPAN.mod-frontmatter.mod-ui>DIV.datacore-span-embed>LI.datacore-list-item
13:18:20.074 V schedule render {"reason":"postprocessor","sourcePath":"Notes/Wild Elves.md","hadPendingTimer":false,"sizerChildren":9}
13:18:20.075 PP Notes/Drow.md cls=markdown-preview-view markdown-rendered show-indentation-guide mod-frontmatter mod-ui wrapper=false embed=Drow sizer=false connected=true kids=PRE.frontmatter,H1.,P.,P.,P.,P.,P.,P.,P.,P.,P. hasSizerDesc=false parents=DIV.markdown-embed-content>SPAN.internal-embed.markdown-embed.inline-embed.is-loaded>P.>SPAN.mod-frontmatter.mod-ui>DIV.datacore-span-embed>LI.datacore-list-item
13:18:20.076 V schedule render {"reason":"postprocessor","sourcePath":"Notes/Drow.md","hadPendingTimer":false,"sizerChildren":11}
13:18:20.077 PP Notes/Star Elves.md cls=markdown-preview-view markdown-rendered show-indentation-guide mod-frontmatter mod-ui wrapper=false embed=Star Elves sizer=false connected=true kids=PRE.frontmatter,H1.,P.,P.,P.,P.,P. hasSizerDesc=false parents=DIV.markdown-embed-content>SPAN.internal-embed.markdown-embed.inline-embed.is-loaded>P.>SPAN.mod-frontmatter.mod-ui>DIV.datacore-span-embed>LI.datacore-list-item
13:18:20.077 V schedule render {"reason":"postprocessor","sourcePath":"Notes/Star Elves.md","hadPendingTimer":false,"sizerChildren":7}
13:18:20.078 PP Notes/Ashport Militia.md cls=markdown-preview-view markdown-rendered show-indentation-guide mod-frontmatter mod-ui wrapper=false embed=Ashport Militia sizer=false connected=true kids=PRE.frontmatter,H1.,P.,P.,P.,P.,P. hasSizerDesc=false parents=DIV.markdown-embed-content>SPAN.internal-embed.markdown-embed.inline-embed.is-loaded>P.>SPAN.mod-frontmatter.mod-ui>DIV.datacore-span-embed>LI.datacore-list-item
13:18:20.078 V schedule render {"reason":"postprocessor","sourcePath":"Notes/Ashport Militia.md","hadPendingTimer":false,"sizerChildren":7}
13:18:20.086 PP Notes/Greed Sickness.md cls=markdown-preview-view markdown-rendered show-indentation-guide mod-frontmatter mod-ui wrapper=false embed=Greed Sickness sizer=true connected=true kids=PRE.frontmatter,H1.,P.,P.,P.,P.,P. hasSizerDesc=false parents=DIV.markdown-embed-content>SPAN.internal-embed.markdown-embed.inline-embed.is-loaded>P.>SPAN.mod-frontmatter.mod-ui>DIV.datacore-span-embed>LI.datacore-list-item
13:18:20.086 V schedule render {"reason":"postprocessor","sourcePath":"Notes/Greed Sickness.md","hadPendingTimer":false,"sizerChildren":7}
13:18:20.087 PP Notes/Dying Curse.md cls=markdown-preview-view markdown-rendered show-indentation-guide mod-frontmatter mod-ui wrapper=false embed=Dying Curse sizer=true connected=true kids=PRE.frontmatter,H1.,P.,P.,P.,P.,P.,P. hasSizerDesc=false parents=DIV.markdown-embed-content>SPAN.internal-embed.markdown-embed.inline-embed.is-loaded>P.>SPAN.mod-frontmatter.mod-ui>DIV.datacore-span-embed>LI.datacore-list-item
13:18:20.087 V schedule render {"reason":"postprocessor","sourcePath":"Notes/Dying Curse.md","hadPendingTimer":false,"sizerChildren":8}
13:18:20.088 PP Notes/Greed Sickness.md cls=markdown-preview-view markdown-rendered show-indentation-guide mod-frontmatter mod-ui wrapper=false embed=Greed Sickness sizer=false connected=true kids=PRE.frontmatter,H1.,P.,P.,P.,P.,P. hasSizerDesc=false parents=DIV.markdown-embed-content>SPAN.internal-embed.markdown-embed.inline-embed.is-loaded>P.>SPAN.mod-frontmatter.mod-ui>DIV.datacore-span-embed>LI.datacore-list-item
13:18:20.088 V schedule render {"reason":"postprocessor","sourcePath":"Notes/Greed Sickness.md","hadPendingTimer":false,"sizerChildren":7}
13:18:20.089 PP Notes/Dying Curse.md cls=markdown-preview-view markdown-rendered show-indentation-guide mod-frontmatter mod-ui wrapper=false embed=Dying Curse sizer=false connected=true kids=PRE.frontmatter,H1.,P.,P.,P.,P.,P.,P. hasSizerDesc=false parents=DIV.markdown-embed-content>SPAN.internal-embed.markdown-embed.inline-embed.is-loaded>P.>SPAN.mod-frontmatter.mod-ui>DIV.datacore-span-embed>LI.datacore-list-item
13:18:20.089 V schedule render {"reason":"postprocessor","sourcePath":"Notes/Dying Curse.md","hadPendingTimer":false,"sizerChildren":8}
13:18:20.106 V render start {"reason":"postprocessor","token":65,"sourceHint":"🌎 Ekoris.md","sizerConnected":true,"sizerChildren":12}
13:18:20.106 V render found no marker regions {"sourcePath":"🌎 Ekoris.md"}
13:18:20.106 V render start {"reason":"postprocessor","token":1,"sourceHint":"Notes/Sun Elves.md","sizerConnected":true,"sizerChildren":7}
13:18:20.106 V render found no marker regions {"sourcePath":"Notes/Sun Elves.md"}
13:18:20.106 V render start {"reason":"postprocessor","token":1,"sourceHint":"Notes/Wild Elves.md","sizerConnected":true,"sizerChildren":9}
13:18:20.106 V render found no marker regions {"sourcePath":"Notes/Wild Elves.md"}
13:18:20.106 V render start {"reason":"postprocessor","token":1,"sourceHint":"Notes/Drow.md","sizerConnected":true,"sizerChildren":11}
13:18:20.106 V render found no marker regions {"sourcePath":"Notes/Drow.md"}
13:18:20.106 V render start {"reason":"postprocessor","token":1,"sourceHint":"Notes/Star Elves.md","sizerConnected":true,"sizerChildren":7}
13:18:20.106 V render found no marker regions {"sourcePath":"Notes/Star Elves.md"}
13:18:20.106 V render start {"reason":"postprocessor","token":1,"sourceHint":"Notes/Ashport Militia.md","sizerConnected":true,"sizerChildren":7}
13:18:20.106 V render found no marker regions {"sourcePath":"Notes/Ashport Militia.md"}
13:18:20.106 V render start {"reason":"postprocessor","token":1,"sourceHint":"Notes/Sun Elves.md","sizerConnected":true,"sizerChildren":7}
13:18:20.106 V render found no marker regions {"sourcePath":"Notes/Sun Elves.md"}
13:18:20.106 V render start {"reason":"postprocessor","token":1,"sourceHint":"Notes/Wild Elves.md","sizerConnected":true,"sizerChildren":9}
13:18:20.106 V render found no marker regions {"sourcePath":"Notes/Wild Elves.md"}
13:18:20.106 V render start {"reason":"postprocessor","token":1,"sourceHint":"Notes/Drow.md","sizerConnected":true,"sizerChildren":11}
13:18:20.106 V render found no marker regions {"sourcePath":"Notes/Drow.md"}
13:18:20.106 V render start {"reason":"postprocessor","token":1,"sourceHint":"Notes/Star Elves.md","sizerConnected":true,"sizerChildren":7}
13:18:20.106 V render found no marker regions {"sourcePath":"Notes/Star Elves.md"}
13:18:20.106 V render start {"reason":"postprocessor","token":1,"sourceHint":"Notes/Ashport Militia.md","sizerConnected":true,"sizerChildren":7}
13:18:20.106 V render found no marker regions {"sourcePath":"Notes/Ashport Militia.md"}
13:18:20.106 V render start {"reason":"postprocessor","token":1,"sourceHint":"Notes/Greed Sickness.md","sizerConnected":true,"sizerChildren":7}
13:18:20.106 V render found no marker regions {"sourcePath":"Notes/Greed Sickness.md"}
13:18:20.106 V render start {"reason":"postprocessor","token":1,"sourceHint":"Notes/Dying Curse.md","sizerConnected":true,"sizerChildren":8}
13:18:20.106 V render found no marker regions {"sourcePath":"Notes/Dying Curse.md"}
13:18:20.106 V render start {"reason":"postprocessor","token":1,"sourceHint":"Notes/Greed Sickness.md","sizerConnected":true,"sizerChildren":7}
13:18:20.106 V render found no marker regions {"sourcePath":"Notes/Greed Sickness.md"}
13:18:20.106 V render start {"reason":"postprocessor","token":1,"sourceHint":"Notes/Dying Curse.md","sizerConnected":true,"sizerChildren":8}
13:18:20.106 V render found no marker regions {"sourcePath":"Notes/Dying Curse.md"}
13:18:33.969 PP Notes/Na-Boa.md cls=el-pre mod-frontmatter mod-ui wrapper=false embed=null sizer=false connected=false kids=PRE.frontmatter hasSizerDesc=false parents=
13:18:33.970 PP Notes/Na-Boa.md cls=el-h1 wrapper=false embed=null sizer=false connected=false kids=H1. hasSizerDesc=false parents=
13:18:33.970 PP Notes/Na-Boa.md cls=el-p wrapper=false embed=null sizer=false connected=false kids=P. hasSizerDesc=false parents=
13:18:33.970 PP Notes/Na-Boa.md cls=el-p wrapper=false embed=null sizer=false connected=false kids=P. hasSizerDesc=false parents=
13:18:33.970 PP Notes/Na-Boa.md cls=el-p wrapper=false embed=null sizer=false connected=false kids=P. hasSizerDesc=false parents=
13:18:34.194 V schedule render {"reason":"layout-change","sourcePath":"🌎 Ekoris.md","hadPendingTimer":false,"sizerChildren":3}
13:18:34.194 V schedule render {"reason":"layout-change","sourcePath":"Notes/Sun Elves.md","hadPendingTimer":false,"sizerChildren":7}
13:18:34.194 V schedule render {"reason":"layout-change","sourcePath":"Notes/Wild Elves.md","hadPendingTimer":false,"sizerChildren":9}
13:18:34.194 V schedule render {"reason":"layout-change","sourcePath":"Notes/Drow.md","hadPendingTimer":false,"sizerChildren":11}
13:18:34.194 V schedule render {"reason":"layout-change","sourcePath":"Notes/Star Elves.md","hadPendingTimer":false,"sizerChildren":7}
13:18:34.194 V schedule render {"reason":"layout-change","sourcePath":"Notes/Ashport Militia.md","hadPendingTimer":false,"sizerChildren":7}
13:18:34.194 V schedule render {"reason":"layout-change","sourcePath":"Notes/Greed Sickness.md","hadPendingTimer":false,"sizerChildren":7}
13:18:34.194 V schedule render {"reason":"layout-change","sourcePath":"Notes/Dying Curse.md","hadPendingTimer":false,"sizerChildren":8}
13:18:34.345 V render start {"reason":"layout-change","token":66,"sourceHint":"🌎 Ekoris.md","sizerConnected":true,"sizerChildren":3}
13:18:34.345 V render found no marker regions {"sourcePath":"🌎 Ekoris.md"}
13:18:34.345 V render start {"reason":"layout-change","token":2,"sourceHint":"Notes/Sun Elves.md","sizerConnected":true,"sizerChildren":7}
13:18:34.345 V render found no marker regions {"sourcePath":"Notes/Sun Elves.md"}
13:18:34.345 V render start {"reason":"layout-change","token":2,"sourceHint":"Notes/Wild Elves.md","sizerConnected":true,"sizerChildren":9}
13:18:34.345 V render found no marker regions {"sourcePath":"Notes/Wild Elves.md"}
13:18:34.345 V render start {"reason":"layout-change","token":2,"sourceHint":"Notes/Drow.md","sizerConnected":true,"sizerChildren":11}
13:18:34.345 V render found no marker regions {"sourcePath":"Notes/Drow.md"}
13:18:34.345 V render start {"reason":"layout-change","token":2,"sourceHint":"Notes/Star Elves.md","sizerConnected":true,"sizerChildren":7}
13:18:34.345 V render found no marker regions {"sourcePath":"Notes/Star Elves.md"}
13:18:34.345 V render start {"reason":"layout-change","token":2,"sourceHint":"Notes/Ashport Militia.md","sizerConnected":true,"sizerChildren":7}
13:18:34.345 V render found no marker regions {"sourcePath":"Notes/Ashport Militia.md"}
13:18:34.345 V render start {"reason":"layout-change","token":2,"sourceHint":"Notes/Greed Sickness.md","sizerConnected":true,"sizerChildren":7}
13:18:34.345 V render found no marker regions {"sourcePath":"Notes/Greed Sickness.md"}
13:18:34.345 V render start {"reason":"layout-change","token":2,"sourceHint":"Notes/Dying Curse.md","sizerConnected":true,"sizerChildren":8}
13:18:34.345 V render found no marker regions {"sourcePath":"Notes/Dying Curse.md"}
13:18:41.299 PP 🌎 Ekoris.md cls=mod-frontmatter mod-ui wrapper=false embed=null sizer=false connected=true kids=PRE.frontmatter,H1.,P.,P.,P.,P.,P.,P. hasSizerDesc=false parents=DIV.datacore-span-embed>LI.datacore-list-item>UL.datacore-list.datacore-list-unordered>DIV.datacore-list>DIV.block-language-datacorejsx>DIV.cm-preview-code-block.cm-embed-block.markdown-rendered.cm-la
13:18:41.299 V schedule render {"reason":"postprocessor","sourcePath":"🌎 Ekoris.md","hadPendingTimer":false,"sizerChildren":3}
13:18:41.300 PP 🌎 Ekoris.md cls=mod-frontmatter mod-ui wrapper=false embed=null sizer=false connected=true kids=PRE.frontmatter,H1.,P.,P.,P.,P. hasSizerDesc=false parents=DIV.datacore-span-embed>LI.datacore-list-item>UL.datacore-list.datacore-list-unordered>DIV.datacore-list>DIV.block-language-datacorejsx>DIV.cm-preview-code-block.cm-embed-block.markdown-rendered.cm-la
13:18:41.300 V schedule render {"reason":"postprocessor","sourcePath":"🌎 Ekoris.md","hadPendingTimer":true,"sizerChildren":3}
13:18:41.301 PP 🌎 Ekoris.md cls=mod-frontmatter mod-ui wrapper=false embed=null sizer=false connected=true kids=PRE.frontmatter,H1.,P.,P.,P.,P.,P. hasSizerDesc=false parents=DIV.datacore-span-embed>LI.datacore-list-item>UL.datacore-list.datacore-list-unordered>DIV.datacore-list>DIV.block-language-datacorejsx>DIV.cm-preview-code-block.cm-embed-block.markdown-rendered.cm-la
13:18:41.301 V schedule render {"reason":"postprocessor","sourcePath":"🌎 Ekoris.md","hadPendingTimer":true,"sizerChildren":3}
13:18:41.303 PP 🌎 Ekoris.md cls=mod-frontmatter mod-ui wrapper=false embed=null sizer=false connected=true kids=PRE.frontmatter,H1.,UL. hasSizerDesc=false parents=DIV.datacore-span-embed>LI.datacore-list-item>UL.datacore-list.datacore-list-unordered>DIV.datacore-list>DIV.block-language-datacorejsx>DIV.cm-preview-code-block.cm-embed-block.markdown-rendered.cm-la
13:18:41.303 V schedule render {"reason":"postprocessor","sourcePath":"🌎 Ekoris.md","hadPendingTimer":true,"sizerChildren":3}
13:18:41.304 PP 🌎 Ekoris.md cls=mod-frontmatter mod-ui wrapper=false embed=null sizer=false connected=true kids=PRE.frontmatter,H1.,P.,P.,P.,P.,P. hasSizerDesc=false parents=DIV.datacore-span-embed>LI.datacore-list-item>UL.datacore-list.datacore-list-unordered>DIV.datacore-list>DIV.block-language-datacorejsx>DIV.cm-preview-code-block.cm-embed-block.markdown-rendered.cm-la
13:18:41.304 V schedule render {"reason":"postprocessor","sourcePath":"🌎 Ekoris.md","hadPendingTimer":true,"sizerChildren":3}
13:18:41.304 PP 🌎 Ekoris.md cls=mod-frontmatter mod-ui wrapper=false embed=null sizer=false connected=true kids=PRE.frontmatter,H1.,P.,P.,P. hasSizerDesc=false parents=DIV.datacore-span-embed>LI.datacore-list-item>UL.datacore-list.datacore-list-unordered>DIV.datacore-list>DIV.block-language-datacorejsx>DIV.cm-preview-code-block.cm-embed-block.markdown-rendered.cm-la
13:18:41.304 V schedule render {"reason":"postprocessor","sourcePath":"🌎 Ekoris.md","hadPendingTimer":true,"sizerChildren":3}
13:18:41.306 PP 🌎 Ekoris.md cls=mod-frontmatter mod-ui wrapper=false embed=null sizer=false connected=true kids=PRE.frontmatter,H1.,P.,P.,P.,P.,P.,P.,P.,P.,P. hasSizerDesc=false parents=DIV.datacore-span-embed>LI.datacore-list-item>UL.datacore-list.datacore-list-unordered>DIV.datacore-list>DIV.block-language-datacorejsx>DIV.cm-preview-code-block.cm-embed-block.markdown-rendered.cm-la
13:18:41.306 V schedule render {"reason":"postprocessor","sourcePath":"🌎 Ekoris.md","hadPendingTimer":true,"sizerChildren":3}
13:18:41.307 PP 🌎 Ekoris.md cls=mod-frontmatter mod-ui wrapper=false embed=null sizer=false connected=true kids=PRE.frontmatter,H1.,P.,P.,P. hasSizerDesc=false parents=DIV.datacore-span-embed>LI.datacore-list-item>UL.datacore-list.datacore-list-unordered>DIV.datacore-list>DIV.block-language-datacorejsx>DIV.cm-preview-code-block.cm-embed-block.markdown-rendered.cm-la
13:18:41.307 V schedule render {"reason":"postprocessor","sourcePath":"🌎 Ekoris.md","hadPendingTimer":true,"sizerChildren":3}
13:18:41.309 PP 🌎 Ekoris.md cls=mod-frontmatter mod-ui wrapper=false embed=null sizer=false connected=true kids=PRE.frontmatter,H1.,UL. hasSizerDesc=false parents=DIV.datacore-span-embed>LI.datacore-list-item>UL.datacore-list.datacore-list-unordered>DIV.datacore-list>DIV.block-language-datacorejsx>DIV.cm-preview-code-block.cm-embed-block.markdown-rendered.cm-la
13:18:41.309 V schedule render {"reason":"postprocessor","sourcePath":"🌎 Ekoris.md","hadPendingTimer":true,"sizerChildren":3}
13:18:41.310 PP 🌎 Ekoris.md cls=mod-frontmatter mod-ui wrapper=false embed=null sizer=false connected=true kids=PRE.frontmatter,H1.,UL. hasSizerDesc=false parents=DIV.datacore-span-embed>LI.datacore-list-item>UL.datacore-list.datacore-list-unordered>DIV.datacore-list>DIV.block-language-datacorejsx>DIV.cm-preview-code-block.cm-embed-block.markdown-rendered.cm-la
13:18:41.310 V schedule render {"reason":"postprocessor","sourcePath":"🌎 Ekoris.md","hadPendingTimer":true,"sizerChildren":3}
13:18:41.310 PP 🌎 Ekoris.md cls=mod-frontmatter mod-ui wrapper=false embed=null sizer=false connected=true kids=PRE.frontmatter,H1.,P.,P.,P.,P. hasSizerDesc=false parents=DIV.datacore-span-embed>LI.datacore-list-item>UL.datacore-list.datacore-list-unordered>DIV.datacore-list>DIV.block-language-datacorejsx>DIV.cm-preview-code-block.cm-embed-block.markdown-rendered.cm-la
13:18:41.310 V schedule render {"reason":"postprocessor","sourcePath":"🌎 Ekoris.md","hadPendingTimer":true,"sizerChildren":3}
13:18:41.312 PP 🌎 Ekoris.md cls=mod-frontmatter mod-ui wrapper=false embed=null sizer=false connected=true kids=PRE.frontmatter,H1.,P.,P.,P.,P.,P.,P. hasSizerDesc=false parents=DIV.datacore-span-embed>LI.datacore-list-item>UL.datacore-list.datacore-list-unordered>DIV.datacore-list>DIV.block-language-datacorejsx>DIV.cm-preview-code-block.cm-embed-block.markdown-rendered.cm-la
13:18:41.312 V schedule render {"reason":"postprocessor","sourcePath":"🌎 Ekoris.md","hadPendingTimer":true,"sizerChildren":3}
13:18:41.313 PP 🌎 Ekoris.md cls=mod-frontmatter mod-ui wrapper=false embed=null sizer=false connected=true kids=PRE.frontmatter,H1.,P.,P.,P.,P.,P.,P.,P.,P.,P. hasSizerDesc=false parents=DIV.datacore-span-embed>LI.datacore-list-item>UL.datacore-list.datacore-list-unordered>DIV.datacore-list>DIV.block-language-datacorejsx>DIV.cm-preview-code-block.cm-embed-block.markdown-rendered.cm-la
13:18:41.313 V schedule render {"reason":"postprocessor","sourcePath":"🌎 Ekoris.md","hadPendingTimer":true,"sizerChildren":3}
13:18:41.314 PP 🌎 Ekoris.md cls=mod-frontmatter mod-ui wrapper=false embed=null sizer=false connected=true kids=PRE.frontmatter,H1.,P.,P.,P.,P.,P.,P.,P.,P.,P.,P.,P.,P.,P. hasSizerDesc=false parents=DIV.datacore-span-embed>LI.datacore-list-item>UL.datacore-list.datacore-list-unordered>DIV.datacore-list>DIV.block-language-datacorejsx>DIV.cm-preview-code-block.cm-embed-block.markdown-rendered.cm-la
13:18:41.314 V schedule render {"reason":"postprocessor","sourcePath":"🌎 Ekoris.md","hadPendingTimer":true,"sizerChildren":3}
13:18:41.316 PP 🌎 Ekoris.md cls=mod-frontmatter mod-ui wrapper=false embed=null sizer=false connected=true kids=PRE.frontmatter,H1.,P.,P.,P.,P.,P.,P.,P.,P.,P. hasSizerDesc=false parents=DIV.datacore-span-embed>LI.datacore-list-item>UL.datacore-list.datacore-list-unordered>DIV.datacore-list>DIV.block-language-datacorejsx>DIV.cm-preview-code-block.cm-embed-block.markdown-rendered.cm-la
13:18:41.316 V schedule render {"reason":"postprocessor","sourcePath":"🌎 Ekoris.md","hadPendingTimer":true,"sizerChildren":3}
13:18:41.318 PP 🌎 Ekoris.md cls=mod-frontmatter mod-ui wrapper=false embed=null sizer=false connected=true kids=PRE.frontmatter,H1.,P.,P. hasSizerDesc=false parents=DIV.datacore-span-embed>LI.datacore-list-item>UL.datacore-list.datacore-list-unordered>DIV.datacore-list>DIV.block-language-datacorejsx>DIV.cm-preview-code-block.cm-embed-block.markdown-rendered.cm-la
13:18:41.318 V schedule render {"reason":"postprocessor","sourcePath":"🌎 Ekoris.md","hadPendingTimer":true,"sizerChildren":3}
13:18:41.321 PP 🌎 Ekoris.md cls=mod-frontmatter mod-ui wrapper=false embed=null sizer=false connected=true kids=PRE.frontmatter,H1.,P.,P.,P.,P.,P.,P.,P.,P.,P.,P.,P.,P.,P. hasSizerDesc=false parents=DIV.datacore-span-embed>LI.datacore-list-item>UL.datacore-list.datacore-list-unordered>DIV.datacore-list>DIV.block-language-datacorejsx>DIV.cm-preview-code-block.cm-embed-block.markdown-rendered.cm-la
13:18:41.321 V schedule render {"reason":"postprocessor","sourcePath":"🌎 Ekoris.md","hadPendingTimer":true,"sizerChildren":3}
13:18:41.322 PP 🌎 Ekoris.md cls=mod-frontmatter mod-ui wrapper=false embed=null sizer=false connected=true kids=PRE.frontmatter,H1.,P.,P.,P.,P.,P.,P.,P. hasSizerDesc=false parents=DIV.datacore-span-embed>LI.datacore-list-item>UL.datacore-list.datacore-list-unordered>DIV.datacore-list>DIV.block-language-datacorejsx>DIV.cm-preview-code-block.cm-embed-block.markdown-rendered.cm-la
13:18:41.322 V schedule render {"reason":"postprocessor","sourcePath":"🌎 Ekoris.md","hadPendingTimer":true,"sizerChildren":3}
13:18:41.323 PP 🌎 Ekoris.md cls=mod-frontmatter mod-ui wrapper=false embed=null sizer=false connected=true kids=PRE.frontmatter,H1.,P.,P.,P.,P. hasSizerDesc=false parents=DIV.datacore-span-embed>LI.datacore-list-item>UL.datacore-list.datacore-list-unordered>DIV.datacore-list>DIV.block-language-datacorejsx>DIV.cm-preview-code-block.cm-embed-block.markdown-rendered.cm-la
13:18:41.323 V schedule render {"reason":"postprocessor","sourcePath":"🌎 Ekoris.md","hadPendingTimer":true,"sizerChildren":3}
13:18:41.324 PP 🌎 Ekoris.md cls=mod-frontmatter mod-ui wrapper=false embed=null sizer=false connected=true kids=PRE.frontmatter,H1.,P.,P.,P.,P.,P. hasSizerDesc=false parents=DIV.datacore-span-embed>LI.datacore-list-item>UL.datacore-list.datacore-list-unordered>DIV.datacore-list>DIV.block-language-datacorejsx>DIV.cm-preview-code-block.cm-embed-block.markdown-rendered.cm-la
13:18:41.324 V schedule render {"reason":"postprocessor","sourcePath":"🌎 Ekoris.md","hadPendingTimer":true,"sizerChildren":3}
13:18:41.325 PP 🌎 Ekoris.md cls=mod-frontmatter mod-ui wrapper=false embed=null sizer=false connected=true kids=PRE.frontmatter,H1.,P.,P.,P.,P. hasSizerDesc=false parents=DIV.datacore-span-embed>LI.datacore-list-item>UL.datacore-list.datacore-list-unordered>DIV.datacore-list>DIV.block-language-datacorejsx>DIV.cm-preview-code-block.cm-embed-block.markdown-rendered.cm-la
13:18:41.325 V schedule render {"reason":"postprocessor","sourcePath":"🌎 Ekoris.md","hadPendingTimer":true,"sizerChildren":3}
13:18:41.326 PP 🌎 Ekoris.md cls=mod-frontmatter mod-ui wrapper=false embed=null sizer=false connected=true kids=PRE.frontmatter,H1.,P.,P.,P.,P.,P.,P.,P. hasSizerDesc=false parents=DIV.datacore-span-embed>LI.datacore-list-item>UL.datacore-list.datacore-list-unordered>DIV.datacore-list>DIV.block-language-datacorejsx>DIV.cm-preview-code-block.cm-embed-block.markdown-rendered.cm-la
13:18:41.326 V schedule render {"reason":"postprocessor","sourcePath":"🌎 Ekoris.md","hadPendingTimer":true,"sizerChildren":3}
13:18:41.330 PP Notes/Sun Elves.md cls=markdown-preview-view markdown-rendered show-indentation-guide mod-frontmatter mod-ui wrapper=false embed=Sun Elves sizer=false connected=true kids=PRE.frontmatter,H1.,P.,P.,P.,P.,P. hasSizerDesc=false parents=DIV.markdown-embed-content>SPAN.internal-embed.markdown-embed.inline-embed.is-loaded>P.>SPAN.mod-frontmatter.mod-ui>DIV.datacore-span-embed>LI.datacore-list-item
13:18:41.330 V schedule render {"reason":"postprocessor","sourcePath":"Notes/Sun Elves.md","hadPendingTimer":false,"sizerChildren":7}
13:18:41.331 PP Notes/Wild Elves.md cls=markdown-preview-view markdown-rendered show-indentation-guide mod-frontmatter mod-ui wrapper=false embed=Wild Elves sizer=false connected=true kids=PRE.frontmatter,H1.,P.,P.,P.,P.,P.,P.,P. hasSizerDesc=false parents=DIV.markdown-embed-content>SPAN.internal-embed.markdown-embed.inline-embed.is-loaded>P.>SPAN.mod-frontmatter.mod-ui>DIV.datacore-span-embed>LI.datacore-list-item
13:18:41.331 V schedule render {"reason":"postprocessor","sourcePath":"Notes/Wild Elves.md","hadPendingTimer":false,"sizerChildren":9}
13:18:41.333 PP Notes/Drow.md cls=markdown-preview-view markdown-rendered show-indentation-guide mod-frontmatter mod-ui wrapper=false embed=Drow sizer=false connected=true kids=PRE.frontmatter,H1.,P.,P.,P.,P.,P.,P.,P.,P.,P. hasSizerDesc=false parents=DIV.markdown-embed-content>SPAN.internal-embed.markdown-embed.inline-embed.is-loaded>P.>SPAN.mod-frontmatter.mod-ui>DIV.datacore-span-embed>LI.datacore-list-item
13:18:41.333 V schedule render {"reason":"postprocessor","sourcePath":"Notes/Drow.md","hadPendingTimer":false,"sizerChildren":11}
13:18:41.334 PP Notes/Star Elves.md cls=markdown-preview-view markdown-rendered show-indentation-guide mod-frontmatter mod-ui wrapper=false embed=Star Elves sizer=false connected=true kids=PRE.frontmatter,H1.,P.,P.,P.,P.,P. hasSizerDesc=false parents=DIV.markdown-embed-content>SPAN.internal-embed.markdown-embed.inline-embed.is-loaded>P.>SPAN.mod-frontmatter.mod-ui>DIV.datacore-span-embed>LI.datacore-list-item
13:18:41.334 V schedule render {"reason":"postprocessor","sourcePath":"Notes/Star Elves.md","hadPendingTimer":false,"sizerChildren":7}
13:18:41.335 PP Notes/Ashport Militia.md cls=markdown-preview-view markdown-rendered show-indentation-guide mod-frontmatter mod-ui wrapper=false embed=Ashport Militia sizer=false connected=true kids=PRE.frontmatter,H1.,P.,P.,P.,P.,P. hasSizerDesc=false parents=DIV.markdown-embed-content>SPAN.internal-embed.markdown-embed.inline-embed.is-loaded>P.>SPAN.mod-frontmatter.mod-ui>DIV.datacore-span-embed>LI.datacore-list-item
13:18:41.335 V schedule render {"reason":"postprocessor","sourcePath":"Notes/Ashport Militia.md","hadPendingTimer":false,"sizerChildren":7}
13:18:41.336 PP Notes/Greed Sickness.md cls=markdown-preview-view markdown-rendered show-indentation-guide mod-frontmatter mod-ui wrapper=false embed=Greed Sickness sizer=false connected=true kids=PRE.frontmatter,H1.,P.,P.,P.,P.,P. hasSizerDesc=false parents=DIV.markdown-embed-content>SPAN.internal-embed.markdown-embed.inline-embed.is-loaded>P.>SPAN.mod-frontmatter.mod-ui>DIV.datacore-span-embed>LI.datacore-list-item
13:18:41.336 V schedule render {"reason":"postprocessor","sourcePath":"Notes/Greed Sickness.md","hadPendingTimer":false,"sizerChildren":7}
13:18:41.338 PP Notes/Dying Curse.md cls=markdown-preview-view markdown-rendered show-indentation-guide mod-frontmatter mod-ui wrapper=false embed=Dying Curse sizer=false connected=true kids=PRE.frontmatter,H1.,P.,P.,P.,P.,P.,P. hasSizerDesc=false parents=DIV.markdown-embed-content>SPAN.internal-embed.markdown-embed.inline-embed.is-loaded>P.>SPAN.mod-frontmatter.mod-ui>DIV.datacore-span-embed>LI.datacore-list-item
13:18:41.338 V schedule render {"reason":"postprocessor","sourcePath":"Notes/Dying Curse.md","hadPendingTimer":false,"sizerChildren":8}
13:18:41.360 V render start {"reason":"postprocessor","token":67,"sourceHint":"🌎 Ekoris.md","sizerConnected":true,"sizerChildren":3}
13:18:41.361 V render found no marker regions {"sourcePath":"🌎 Ekoris.md"}
13:18:41.361 V render start {"reason":"postprocessor","token":1,"sourceHint":"Notes/Sun Elves.md","sizerConnected":true,"sizerChildren":7}
13:18:41.361 V render found no marker regions {"sourcePath":"Notes/Sun Elves.md"}
13:18:41.361 V render start {"reason":"postprocessor","token":1,"sourceHint":"Notes/Wild Elves.md","sizerConnected":true,"sizerChildren":9}
13:18:41.361 V render found no marker regions {"sourcePath":"Notes/Wild Elves.md"}
13:18:41.361 V render start {"reason":"postprocessor","token":1,"sourceHint":"Notes/Drow.md","sizerConnected":true,"sizerChildren":11}
13:18:41.361 V render found no marker regions {"sourcePath":"Notes/Drow.md"}
13:18:41.361 V render start {"reason":"postprocessor","token":1,"sourceHint":"Notes/Star Elves.md","sizerConnected":true,"sizerChildren":7}
13:18:41.361 V render found no marker regions {"sourcePath":"Notes/Star Elves.md"}
13:18:41.361 V render start {"reason":"postprocessor","token":1,"sourceHint":"Notes/Ashport Militia.md","sizerConnected":true,"sizerChildren":7}
13:18:41.361 V render found no marker regions {"sourcePath":"Notes/Ashport Militia.md"}
13:18:41.361 V render start {"reason":"postprocessor","token":1,"sourceHint":"Notes/Greed Sickness.md","sizerConnected":true,"sizerChildren":7}
13:18:41.361 V render found no marker regions {"sourcePath":"Notes/Greed Sickness.md"}
13:18:41.361 V render start {"reason":"postprocessor","token":1,"sourceHint":"Notes/Dying Curse.md","sizerConnected":true,"sizerChildren":8}
13:18:41.361 V render found no marker regions {"sourcePath":"Notes/Dying Curse.md"}
13:18:45.889 PP 🌎 Ekoris.md cls=mod-frontmatter mod-ui wrapper=false embed=null sizer=false connected=true kids=PRE.frontmatter,H1.,P.,P.,P.,P.,P.,P. hasSizerDesc=false parents=DIV.datacore-span-embed>LI.datacore-list-item>UL.datacore-list.datacore-list-unordered>DIV.datacore-list>DIV.block-language-datacorejsx>DIV.cm-preview-code-block.cm-embed-block.markdown-rendered.cm-la
13:18:45.889 V schedule render {"reason":"postprocessor","sourcePath":"🌎 Ekoris.md","hadPendingTimer":false,"sizerChildren":3}
13:18:45.890 PP 🌎 Ekoris.md cls=mod-frontmatter mod-ui wrapper=false embed=null sizer=false connected=true kids=PRE.frontmatter,H1.,P.,P.,P.,P. hasSizerDesc=false parents=DIV.datacore-span-embed>LI.datacore-list-item>UL.datacore-list.datacore-list-unordered>DIV.datacore-list>DIV.block-language-datacorejsx>DIV.cm-preview-code-block.cm-embed-block.markdown-rendered.cm-la
13:18:45.890 V schedule render {"reason":"postprocessor","sourcePath":"🌎 Ekoris.md","hadPendingTimer":true,"sizerChildren":3}
13:18:45.891 PP 🌎 Ekoris.md cls=mod-frontmatter mod-ui wrapper=false embed=null sizer=false connected=true kids=PRE.frontmatter,H1.,P.,P.,P.,P.,P. hasSizerDesc=false parents=DIV.datacore-span-embed>LI.datacore-list-item>UL.datacore-list.datacore-list-unordered>DIV.datacore-list>DIV.block-language-datacorejsx>DIV.cm-preview-code-block.cm-embed-block.markdown-rendered.cm-la
13:18:45.891 V schedule render {"reason":"postprocessor","sourcePath":"🌎 Ekoris.md","hadPendingTimer":true,"sizerChildren":3}
13:18:45.892 PP 🌎 Ekoris.md cls=mod-frontmatter mod-ui wrapper=false embed=null sizer=false connected=true kids=PRE.frontmatter,H1.,UL. hasSizerDesc=false parents=DIV.datacore-span-embed>LI.datacore-list-item>UL.datacore-list.datacore-list-unordered>DIV.datacore-list>DIV.block-language-datacorejsx>DIV.cm-preview-code-block.cm-embed-block.markdown-rendered.cm-la
13:18:45.892 V schedule render {"reason":"postprocessor","sourcePath":"🌎 Ekoris.md","hadPendingTimer":true,"sizerChildren":3}
13:18:45.893 PP 🌎 Ekoris.md cls=mod-frontmatter mod-ui wrapper=false embed=null sizer=false connected=true kids=PRE.frontmatter,H1.,P.,P.,P.,P.,P. hasSizerDesc=false parents=DIV.datacore-span-embed>LI.datacore-list-item>UL.datacore-list.datacore-list-unordered>DIV.datacore-list>DIV.block-language-datacorejsx>DIV.cm-preview-code-block.cm-embed-block.markdown-rendered.cm-la
13:18:45.893 V schedule render {"reason":"postprocessor","sourcePath":"🌎 Ekoris.md","hadPendingTimer":true,"sizerChildren":3}
13:18:45.894 PP 🌎 Ekoris.md cls=mod-frontmatter mod-ui wrapper=false embed=null sizer=false connected=true kids=PRE.frontmatter,H1.,P.,P.,P. hasSizerDesc=false parents=DIV.datacore-span-embed>LI.datacore-list-item>UL.datacore-list.datacore-list-unordered>DIV.datacore-list>DIV.block-language-datacorejsx>DIV.cm-preview-code-block.cm-embed-block.markdown-rendered.cm-la
13:18:45.894 V schedule render {"reason":"postprocessor","sourcePath":"🌎 Ekoris.md","hadPendingTimer":true,"sizerChildren":3}
13:18:45.895 PP 🌎 Ekoris.md cls=mod-frontmatter mod-ui wrapper=false embed=null sizer=false connected=true kids=PRE.frontmatter,H1.,P.,P.,P.,P.,P.,P.,P.,P.,P. hasSizerDesc=false parents=DIV.datacore-span-embed>LI.datacore-list-item>UL.datacore-list.datacore-list-unordered>DIV.datacore-list>DIV.block-language-datacorejsx>DIV.cm-preview-code-block.cm-embed-block.markdown-rendered.cm-la
13:18:45.895 V schedule render {"reason":"postprocessor","sourcePath":"🌎 Ekoris.md","hadPendingTimer":true,"sizerChildren":3}
13:18:45.896 PP 🌎 Ekoris.md cls=mod-frontmatter mod-ui wrapper=false embed=null sizer=false connected=true kids=PRE.frontmatter,H1.,P.,P.,P. hasSizerDesc=false parents=DIV.datacore-span-embed>LI.datacore-list-item>UL.datacore-list.datacore-list-unordered>DIV.datacore-list>DIV.block-language-datacorejsx>DIV.cm-preview-code-block.cm-embed-block.markdown-rendered.cm-la
13:18:45.896 V schedule render {"reason":"postprocessor","sourcePath":"🌎 Ekoris.md","hadPendingTimer":true,"sizerChildren":3}
13:18:45.897 PP 🌎 Ekoris.md cls=mod-frontmatter mod-ui wrapper=false embed=null sizer=false connected=true kids=PRE.frontmatter,H1.,UL. hasSizerDesc=false parents=DIV.datacore-span-embed>LI.datacore-list-item>UL.datacore-list.datacore-list-unordered>DIV.datacore-list>DIV.block-language-datacorejsx>DIV.cm-preview-code-block.cm-embed-block.markdown-rendered.cm-la
13:18:45.897 V schedule render {"reason":"postprocessor","sourcePath":"🌎 Ekoris.md","hadPendingTimer":true,"sizerChildren":3}
13:18:45.897 PP 🌎 Ekoris.md cls=mod-frontmatter mod-ui wrapper=false embed=null sizer=false connected=true kids=PRE.frontmatter,H1.,UL. hasSizerDesc=false parents=DIV.datacore-span-embed>LI.datacore-list-item>UL.datacore-list.datacore-list-unordered>DIV.datacore-list>DIV.block-language-datacorejsx>DIV.cm-preview-code-block.cm-embed-block.markdown-rendered.cm-la
13:18:45.897 V schedule render {"reason":"postprocessor","sourcePath":"🌎 Ekoris.md","hadPendingTimer":true,"sizerChildren":3}
13:18:45.898 PP 🌎 Ekoris.md cls=mod-frontmatter mod-ui wrapper=false embed=null sizer=false connected=true kids=PRE.frontmatter,H1.,P.,P.,P.,P. hasSizerDesc=false parents=DIV.datacore-span-embed>LI.datacore-list-item>UL.datacore-list.datacore-list-unordered>DIV.datacore-list>DIV.block-language-datacorejsx>DIV.cm-preview-code-block.cm-embed-block.markdown-rendered.cm-la
13:18:45.898 V schedule render {"reason":"postprocessor","sourcePath":"🌎 Ekoris.md","hadPendingTimer":true,"sizerChildren":3}
13:18:45.900 PP 🌎 Ekoris.md cls=mod-frontmatter mod-ui wrapper=false embed=null sizer=false connected=true kids=PRE.frontmatter,H1.,P.,P.,P.,P.,P.,P. hasSizerDesc=false parents=DIV.datacore-span-embed>LI.datacore-list-item>UL.datacore-list.datacore-list-unordered>DIV.datacore-list>DIV.block-language-datacorejsx>DIV.cm-preview-code-block.cm-embed-block.markdown-rendered.cm-la
13:18:45.900 V schedule render {"reason":"postprocessor","sourcePath":"🌎 Ekoris.md","hadPendingTimer":true,"sizerChildren":3}
13:18:45.901 PP 🌎 Ekoris.md cls=mod-frontmatter mod-ui wrapper=false embed=null sizer=false connected=true kids=PRE.frontmatter,H1.,P.,P.,P.,P.,P.,P.,P.,P.,P. hasSizerDesc=false parents=DIV.datacore-span-embed>LI.datacore-list-item>UL.datacore-list.datacore-list-unordered>DIV.datacore-list>DIV.block-language-datacorejsx>DIV.cm-preview-code-block.cm-embed-block.markdown-rendered.cm-la
13:18:45.901 V schedule render {"reason":"postprocessor","sourcePath":"🌎 Ekoris.md","hadPendingTimer":true,"sizerChildren":3}
13:18:45.902 PP 🌎 Ekoris.md cls=mod-frontmatter mod-ui wrapper=false embed=null sizer=false connected=true kids=PRE.frontmatter,H1.,P.,P.,P.,P.,P.,P.,P.,P.,P.,P.,P.,P.,P. hasSizerDesc=false parents=DIV.datacore-span-embed>LI.datacore-list-item>UL.datacore-list.datacore-list-unordered>DIV.datacore-list>DIV.block-language-datacorejsx>DIV.cm-preview-code-block.cm-embed-block.markdown-rendered.cm-la
13:18:45.902 V schedule render {"reason":"postprocessor","sourcePath":"🌎 Ekoris.md","hadPendingTimer":true,"sizerChildren":3}
13:18:45.904 PP 🌎 Ekoris.md cls=mod-frontmatter mod-ui wrapper=false embed=null sizer=false connected=true kids=PRE.frontmatter,H1.,P.,P.,P.,P.,P.,P.,P.,P.,P. hasSizerDesc=false parents=DIV.datacore-span-embed>LI.datacore-list-item>UL.datacore-list.datacore-list-unordered>DIV.datacore-list>DIV.block-language-datacorejsx>DIV.cm-preview-code-block.cm-embed-block.markdown-rendered.cm-la
13:18:45.904 V schedule render {"reason":"postprocessor","sourcePath":"🌎 Ekoris.md","hadPendingTimer":true,"sizerChildren":3}
13:18:45.905 PP 🌎 Ekoris.md cls=mod-frontmatter mod-ui wrapper=false embed=null sizer=false connected=true kids=PRE.frontmatter,H1.,P.,P. hasSizerDesc=false parents=DIV.datacore-span-embed>LI.datacore-list-item>UL.datacore-list.datacore-list-unordered>DIV.datacore-list>DIV.block-language-datacorejsx>DIV.cm-preview-code-block.cm-embed-block.markdown-rendered.cm-la
13:18:45.905 V schedule render {"reason":"postprocessor","sourcePath":"🌎 Ekoris.md","hadPendingTimer":true,"sizerChildren":3}
13:18:45.906 PP 🌎 Ekoris.md cls=mod-frontmatter mod-ui wrapper=false embed=null sizer=false connected=true kids=PRE.frontmatter,H1.,P.,P.,P.,P.,P.,P.,P.,P.,P.,P.,P.,P.,P. hasSizerDesc=false parents=DIV.datacore-span-embed>LI.datacore-list-item>UL.datacore-list.datacore-list-unordered>DIV.datacore-list>DIV.block-language-datacorejsx>DIV.cm-preview-code-block.cm-embed-block.markdown-rendered.cm-la
13:18:45.906 V schedule render {"reason":"postprocessor","sourcePath":"🌎 Ekoris.md","hadPendingTimer":true,"sizerChildren":3}
13:18:45.907 PP 🌎 Ekoris.md cls=mod-frontmatter mod-ui wrapper=false embed=null sizer=false connected=true kids=PRE.frontmatter,H1.,P.,P.,P.,P.,P.,P.,P. hasSizerDesc=false parents=DIV.datacore-span-embed>LI.datacore-list-item>UL.datacore-list.datacore-list-unordered>DIV.datacore-list>DIV.block-language-datacorejsx>DIV.cm-preview-code-block.cm-embed-block.markdown-rendered.cm-la
13:18:45.907 V schedule render {"reason":"postprocessor","sourcePath":"🌎 Ekoris.md","hadPendingTimer":true,"sizerChildren":3}
13:18:45.907 PP 🌎 Ekoris.md cls=mod-frontmatter mod-ui wrapper=false embed=null sizer=false connected=true kids=PRE.frontmatter,H1.,P.,P.,P.,P. hasSizerDesc=false parents=DIV.datacore-span-embed>LI.datacore-list-item>UL.datacore-list.datacore-list-unordered>DIV.datacore-list>DIV.block-language-datacorejsx>DIV.cm-preview-code-block.cm-embed-block.markdown-rendered.cm-la
13:18:45.907 V schedule render {"reason":"postprocessor","sourcePath":"🌎 Ekoris.md","hadPendingTimer":true,"sizerChildren":3}
13:18:45.908 PP 🌎 Ekoris.md cls=mod-frontmatter mod-ui wrapper=false embed=null sizer=false connected=true kids=PRE.frontmatter,H1.,P.,P.,P.,P.,P. hasSizerDesc=false parents=DIV.datacore-span-embed>LI.datacore-list-item>UL.datacore-list.datacore-list-unordered>DIV.datacore-list>DIV.block-language-datacorejsx>DIV.cm-preview-code-block.cm-embed-block.markdown-rendered.cm-la
13:18:45.908 V schedule render {"reason":"postprocessor","sourcePath":"🌎 Ekoris.md","hadPendingTimer":true,"sizerChildren":3}
13:18:45.909 PP 🌎 Ekoris.md cls=mod-frontmatter mod-ui wrapper=false embed=null sizer=false connected=true kids=PRE.frontmatter,H1.,P.,P.,P.,P. hasSizerDesc=false parents=DIV.datacore-span-embed>LI.datacore-list-item>UL.datacore-list.datacore-list-unordered>DIV.datacore-list>DIV.block-language-datacorejsx>DIV.cm-preview-code-block.cm-embed-block.markdown-rendered.cm-la
13:18:45.909 V schedule render {"reason":"postprocessor","sourcePath":"🌎 Ekoris.md","hadPendingTimer":true,"sizerChildren":3}
13:18:45.910 PP 🌎 Ekoris.md cls=mod-frontmatter mod-ui wrapper=false embed=null sizer=false connected=true kids=PRE.frontmatter,H1.,P.,P.,P.,P.,P.,P.,P. hasSizerDesc=false parents=DIV.datacore-span-embed>LI.datacore-list-item>UL.datacore-list.datacore-list-unordered>DIV.datacore-list>DIV.block-language-datacorejsx>DIV.cm-preview-code-block.cm-embed-block.markdown-rendered.cm-la
13:18:45.910 V schedule render {"reason":"postprocessor","sourcePath":"🌎 Ekoris.md","hadPendingTimer":true,"sizerChildren":3}
13:18:45.912 PP Notes/Sun Elves.md cls=markdown-preview-view markdown-rendered show-indentation-guide mod-frontmatter mod-ui wrapper=false embed=Sun Elves sizer=false connected=true kids=PRE.frontmatter,H1.,P.,P.,P.,P.,P. hasSizerDesc=false parents=DIV.markdown-embed-content>SPAN.internal-embed.markdown-embed.inline-embed.is-loaded>P.>SPAN.mod-frontmatter.mod-ui>DIV.datacore-span-embed>LI.datacore-list-item
13:18:45.912 V schedule render {"reason":"postprocessor","sourcePath":"Notes/Sun Elves.md","hadPendingTimer":false,"sizerChildren":7}
13:18:45.913 PP Notes/Wild Elves.md cls=markdown-preview-view markdown-rendered show-indentation-guide mod-frontmatter mod-ui wrapper=false embed=Wild Elves sizer=false connected=true kids=PRE.frontmatter,H1.,P.,P.,P.,P.,P.,P.,P. hasSizerDesc=false parents=DIV.markdown-embed-content>SPAN.internal-embed.markdown-embed.inline-embed.is-loaded>P.>SPAN.mod-frontmatter.mod-ui>DIV.datacore-span-embed>LI.datacore-list-item
13:18:45.913 V schedule render {"reason":"postprocessor","sourcePath":"Notes/Wild Elves.md","hadPendingTimer":false,"sizerChildren":9}
13:18:45.914 PP Notes/Drow.md cls=markdown-preview-view markdown-rendered show-indentation-guide mod-frontmatter mod-ui wrapper=false embed=Drow sizer=false connected=true kids=PRE.frontmatter,H1.,P.,P.,P.,P.,P.,P.,P.,P.,P. hasSizerDesc=false parents=DIV.markdown-embed-content>SPAN.internal-embed.markdown-embed.inline-embed.is-loaded>P.>SPAN.mod-frontmatter.mod-ui>DIV.datacore-span-embed>LI.datacore-list-item
13:18:45.914 V schedule render {"reason":"postprocessor","sourcePath":"Notes/Drow.md","hadPendingTimer":false,"sizerChildren":11}
13:18:45.916 PP Notes/Star Elves.md cls=markdown-preview-view markdown-rendered show-indentation-guide mod-frontmatter mod-ui wrapper=false embed=Star Elves sizer=false connected=true kids=PRE.frontmatter,H1.,P.,P.,P.,P.,P. hasSizerDesc=false parents=DIV.markdown-embed-content>SPAN.internal-embed.markdown-embed.inline-embed.is-loaded>P.>SPAN.mod-frontmatter.mod-ui>DIV.datacore-span-embed>LI.datacore-list-item
13:18:45.916 V schedule render {"reason":"postprocessor","sourcePath":"Notes/Star Elves.md","hadPendingTimer":false,"sizerChildren":7}
13:18:45.917 PP Notes/Ashport Militia.md cls=markdown-preview-view markdown-rendered show-indentation-guide mod-frontmatter mod-ui wrapper=false embed=Ashport Militia sizer=false connected=true kids=PRE.frontmatter,H1.,P.,P.,P.,P.,P. hasSizerDesc=false parents=DIV.markdown-embed-content>SPAN.internal-embed.markdown-embed.inline-embed.is-loaded>P.>SPAN.mod-frontmatter.mod-ui>DIV.datacore-span-embed>LI.datacore-list-item
13:18:45.917 V schedule render {"reason":"postprocessor","sourcePath":"Notes/Ashport Militia.md","hadPendingTimer":false,"sizerChildren":7}
13:18:45.918 PP Notes/Greed Sickness.md cls=markdown-preview-view markdown-rendered show-indentation-guide mod-frontmatter mod-ui wrapper=false embed=Greed Sickness sizer=false connected=true kids=PRE.frontmatter,H1.,P.,P.,P.,P.,P. hasSizerDesc=false parents=DIV.markdown-embed-content>SPAN.internal-embed.markdown-embed.inline-embed.is-loaded>P.>SPAN.mod-frontmatter.mod-ui>DIV.datacore-span-embed>LI.datacore-list-item
13:18:45.918 V schedule render {"reason":"postprocessor","sourcePath":"Notes/Greed Sickness.md","hadPendingTimer":false,"sizerChildren":7}
13:18:45.919 PP Notes/Dying Curse.md cls=markdown-preview-view markdown-rendered show-indentation-guide mod-frontmatter mod-ui wrapper=false embed=Dying Curse sizer=false connected=true kids=PRE.frontmatter,H1.,P.,P.,P.,P.,P.,P. hasSizerDesc=false parents=DIV.markdown-embed-content>SPAN.internal-embed.markdown-embed.inline-embed.is-loaded>P.>SPAN.mod-frontmatter.mod-ui>DIV.datacore-span-embed>LI.datacore-list-item
13:18:45.919 V schedule render {"reason":"postprocessor","sourcePath":"Notes/Dying Curse.md","hadPendingTimer":false,"sizerChildren":8}
13:18:45.936 V render start {"reason":"postprocessor","token":68,"sourceHint":"🌎 Ekoris.md","sizerConnected":true,"sizerChildren":3}
13:18:45.936 V render found no marker regions {"sourcePath":"🌎 Ekoris.md"}
13:18:45.936 V render start {"reason":"postprocessor","token":1,"sourceHint":"Notes/Sun Elves.md","sizerConnected":true,"sizerChildren":7}
13:18:45.936 V render found no marker regions {"sourcePath":"Notes/Sun Elves.md"}
13:18:45.936 V render start {"reason":"postprocessor","token":1,"sourceHint":"Notes/Wild Elves.md","sizerConnected":true,"sizerChildren":9}
13:18:45.936 V render found no marker regions {"sourcePath":"Notes/Wild Elves.md"}
13:18:45.936 V render start {"reason":"postprocessor","token":1,"sourceHint":"Notes/Drow.md","sizerConnected":true,"sizerChildren":11}
13:18:45.936 V render found no marker regions {"sourcePath":"Notes/Drow.md"}
13:18:45.936 V render start {"reason":"postprocessor","token":1,"sourceHint":"Notes/Star Elves.md","sizerConnected":true,"sizerChildren":7}
13:18:45.936 V render found no marker regions {"sourcePath":"Notes/Star Elves.md"}
13:18:45.936 V render start {"reason":"postprocessor","token":1,"sourceHint":"Notes/Ashport Militia.md","sizerConnected":true,"sizerChildren":7}
13:18:45.936 V render found no marker regions {"sourcePath":"Notes/Ashport Militia.md"}
13:18:45.936 V render start {"reason":"postprocessor","token":1,"sourceHint":"Notes/Greed Sickness.md","sizerConnected":true,"sizerChildren":7}
13:18:45.936 V render found no marker regions {"sourcePath":"Notes/Greed Sickness.md"}
13:18:45.936 V render start {"reason":"postprocessor","token":1,"sourceHint":"Notes/Dying Curse.md","sizerConnected":true,"sizerChildren":8}
13:18:45.936 V render found no marker regions {"sourcePath":"Notes/Dying Curse.md"}
13:19:21.059 V schedule render {"reason":"file-modified","sourcePath":"🌎 Ekoris.md","hadPendingTimer":false,"sizerChildren":3}
13:19:21.219 V render start {"reason":"file-modified","token":69,"sourceHint":"🌎 Ekoris.md","sizerConnected":true,"sizerChildren":3}
13:19:21.220 V render found no marker regions {"sourcePath":"🌎 Ekoris.md"}
13:19:22.311 V schedule render {"reason":"file-modified","sourcePath":"🌎 Ekoris.md","hadPendingTimer":false,"sizerChildren":3}
13:19:22.346 PP 🌎 Ekoris.md cls=el-pre wrapper=false embed=null sizer=false connected=false kids=DIV.block-language-datacorejsx hasSizerDesc=false parents=
13:19:22.347 V schedule render {"reason":"postprocessor","sourcePath":"🌎 Ekoris.md","hadPendingTimer":true,"sizerChildren":3}
13:19:22.360 V render start {"reason":"postprocessor","token":70,"sourceHint":"🌎 Ekoris.md","sizerConnected":true,"sizerChildren":5}
13:19:22.360 V render found no marker regions {"sourcePath":"🌎 Ekoris.md"}
13:19:22.370 V schedule render {"reason":"layout-change","sourcePath":"🌎 Ekoris.md","hadPendingTimer":false,"sizerChildren":5}
13:19:22.383 PP 🌎 Ekoris.md cls=mod-frontmatter mod-ui wrapper=false embed=null sizer=true connected=true kids=PRE.frontmatter,H1.,P.,P.,P.,P. hasSizerDesc=false parents=DIV.datacore-span-embed>LI.datacore-list-item>UL.datacore-list.datacore-list-unordered>DIV.datacore-list>DIV.block-language-datacorejsx>DIV.el-pre
13:19:22.383 V schedule render {"reason":"postprocessor","sourcePath":"🌎 Ekoris.md","hadPendingTimer":true,"sizerChildren":5}
13:19:22.385 PP 🌎 Ekoris.md cls=mod-frontmatter mod-ui wrapper=false embed=null sizer=true connected=true kids=PRE.frontmatter,H1.,P.,P.,P.,P.,P.,P. hasSizerDesc=false parents=DIV.datacore-span-embed>LI.datacore-list-item>UL.datacore-list.datacore-list-unordered>DIV.datacore-list>DIV.block-language-datacorejsx>DIV.el-pre
13:19:22.385 V schedule render {"reason":"postprocessor","sourcePath":"🌎 Ekoris.md","hadPendingTimer":true,"sizerChildren":5}
13:19:22.386 PP 🌎 Ekoris.md cls=mod-frontmatter mod-ui wrapper=false embed=null sizer=true connected=true kids=PRE.frontmatter,H1.,P.,P.,P.,P.,P.,P.,P.,P.,P. hasSizerDesc=false parents=DIV.datacore-span-embed>LI.datacore-list-item>UL.datacore-list.datacore-list-unordered>DIV.datacore-list>DIV.block-language-datacorejsx>DIV.el-pre
13:19:22.386 V schedule render {"reason":"postprocessor","sourcePath":"🌎 Ekoris.md","hadPendingTimer":true,"sizerChildren":5}
13:19:22.388 PP 🌎 Ekoris.md cls=mod-frontmatter mod-ui wrapper=false embed=null sizer=true connected=true kids=PRE.frontmatter,H1.,P.,P.,P.,P.,P.,P.,P.,P.,P.,P.,P.,P.,P. hasSizerDesc=false parents=DIV.datacore-span-embed>LI.datacore-list-item>UL.datacore-list.datacore-list-unordered>DIV.datacore-list>DIV.block-language-datacorejsx>DIV.el-pre
13:19:22.388 V schedule render {"reason":"postprocessor","sourcePath":"🌎 Ekoris.md","hadPendingTimer":true,"sizerChildren":5}
13:19:22.390 PP 🌎 Ekoris.md cls=mod-frontmatter mod-ui wrapper=false embed=null sizer=true connected=true kids=PRE.frontmatter,H1.,P.,P.,P.,P.,P.,P.,P.,P.,P. hasSizerDesc=false parents=DIV.datacore-span-embed>LI.datacore-list-item>UL.datacore-list.datacore-list-unordered>DIV.datacore-list>DIV.block-language-datacorejsx>DIV.el-pre
13:19:22.390 V schedule render {"reason":"postprocessor","sourcePath":"🌎 Ekoris.md","hadPendingTimer":true,"sizerChildren":5}
13:19:22.390 PP 🌎 Ekoris.md cls=mod-frontmatter mod-ui wrapper=false embed=null sizer=true connected=true kids=PRE.frontmatter,H1.,P.,P. hasSizerDesc=false parents=DIV.datacore-span-embed>LI.datacore-list-item>UL.datacore-list.datacore-list-unordered>DIV.datacore-list>DIV.block-language-datacorejsx>DIV.el-pre
13:19:22.390 V schedule render {"reason":"postprocessor","sourcePath":"🌎 Ekoris.md","hadPendingTimer":true,"sizerChildren":5}
13:19:22.392 PP 🌎 Ekoris.md cls=mod-frontmatter mod-ui wrapper=false embed=null sizer=true connected=true kids=PRE.frontmatter,H1.,P.,P.,P.,P.,P.,P.,P.,P.,P.,P.,P.,P.,P. hasSizerDesc=false parents=DIV.datacore-span-embed>LI.datacore-list-item>UL.datacore-list.datacore-list-unordered>DIV.datacore-list>DIV.block-language-datacorejsx>DIV.el-pre
13:19:22.392 V schedule render {"reason":"postprocessor","sourcePath":"🌎 Ekoris.md","hadPendingTimer":true,"sizerChildren":5}
13:19:22.394 PP 🌎 Ekoris.md cls=mod-frontmatter mod-ui wrapper=false embed=null sizer=true connected=true kids=PRE.frontmatter,H1.,P.,P.,P.,P.,P.,P.,P. hasSizerDesc=false parents=DIV.datacore-span-embed>LI.datacore-list-item>UL.datacore-list.datacore-list-unordered>DIV.datacore-list>DIV.block-language-datacorejsx>DIV.el-pre
13:19:22.394 V schedule render {"reason":"postprocessor","sourcePath":"🌎 Ekoris.md","hadPendingTimer":true,"sizerChildren":5}
13:19:22.395 PP 🌎 Ekoris.md cls=mod-frontmatter mod-ui wrapper=false embed=null sizer=false connected=true kids=PRE.frontmatter,H1.,P.,P.,P.,P. hasSizerDesc=false parents=DIV.datacore-span-embed>LI.datacore-list-item>UL.datacore-list.datacore-list-unordered>DIV.datacore-list>DIV.block-language-datacorejsx>DIV.cm-preview-code-block.cm-embed-block.markdown-rendered.cm-la
13:19:22.395 V schedule render {"reason":"postprocessor","sourcePath":"🌎 Ekoris.md","hadPendingTimer":true,"sizerChildren":5}
13:19:22.396 PP 🌎 Ekoris.md cls=mod-frontmatter mod-ui wrapper=false embed=null sizer=false connected=true kids=PRE.frontmatter,H1.,P.,P.,P.,P.,P.,P. hasSizerDesc=false parents=DIV.datacore-span-embed>LI.datacore-list-item>UL.datacore-list.datacore-list-unordered>DIV.datacore-list>DIV.block-language-datacorejsx>DIV.cm-preview-code-block.cm-embed-block.markdown-rendered.cm-la
13:19:22.396 V schedule render {"reason":"postprocessor","sourcePath":"🌎 Ekoris.md","hadPendingTimer":true,"sizerChildren":5}
13:19:22.397 PP 🌎 Ekoris.md cls=mod-frontmatter mod-ui wrapper=false embed=null sizer=false connected=true kids=PRE.frontmatter,H1.,P.,P.,P.,P.,P.,P.,P.,P.,P. hasSizerDesc=false parents=DIV.datacore-span-embed>LI.datacore-list-item>UL.datacore-list.datacore-list-unordered>DIV.datacore-list>DIV.block-language-datacorejsx>DIV.cm-preview-code-block.cm-embed-block.markdown-rendered.cm-la
13:19:22.397 V schedule render {"reason":"postprocessor","sourcePath":"🌎 Ekoris.md","hadPendingTimer":true,"sizerChildren":5}
13:19:22.399 PP 🌎 Ekoris.md cls=mod-frontmatter mod-ui wrapper=false embed=null sizer=false connected=true kids=PRE.frontmatter,H1.,P.,P.,P.,P.,P.,P.,P.,P.,P.,P.,P.,P.,P. hasSizerDesc=false parents=DIV.datacore-span-embed>LI.datacore-list-item>UL.datacore-list.datacore-list-unordered>DIV.datacore-list>DIV.block-language-datacorejsx>DIV.cm-preview-code-block.cm-embed-block.markdown-rendered.cm-la
13:19:22.399 V schedule render {"reason":"postprocessor","sourcePath":"🌎 Ekoris.md","hadPendingTimer":true,"sizerChildren":5}
13:19:22.400 PP 🌎 Ekoris.md cls=mod-frontmatter mod-ui wrapper=false embed=null sizer=false connected=true kids=PRE.frontmatter,H1.,P.,P.,P.,P.,P.,P.,P.,P.,P. hasSizerDesc=false parents=DIV.datacore-span-embed>LI.datacore-list-item>UL.datacore-list.datacore-list-unordered>DIV.datacore-list>DIV.block-language-datacorejsx>DIV.cm-preview-code-block.cm-embed-block.markdown-rendered.cm-la
13:19:22.400 V schedule render {"reason":"postprocessor","sourcePath":"🌎 Ekoris.md","hadPendingTimer":true,"sizerChildren":5}
13:19:22.401 PP 🌎 Ekoris.md cls=mod-frontmatter mod-ui wrapper=false embed=null sizer=false connected=true kids=PRE.frontmatter,H1.,P.,P. hasSizerDesc=false parents=DIV.datacore-span-embed>LI.datacore-list-item>UL.datacore-list.datacore-list-unordered>DIV.datacore-list>DIV.block-language-datacorejsx>DIV.cm-preview-code-block.cm-embed-block.markdown-rendered.cm-la
13:19:22.401 V schedule render {"reason":"postprocessor","sourcePath":"🌎 Ekoris.md","hadPendingTimer":true,"sizerChildren":5}
13:19:22.403 PP 🌎 Ekoris.md cls=mod-frontmatter mod-ui wrapper=false embed=null sizer=false connected=true kids=PRE.frontmatter,H1.,P.,P.,P.,P.,P.,P.,P.,P.,P.,P.,P.,P.,P. hasSizerDesc=false parents=DIV.datacore-span-embed>LI.datacore-list-item>UL.datacore-list.datacore-list-unordered>DIV.datacore-list>DIV.block-language-datacorejsx>DIV.cm-preview-code-block.cm-embed-block.markdown-rendered.cm-la
13:19:22.403 V schedule render {"reason":"postprocessor","sourcePath":"🌎 Ekoris.md","hadPendingTimer":true,"sizerChildren":5}
13:19:22.404 PP 🌎 Ekoris.md cls=mod-frontmatter mod-ui wrapper=false embed=null sizer=false connected=true kids=PRE.frontmatter,H1.,P.,P.,P.,P.,P.,P.,P. hasSizerDesc=false parents=DIV.datacore-span-embed>LI.datacore-list-item>UL.datacore-list.datacore-list-unordered>DIV.datacore-list>DIV.block-language-datacorejsx>DIV.cm-preview-code-block.cm-embed-block.markdown-rendered.cm-la
13:19:22.404 V schedule render {"reason":"postprocessor","sourcePath":"🌎 Ekoris.md","hadPendingTimer":true,"sizerChildren":5}
13:19:22.404 PP 🌎 Ekoris.md cls=mod-frontmatter mod-ui wrapper=false embed=null sizer=true connected=true kids=PRE.frontmatter,H1.,P.,P.,P.,P. hasSizerDesc=false parents=DIV.datacore-span-embed>LI.datacore-list-item>UL.datacore-list.datacore-list-unordered>DIV.datacore-list>DIV.block-language-datacorejsx>DIV.el-pre
13:19:22.404 V schedule render {"reason":"postprocessor","sourcePath":"🌎 Ekoris.md","hadPendingTimer":true,"sizerChildren":5}
13:19:22.405 PP 🌎 Ekoris.md cls=mod-frontmatter mod-ui wrapper=false embed=null sizer=false connected=true kids=PRE.frontmatter,H1.,P.,P.,P.,P. hasSizerDesc=false parents=DIV.datacore-span-embed>LI.datacore-list-item>UL.datacore-list.datacore-list-unordered>DIV.datacore-list>DIV.block-language-datacorejsx>DIV.cm-preview-code-block.cm-embed-block.markdown-rendered.cm-la
13:19:22.405 V schedule render {"reason":"postprocessor","sourcePath":"🌎 Ekoris.md","hadPendingTimer":true,"sizerChildren":5}
13:19:22.406 PP 🌎 Ekoris.md cls=mod-frontmatter mod-ui wrapper=false embed=null sizer=true connected=true kids=PRE.frontmatter,H1.,P.,P.,P.,P.,P. hasSizerDesc=false parents=DIV.datacore-span-embed>LI.datacore-list-item>UL.datacore-list.datacore-list-unordered>DIV.datacore-list>DIV.block-language-datacorejsx>DIV.el-pre
13:19:22.406 V schedule render {"reason":"postprocessor","sourcePath":"🌎 Ekoris.md","hadPendingTimer":true,"sizerChildren":5}
13:19:22.406 PP 🌎 Ekoris.md cls=mod-frontmatter mod-ui wrapper=false embed=null sizer=false connected=true kids=PRE.frontmatter,H1.,P.,P.,P.,P.,P. hasSizerDesc=false parents=DIV.datacore-span-embed>LI.datacore-list-item>UL.datacore-list.datacore-list-unordered>DIV.datacore-list>DIV.block-language-datacorejsx>DIV.cm-preview-code-block.cm-embed-block.markdown-rendered.cm-la
13:19:22.407 V schedule render {"reason":"postprocessor","sourcePath":"🌎 Ekoris.md","hadPendingTimer":true,"sizerChildren":5}
13:19:22.407 PP 🌎 Ekoris.md cls=mod-frontmatter mod-ui wrapper=false embed=null sizer=true connected=true kids=PRE.frontmatter,H1.,P.,P.,P.,P. hasSizerDesc=false parents=DIV.datacore-span-embed>LI.datacore-list-item>UL.datacore-list.datacore-list-unordered>DIV.datacore-list>DIV.block-language-datacorejsx>DIV.el-pre
13:19:22.407 V schedule render {"reason":"postprocessor","sourcePath":"🌎 Ekoris.md","hadPendingTimer":true,"sizerChildren":5}
13:19:22.408 PP 🌎 Ekoris.md cls=mod-frontmatter mod-ui wrapper=false embed=null sizer=false connected=true kids=PRE.frontmatter,H1.,P.,P.,P.,P. hasSizerDesc=false parents=DIV.datacore-span-embed>LI.datacore-list-item>UL.datacore-list.datacore-list-unordered>DIV.datacore-list>DIV.block-language-datacorejsx>DIV.cm-preview-code-block.cm-embed-block.markdown-rendered.cm-la
13:19:22.408 V schedule render {"reason":"postprocessor","sourcePath":"🌎 Ekoris.md","hadPendingTimer":true,"sizerChildren":5}
13:19:22.409 PP 🌎 Ekoris.md cls=mod-frontmatter mod-ui wrapper=false embed=null sizer=true connected=true kids=PRE.frontmatter,H1.,P.,P.,P.,P.,P.,P.,P. hasSizerDesc=false parents=DIV.datacore-span-embed>LI.datacore-list-item>UL.datacore-list.datacore-list-unordered>DIV.datacore-list>DIV.block-language-datacorejsx>DIV.el-pre
13:19:22.409 V schedule render {"reason":"postprocessor","sourcePath":"🌎 Ekoris.md","hadPendingTimer":true,"sizerChildren":5}
13:19:22.410 PP 🌎 Ekoris.md cls=mod-frontmatter mod-ui wrapper=false embed=null sizer=false connected=true kids=PRE.frontmatter,H1.,P.,P.,P.,P.,P.,P.,P. hasSizerDesc=false parents=DIV.datacore-span-embed>LI.datacore-list-item>UL.datacore-list.datacore-list-unordered>DIV.datacore-list>DIV.block-language-datacorejsx>DIV.cm-preview-code-block.cm-embed-block.markdown-rendered.cm-la
13:19:22.410 V schedule render {"reason":"postprocessor","sourcePath":"🌎 Ekoris.md","hadPendingTimer":true,"sizerChildren":5}
13:19:22.412 PP Notes/Greed Sickness.md cls=markdown-preview-view markdown-rendered show-indentation-guide mod-frontmatter mod-ui wrapper=false embed=Greed Sickness sizer=true connected=true kids=PRE.frontmatter,H1.,P.,P.,P.,P.,P. hasSizerDesc=false parents=DIV.markdown-embed-content>SPAN.internal-embed.markdown-embed.inline-embed.is-loaded>P.>SPAN.mod-frontmatter.mod-ui>DIV.datacore-span-embed>LI.datacore-list-item
13:19:22.412 V schedule render {"reason":"postprocessor","sourcePath":"Notes/Greed Sickness.md","hadPendingTimer":false,"sizerChildren":7}
13:19:22.413 PP Notes/Dying Curse.md cls=markdown-preview-view markdown-rendered show-indentation-guide mod-frontmatter mod-ui wrapper=false embed=Dying Curse sizer=true connected=true kids=PRE.frontmatter,H1.,P.,P.,P.,P.,P.,P. hasSizerDesc=false parents=DIV.markdown-embed-content>SPAN.internal-embed.markdown-embed.inline-embed.is-loaded>P.>SPAN.mod-frontmatter.mod-ui>DIV.datacore-span-embed>LI.datacore-list-item
13:19:22.413 V schedule render {"reason":"postprocessor","sourcePath":"Notes/Dying Curse.md","hadPendingTimer":false,"sizerChildren":8}
13:19:22.415 PP Notes/Greed Sickness.md cls=markdown-preview-view markdown-rendered show-indentation-guide mod-frontmatter mod-ui wrapper=false embed=Greed Sickness sizer=false connected=true kids=PRE.frontmatter,H1.,P.,P.,P.,P.,P. hasSizerDesc=false parents=DIV.markdown-embed-content>SPAN.internal-embed.markdown-embed.inline-embed.is-loaded>P.>SPAN.mod-frontmatter.mod-ui>DIV.datacore-span-embed>LI.datacore-list-item
13:19:22.415 V schedule render {"reason":"postprocessor","sourcePath":"Notes/Greed Sickness.md","hadPendingTimer":false,"sizerChildren":7}
13:19:22.416 PP Notes/Dying Curse.md cls=markdown-preview-view markdown-rendered show-indentation-guide mod-frontmatter mod-ui wrapper=false embed=Dying Curse sizer=false connected=true kids=PRE.frontmatter,H1.,P.,P.,P.,P.,P.,P. hasSizerDesc=false parents=DIV.markdown-embed-content>SPAN.internal-embed.markdown-embed.inline-embed.is-loaded>P.>SPAN.mod-frontmatter.mod-ui>DIV.datacore-span-embed>LI.datacore-list-item
13:19:22.416 V schedule render {"reason":"postprocessor","sourcePath":"Notes/Dying Curse.md","hadPendingTimer":false,"sizerChildren":8}
13:19:22.416 V render start {"reason":"postprocessor","token":71,"sourceHint":"🌎 Ekoris.md","sizerConnected":true,"sizerChildren":5}
13:19:22.416 V render found no marker regions {"sourcePath":"🌎 Ekoris.md"}
13:19:22.425 V render start {"reason":"postprocessor","token":1,"sourceHint":"Notes/Greed Sickness.md","sizerConnected":true,"sizerChildren":7}
13:19:22.425 V render found no marker regions {"sourcePath":"Notes/Greed Sickness.md"}
13:19:22.425 V render start {"reason":"postprocessor","token":1,"sourceHint":"Notes/Dying Curse.md","sizerConnected":true,"sizerChildren":8}
13:19:22.425 V render found no marker regions {"sourcePath":"Notes/Dying Curse.md"}
13:19:22.425 V render start {"reason":"postprocessor","token":1,"sourceHint":"Notes/Greed Sickness.md","sizerConnected":true,"sizerChildren":7}
13:19:22.425 V render found no marker regions {"sourcePath":"Notes/Greed Sickness.md"}
13:19:22.425 V render start {"reason":"postprocessor","token":1,"sourceHint":"Notes/Dying Curse.md","sizerConnected":true,"sizerChildren":8}
13:19:22.425 V render found no marker regions {"sourcePath":"Notes/Dying Curse.md"}
13:19:32.316 V schedule render {"reason":"layout-change","sourcePath":"🌎 Ekoris.md","hadPendingTimer":false,"sizerChildren":3}
13:19:32.316 V schedule render {"reason":"layout-change","sourcePath":"Notes/Greed Sickness.md","hadPendingTimer":false,"sizerChildren":7}
13:19:32.316 V schedule render {"reason":"layout-change","sourcePath":"Notes/Dying Curse.md","hadPendingTimer":false,"sizerChildren":8}
13:19:32.468 V render start {"reason":"layout-change","token":72,"sourceHint":"🌎 Ekoris.md","sizerConnected":true,"sizerChildren":3}
13:19:32.468 V render found no marker regions {"sourcePath":"🌎 Ekoris.md"}
13:19:32.468 V render start {"reason":"layout-change","token":2,"sourceHint":"Notes/Greed Sickness.md","sizerConnected":true,"sizerChildren":7}
13:19:32.468 V render found no marker regions {"sourcePath":"Notes/Greed Sickness.md"}
13:19:32.468 V render start {"reason":"layout-change","token":2,"sourceHint":"Notes/Dying Curse.md","sizerConnected":true,"sizerChildren":8}
13:19:32.468 V render found no marker regions {"sourcePath":"Notes/Dying Curse.md"}
13:19:35.358 V schedule render {"reason":"file-modified","sourcePath":"🌎 Ekoris.md","hadPendingTimer":false,"sizerChildren":3}
13:19:35.392 PP 🌎 Ekoris.md cls=el-pre wrapper=false embed=null sizer=false connected=false kids=DIV.block-language-datacorejsx hasSizerDesc=false parents=
13:19:35.392 V schedule render {"reason":"postprocessor","sourcePath":"🌎 Ekoris.md","hadPendingTimer":true,"sizerChildren":3}
13:19:35.406 V render start {"reason":"postprocessor","token":73,"sourceHint":"🌎 Ekoris.md","sizerConnected":true,"sizerChildren":5}
13:19:35.406 V render found no marker regions {"sourcePath":"🌎 Ekoris.md"}
13:19:35.412 V schedule render {"reason":"layout-change","sourcePath":"🌎 Ekoris.md","hadPendingTimer":false,"sizerChildren":5}
13:19:35.423 PP 🌎 Ekoris.md cls=mod-frontmatter mod-ui wrapper=false embed=null sizer=true connected=true kids=PRE.frontmatter,H1.,P.,P.,P.,P. hasSizerDesc=false parents=DIV.datacore-span-embed>LI.datacore-list-item>UL.datacore-list.datacore-list-unordered>DIV.datacore-list>DIV.block-language-datacorejsx>DIV.el-pre
13:19:35.423 V schedule render {"reason":"postprocessor","sourcePath":"🌎 Ekoris.md","hadPendingTimer":true,"sizerChildren":5}
13:19:35.424 PP 🌎 Ekoris.md cls=mod-frontmatter mod-ui wrapper=false embed=null sizer=true connected=true kids=PRE.frontmatter,H1.,P.,P.,P.,P.,P.,P. hasSizerDesc=false parents=DIV.datacore-span-embed>LI.datacore-list-item>UL.datacore-list.datacore-list-unordered>DIV.datacore-list>DIV.block-language-datacorejsx>DIV.el-pre
13:19:35.424 V schedule render {"reason":"postprocessor","sourcePath":"🌎 Ekoris.md","hadPendingTimer":true,"sizerChildren":5}
13:19:35.425 PP 🌎 Ekoris.md cls=mod-frontmatter mod-ui wrapper=false embed=null sizer=true connected=true kids=PRE.frontmatter,H1.,P.,P.,P.,P.,P.,P.,P.,P.,P. hasSizerDesc=false parents=DIV.datacore-span-embed>LI.datacore-list-item>UL.datacore-list.datacore-list-unordered>DIV.datacore-list>DIV.block-language-datacorejsx>DIV.el-pre
13:19:35.425 V schedule render {"reason":"postprocessor","sourcePath":"🌎 Ekoris.md","hadPendingTimer":true,"sizerChildren":5}
13:19:35.427 PP 🌎 Ekoris.md cls=mod-frontmatter mod-ui wrapper=false embed=null sizer=true connected=true kids=PRE.frontmatter,H1.,P.,P.,P.,P.,P.,P.,P.,P.,P.,P.,P.,P.,P. hasSizerDesc=false parents=DIV.datacore-span-embed>LI.datacore-list-item>UL.datacore-list.datacore-list-unordered>DIV.datacore-list>DIV.block-language-datacorejsx>DIV.el-pre
13:19:35.427 V schedule render {"reason":"postprocessor","sourcePath":"🌎 Ekoris.md","hadPendingTimer":true,"sizerChildren":5}
13:19:35.429 PP 🌎 Ekoris.md cls=mod-frontmatter mod-ui wrapper=false embed=null sizer=true connected=true kids=PRE.frontmatter,H1.,P.,P.,P.,P.,P.,P.,P.,P.,P. hasSizerDesc=false parents=DIV.datacore-span-embed>LI.datacore-list-item>UL.datacore-list.datacore-list-unordered>DIV.datacore-list>DIV.block-language-datacorejsx>DIV.el-pre
13:19:35.429 V schedule render {"reason":"postprocessor","sourcePath":"🌎 Ekoris.md","hadPendingTimer":true,"sizerChildren":5}
13:19:35.430 PP 🌎 Ekoris.md cls=mod-frontmatter mod-ui wrapper=false embed=null sizer=true connected=true kids=PRE.frontmatter,H1.,P.,P. hasSizerDesc=false parents=DIV.datacore-span-embed>LI.datacore-list-item>UL.datacore-list.datacore-list-unordered>DIV.datacore-list>DIV.block-language-datacorejsx>DIV.el-pre
13:19:35.430 V schedule render {"reason":"postprocessor","sourcePath":"🌎 Ekoris.md","hadPendingTimer":true,"sizerChildren":5}
13:19:35.431 PP 🌎 Ekoris.md cls=mod-frontmatter mod-ui wrapper=false embed=null sizer=true connected=true kids=PRE.frontmatter,H1.,P.,P.,P.,P.,P.,P.,P.,P.,P.,P.,P.,P.,P. hasSizerDesc=false parents=DIV.datacore-span-embed>LI.datacore-list-item>UL.datacore-list.datacore-list-unordered>DIV.datacore-list>DIV.block-language-datacorejsx>DIV.el-pre
13:19:35.431 V schedule render {"reason":"postprocessor","sourcePath":"🌎 Ekoris.md","hadPendingTimer":true,"sizerChildren":5}
13:19:35.432 PP 🌎 Ekoris.md cls=mod-frontmatter mod-ui wrapper=false embed=null sizer=true connected=true kids=PRE.frontmatter,H1.,P.,P.,P.,P.,P.,P.,P. hasSizerDesc=false parents=DIV.datacore-span-embed>LI.datacore-list-item>UL.datacore-list.datacore-list-unordered>DIV.datacore-list>DIV.block-language-datacorejsx>DIV.el-pre
13:19:35.432 V schedule render {"reason":"postprocessor","sourcePath":"🌎 Ekoris.md","hadPendingTimer":true,"sizerChildren":5}
13:19:35.433 PP 🌎 Ekoris.md cls=mod-frontmatter mod-ui wrapper=false embed=null sizer=false connected=true kids=PRE.frontmatter,H1.,P.,P.,P.,P. hasSizerDesc=false parents=DIV.datacore-span-embed>LI.datacore-list-item>UL.datacore-list.datacore-list-unordered>DIV.datacore-list>DIV.block-language-datacorejsx>DIV.cm-preview-code-block.cm-embed-block.markdown-rendered.cm-la
13:19:35.433 V schedule render {"reason":"postprocessor","sourcePath":"🌎 Ekoris.md","hadPendingTimer":true,"sizerChildren":5}
13:19:35.434 PP 🌎 Ekoris.md cls=mod-frontmatter mod-ui wrapper=false embed=null sizer=false connected=true kids=PRE.frontmatter,H1.,P.,P.,P.,P.,P.,P. hasSizerDesc=false parents=DIV.datacore-span-embed>LI.datacore-list-item>UL.datacore-list.datacore-list-unordered>DIV.datacore-list>DIV.block-language-datacorejsx>DIV.cm-preview-code-block.cm-embed-block.markdown-rendered.cm-la
13:19:35.434 V schedule render {"reason":"postprocessor","sourcePath":"🌎 Ekoris.md","hadPendingTimer":true,"sizerChildren":5}
13:19:35.436 PP 🌎 Ekoris.md cls=mod-frontmatter mod-ui wrapper=false embed=null sizer=false connected=true kids=PRE.frontmatter,H1.,P.,P.,P.,P.,P.,P.,P.,P.,P. hasSizerDesc=false parents=DIV.datacore-span-embed>LI.datacore-list-item>UL.datacore-list.datacore-list-unordered>DIV.datacore-list>DIV.block-language-datacorejsx>DIV.cm-preview-code-block.cm-embed-block.markdown-rendered.cm-la
13:19:35.436 V schedule render {"reason":"postprocessor","sourcePath":"🌎 Ekoris.md","hadPendingTimer":true,"sizerChildren":5}
13:19:35.439 PP 🌎 Ekoris.md cls=mod-frontmatter mod-ui wrapper=false embed=null sizer=false connected=true kids=PRE.frontmatter,H1.,P.,P.,P.,P.,P.,P.,P.,P.,P.,P.,P.,P.,P. hasSizerDesc=false parents=DIV.datacore-span-embed>LI.datacore-list-item>UL.datacore-list.datacore-list-unordered>DIV.datacore-list>DIV.block-language-datacorejsx>DIV.cm-preview-code-block.cm-embed-block.markdown-rendered.cm-la
13:19:35.439 V schedule render {"reason":"postprocessor","sourcePath":"🌎 Ekoris.md","hadPendingTimer":true,"sizerChildren":5}
13:19:35.441 PP 🌎 Ekoris.md cls=mod-frontmatter mod-ui wrapper=false embed=null sizer=false connected=true kids=PRE.frontmatter,H1.,P.,P.,P.,P.,P.,P.,P.,P.,P. hasSizerDesc=false parents=DIV.datacore-span-embed>LI.datacore-list-item>UL.datacore-list.datacore-list-unordered>DIV.datacore-list>DIV.block-language-datacorejsx>DIV.cm-preview-code-block.cm-embed-block.markdown-rendered.cm-la
13:19:35.441 V schedule render {"reason":"postprocessor","sourcePath":"🌎 Ekoris.md","hadPendingTimer":true,"sizerChildren":5}
13:19:35.442 PP 🌎 Ekoris.md cls=mod-frontmatter mod-ui wrapper=false embed=null sizer=false connected=true kids=PRE.frontmatter,H1.,P.,P. hasSizerDesc=false parents=DIV.datacore-span-embed>LI.datacore-list-item>UL.datacore-list.datacore-list-unordered>DIV.datacore-list>DIV.block-language-datacorejsx>DIV.cm-preview-code-block.cm-embed-block.markdown-rendered.cm-la
13:19:35.442 V schedule render {"reason":"postprocessor","sourcePath":"🌎 Ekoris.md","hadPendingTimer":true,"sizerChildren":5}
13:19:35.444 PP 🌎 Ekoris.md cls=mod-frontmatter mod-ui wrapper=false embed=null sizer=false connected=true kids=PRE.frontmatter,H1.,P.,P.,P.,P.,P.,P.,P.,P.,P.,P.,P.,P.,P. hasSizerDesc=false parents=DIV.datacore-span-embed>LI.datacore-list-item>UL.datacore-list.datacore-list-unordered>DIV.datacore-list>DIV.block-language-datacorejsx>DIV.cm-preview-code-block.cm-embed-block.markdown-rendered.cm-la
13:19:35.445 V schedule render {"reason":"postprocessor","sourcePath":"🌎 Ekoris.md","hadPendingTimer":true,"sizerChildren":5}
13:19:35.446 PP 🌎 Ekoris.md cls=mod-frontmatter mod-ui wrapper=false embed=null sizer=false connected=true kids=PRE.frontmatter,H1.,P.,P.,P.,P.,P.,P.,P. hasSizerDesc=false parents=DIV.datacore-span-embed>LI.datacore-list-item>UL.datacore-list.datacore-list-unordered>DIV.datacore-list>DIV.block-language-datacorejsx>DIV.cm-preview-code-block.cm-embed-block.markdown-rendered.cm-la
13:19:35.446 V schedule render {"reason":"postprocessor","sourcePath":"🌎 Ekoris.md","hadPendingTimer":true,"sizerChildren":5}
13:19:35.447 PP 🌎 Ekoris.md cls=mod-frontmatter mod-ui wrapper=false embed=null sizer=true connected=true kids=PRE.frontmatter,H1.,P.,P.,P.,P. hasSizerDesc=false parents=DIV.datacore-span-embed>LI.datacore-list-item>UL.datacore-list.datacore-list-unordered>DIV.datacore-list>DIV.block-language-datacorejsx>DIV.el-pre
13:19:35.447 V schedule render {"reason":"postprocessor","sourcePath":"🌎 Ekoris.md","hadPendingTimer":true,"sizerChildren":5}
13:19:35.449 PP 🌎 Ekoris.md cls=mod-frontmatter mod-ui wrapper=false embed=null sizer=false connected=true kids=PRE.frontmatter,H1.,P.,P.,P.,P. hasSizerDesc=false parents=DIV.datacore-span-embed>LI.datacore-list-item>UL.datacore-list.datacore-list-unordered>DIV.datacore-list>DIV.block-language-datacorejsx>DIV.cm-preview-code-block.cm-embed-block.markdown-rendered.cm-la
13:19:35.449 V schedule render {"reason":"postprocessor","sourcePath":"🌎 Ekoris.md","hadPendingTimer":true,"sizerChildren":5}
13:19:35.449 PP 🌎 Ekoris.md cls=mod-frontmatter mod-ui wrapper=false embed=null sizer=true connected=true kids=PRE.frontmatter,H1.,P.,P.,P.,P.,P. hasSizerDesc=false parents=DIV.datacore-span-embed>LI.datacore-list-item>UL.datacore-list.datacore-list-unordered>DIV.datacore-list>DIV.block-language-datacorejsx>DIV.el-pre
13:19:35.450 V schedule render {"reason":"postprocessor","sourcePath":"🌎 Ekoris.md","hadPendingTimer":true,"sizerChildren":5}
13:19:35.450 PP 🌎 Ekoris.md cls=mod-frontmatter mod-ui wrapper=false embed=null sizer=false connected=true kids=PRE.frontmatter,H1.,P.,P.,P.,P.,P. hasSizerDesc=false parents=DIV.datacore-span-embed>LI.datacore-list-item>UL.datacore-list.datacore-list-unordered>DIV.datacore-list>DIV.block-language-datacorejsx>DIV.cm-preview-code-block.cm-embed-block.markdown-rendered.cm-la
13:19:35.450 V schedule render {"reason":"postprocessor","sourcePath":"🌎 Ekoris.md","hadPendingTimer":true,"sizerChildren":5}
13:19:35.452 PP 🌎 Ekoris.md cls=mod-frontmatter mod-ui wrapper=false embed=null sizer=true connected=true kids=PRE.frontmatter,H1.,P.,P.,P.,P. hasSizerDesc=false parents=DIV.datacore-span-embed>LI.datacore-list-item>UL.datacore-list.datacore-list-unordered>DIV.datacore-list>DIV.block-language-datacorejsx>DIV.el-pre
13:19:35.452 V schedule render {"reason":"postprocessor","sourcePath":"🌎 Ekoris.md","hadPendingTimer":true,"sizerChildren":5}
13:19:35.453 PP 🌎 Ekoris.md cls=mod-frontmatter mod-ui wrapper=false embed=null sizer=false connected=true kids=PRE.frontmatter,H1.,P.,P.,P.,P. hasSizerDesc=false parents=DIV.datacore-span-embed>LI.datacore-list-item>UL.datacore-list.datacore-list-unordered>DIV.datacore-list>DIV.block-language-datacorejsx>DIV.cm-preview-code-block.cm-embed-block.markdown-rendered.cm-la
13:19:35.453 V schedule render {"reason":"postprocessor","sourcePath":"🌎 Ekoris.md","hadPendingTimer":true,"sizerChildren":5}
13:19:35.455 PP 🌎 Ekoris.md cls=mod-frontmatter mod-ui wrapper=false embed=null sizer=true connected=true kids=PRE.frontmatter,H1.,P.,P.,P.,P.,P.,P.,P. hasSizerDesc=false parents=DIV.datacore-span-embed>LI.datacore-list-item>UL.datacore-list.datacore-list-unordered>DIV.datacore-list>DIV.block-language-datacorejsx>DIV.el-pre
13:19:35.455 V schedule render {"reason":"postprocessor","sourcePath":"🌎 Ekoris.md","hadPendingTimer":true,"sizerChildren":5}
13:19:35.456 PP 🌎 Ekoris.md cls=mod-frontmatter mod-ui wrapper=false embed=null sizer=false connected=true kids=PRE.frontmatter,H1.,P.,P.,P.,P.,P.,P.,P. hasSizerDesc=false parents=DIV.datacore-span-embed>LI.datacore-list-item>UL.datacore-list.datacore-list-unordered>DIV.datacore-list>DIV.block-language-datacorejsx>DIV.cm-preview-code-block.cm-embed-block.markdown-rendered.cm-la
13:19:35.456 V schedule render {"reason":"postprocessor","sourcePath":"🌎 Ekoris.md","hadPendingTimer":true,"sizerChildren":5}
13:19:35.458 PP Notes/Greed Sickness.md cls=markdown-preview-view markdown-rendered show-indentation-guide mod-frontmatter mod-ui wrapper=false embed=Greed Sickness sizer=true connected=true kids=PRE.frontmatter,H1.,P.,P.,P.,P.,P. hasSizerDesc=false parents=DIV.markdown-embed-content>SPAN.internal-embed.markdown-embed.inline-embed.is-loaded>P.>SPAN.mod-frontmatter.mod-ui>DIV.datacore-span-embed>LI.datacore-list-item
13:19:35.458 V schedule render {"reason":"postprocessor","sourcePath":"Notes/Greed Sickness.md","hadPendingTimer":false,"sizerChildren":7}
13:19:35.460 PP Notes/Dying Curse.md cls=markdown-preview-view markdown-rendered show-indentation-guide mod-frontmatter mod-ui wrapper=false embed=Dying Curse sizer=true connected=true kids=PRE.frontmatter,H1.,P.,P.,P.,P.,P.,P. hasSizerDesc=false parents=DIV.markdown-embed-content>SPAN.internal-embed.markdown-embed.inline-embed.is-loaded>P.>SPAN.mod-frontmatter.mod-ui>DIV.datacore-span-embed>LI.datacore-list-item
13:19:35.460 V schedule render {"reason":"postprocessor","sourcePath":"Notes/Dying Curse.md","hadPendingTimer":false,"sizerChildren":8}
13:19:35.467 PP Notes/Greed Sickness.md cls=markdown-preview-view markdown-rendered show-indentation-guide mod-frontmatter mod-ui wrapper=false embed=Greed Sickness sizer=false connected=true kids=PRE.frontmatter,H1.,P.,P.,P.,P.,P. hasSizerDesc=false parents=DIV.markdown-embed-content>SPAN.internal-embed.markdown-embed.inline-embed.is-loaded>P.>SPAN.mod-frontmatter.mod-ui>DIV.datacore-span-embed>LI.datacore-list-item
13:19:35.467 V schedule render {"reason":"postprocessor","sourcePath":"Notes/Greed Sickness.md","hadPendingTimer":false,"sizerChildren":7}
13:19:35.469 PP Notes/Dying Curse.md cls=markdown-preview-view markdown-rendered show-indentation-guide mod-frontmatter mod-ui wrapper=false embed=Dying Curse sizer=false connected=true kids=PRE.frontmatter,H1.,P.,P.,P.,P.,P.,P. hasSizerDesc=false parents=DIV.markdown-embed-content>SPAN.internal-embed.markdown-embed.inline-embed.is-loaded>P.>SPAN.mod-frontmatter.mod-ui>DIV.datacore-span-embed>LI.datacore-list-item
13:19:35.469 V schedule render {"reason":"postprocessor","sourcePath":"Notes/Dying Curse.md","hadPendingTimer":false,"sizerChildren":8}
13:19:35.477 V render start {"reason":"postprocessor","token":74,"sourceHint":"🌎 Ekoris.md","sizerConnected":true,"sizerChildren":5}
13:19:35.477 V render found no marker regions {"sourcePath":"🌎 Ekoris.md"}
13:19:35.477 V render start {"reason":"postprocessor","token":1,"sourceHint":"Notes/Greed Sickness.md","sizerConnected":true,"sizerChildren":7}
13:19:35.477 V render found no marker regions {"sourcePath":"Notes/Greed Sickness.md"}
13:19:35.477 V render start {"reason":"postprocessor","token":1,"sourceHint":"Notes/Dying Curse.md","sizerConnected":true,"sizerChildren":8}
13:19:35.477 V render found no marker regions {"sourcePath":"Notes/Dying Curse.md"}
13:19:35.477 V render start {"reason":"postprocessor","token":1,"sourceHint":"Notes/Greed Sickness.md","sizerConnected":true,"sizerChildren":7}
13:19:35.477 V render found no marker regions {"sourcePath":"Notes/Greed Sickness.md"}
13:19:35.477 V render start {"reason":"postprocessor","token":1,"sourceHint":"Notes/Dying Curse.md","sizerConnected":true,"sizerChildren":8}
13:19:35.477 V render found no marker regions {"sourcePath":"Notes/Dying Curse.md"}
13:19:46.887 V schedule render {"reason":"layout-change","sourcePath":"🌎 Ekoris.md","hadPendingTimer":false,"sizerChildren":5}
13:19:46.888 V schedule render {"reason":"layout-change","sourcePath":"Notes/Greed Sickness.md","hadPendingTimer":false,"sizerChildren":7}
13:19:46.888 V schedule render {"reason":"layout-change","sourcePath":"Notes/Dying Curse.md","hadPendingTimer":false,"sizerChildren":8}
13:19:47.038 V render start {"reason":"layout-change","token":75,"sourceHint":"🌎 Ekoris.md","sizerConnected":true,"sizerChildren":5}
13:19:47.038 V render found no marker regions {"sourcePath":"🌎 Ekoris.md"}
13:19:47.038 V render start {"reason":"layout-change","token":2,"sourceHint":"Notes/Greed Sickness.md","sizerConnected":true,"sizerChildren":7}
13:19:47.038 V render found no marker regions {"sourcePath":"Notes/Greed Sickness.md"}
13:19:47.038 V render start {"reason":"layout-change","token":2,"sourceHint":"Notes/Dying Curse.md","sizerConnected":true,"sizerChildren":8}
13:19:47.038 V render found no marker regions {"sourcePath":"Notes/Dying Curse.md"}
13:20:06.171 PP 🌎 Ekoris.md cls=mod-frontmatter mod-ui wrapper=false embed=null sizer=false connected=true kids=PRE.frontmatter,H1.,P.,P.,P.,P. hasSizerDesc=false parents=DIV.datacore-span-embed>LI.datacore-list-item>UL.datacore-list.datacore-list-unordered>DIV.datacore-list>DIV.block-language-datacorejsx>DIV.cm-preview-code-block.cm-embed-block.markdown-rendered.cm-la
13:20:06.171 V schedule render {"reason":"postprocessor","sourcePath":"🌎 Ekoris.md","hadPendingTimer":false,"sizerChildren":5}
13:20:06.174 PP 🌎 Ekoris.md cls=mod-frontmatter mod-ui wrapper=false embed=null sizer=false connected=true kids=PRE.frontmatter,H1.,P.,P.,P.,P.,P.,P. hasSizerDesc=false parents=DIV.datacore-span-embed>LI.datacore-list-item>UL.datacore-list.datacore-list-unordered>DIV.datacore-list>DIV.block-language-datacorejsx>DIV.cm-preview-code-block.cm-embed-block.markdown-rendered.cm-la
13:20:06.174 V schedule render {"reason":"postprocessor","sourcePath":"🌎 Ekoris.md","hadPendingTimer":true,"sizerChildren":5}
13:20:06.176 PP 🌎 Ekoris.md cls=mod-frontmatter mod-ui wrapper=false embed=null sizer=false connected=true kids=PRE.frontmatter,H1.,P.,P.,P.,P.,P.,P.,P.,P.,P. hasSizerDesc=false parents=DIV.datacore-span-embed>LI.datacore-list-item>UL.datacore-list.datacore-list-unordered>DIV.datacore-list>DIV.block-language-datacorejsx>DIV.cm-preview-code-block.cm-embed-block.markdown-rendered.cm-la
13:20:06.176 V schedule render {"reason":"postprocessor","sourcePath":"🌎 Ekoris.md","hadPendingTimer":true,"sizerChildren":5}
13:20:06.178 PP 🌎 Ekoris.md cls=mod-frontmatter mod-ui wrapper=false embed=null sizer=false connected=true kids=PRE.frontmatter,H1.,P.,P.,P.,P.,P.,P.,P.,P.,P.,P.,P.,P.,P. hasSizerDesc=false parents=DIV.datacore-span-embed>LI.datacore-list-item>UL.datacore-list.datacore-list-unordered>DIV.datacore-list>DIV.block-language-datacorejsx>DIV.cm-preview-code-block.cm-embed-block.markdown-rendered.cm-la
13:20:06.178 V schedule render {"reason":"postprocessor","sourcePath":"🌎 Ekoris.md","hadPendingTimer":true,"sizerChildren":5}
13:20:06.180 PP 🌎 Ekoris.md cls=mod-frontmatter mod-ui wrapper=false embed=null sizer=false connected=true kids=PRE.frontmatter,H1.,P.,P.,P.,P.,P.,P.,P.,P.,P. hasSizerDesc=false parents=DIV.datacore-span-embed>LI.datacore-list-item>UL.datacore-list.datacore-list-unordered>DIV.datacore-list>DIV.block-language-datacorejsx>DIV.cm-preview-code-block.cm-embed-block.markdown-rendered.cm-la
13:20:06.180 V schedule render {"reason":"postprocessor","sourcePath":"🌎 Ekoris.md","hadPendingTimer":true,"sizerChildren":5}
13:20:06.181 PP 🌎 Ekoris.md cls=mod-frontmatter mod-ui wrapper=false embed=null sizer=false connected=true kids=PRE.frontmatter,H1.,P.,P. hasSizerDesc=false parents=DIV.datacore-span-embed>LI.datacore-list-item>UL.datacore-list.datacore-list-unordered>DIV.datacore-list>DIV.block-language-datacorejsx>DIV.cm-preview-code-block.cm-embed-block.markdown-rendered.cm-la
13:20:06.181 V schedule render {"reason":"postprocessor","sourcePath":"🌎 Ekoris.md","hadPendingTimer":true,"sizerChildren":5}
13:20:06.182 PP 🌎 Ekoris.md cls=mod-frontmatter mod-ui wrapper=false embed=null sizer=false connected=true kids=PRE.frontmatter,H1.,P.,P.,P.,P.,P.,P.,P.,P.,P.,P.,P.,P.,P. hasSizerDesc=false parents=DIV.datacore-span-embed>LI.datacore-list-item>UL.datacore-list.datacore-list-unordered>DIV.datacore-list>DIV.block-language-datacorejsx>DIV.cm-preview-code-block.cm-embed-block.markdown-rendered.cm-la
13:20:06.182 V schedule render {"reason":"postprocessor","sourcePath":"🌎 Ekoris.md","hadPendingTimer":true,"sizerChildren":5}
13:20:06.183 PP 🌎 Ekoris.md cls=mod-frontmatter mod-ui wrapper=false embed=null sizer=false connected=true kids=PRE.frontmatter,H1.,P.,P.,P.,P.,P.,P.,P. hasSizerDesc=false parents=DIV.datacore-span-embed>LI.datacore-list-item>UL.datacore-list.datacore-list-unordered>DIV.datacore-list>DIV.block-language-datacorejsx>DIV.cm-preview-code-block.cm-embed-block.markdown-rendered.cm-la
13:20:06.183 V schedule render {"reason":"postprocessor","sourcePath":"🌎 Ekoris.md","hadPendingTimer":true,"sizerChildren":5}
13:20:06.185 PP 🌎 Ekoris.md cls=mod-frontmatter mod-ui wrapper=false embed=null sizer=false connected=true kids=PRE.frontmatter,H1.,P.,P.,P.,P. hasSizerDesc=false parents=DIV.datacore-span-embed>LI.datacore-list-item>UL.datacore-list.datacore-list-unordered>DIV.datacore-list>DIV.block-language-datacorejsx>DIV.cm-preview-code-block.cm-embed-block.markdown-rendered.cm-la
13:20:06.185 V schedule render {"reason":"postprocessor","sourcePath":"🌎 Ekoris.md","hadPendingTimer":true,"sizerChildren":5}
13:20:06.186 PP 🌎 Ekoris.md cls=mod-frontmatter mod-ui wrapper=false embed=null sizer=false connected=true kids=PRE.frontmatter,H1.,P.,P.,P.,P.,P. hasSizerDesc=false parents=DIV.datacore-span-embed>LI.datacore-list-item>UL.datacore-list.datacore-list-unordered>DIV.datacore-list>DIV.block-language-datacorejsx>DIV.cm-preview-code-block.cm-embed-block.markdown-rendered.cm-la
13:20:06.186 V schedule render {"reason":"postprocessor","sourcePath":"🌎 Ekoris.md","hadPendingTimer":true,"sizerChildren":5}
13:20:06.187 PP 🌎 Ekoris.md cls=mod-frontmatter mod-ui wrapper=false embed=null sizer=false connected=true kids=PRE.frontmatter,H1.,P.,P.,P.,P. hasSizerDesc=false parents=DIV.datacore-span-embed>LI.datacore-list-item>UL.datacore-list.datacore-list-unordered>DIV.datacore-list>DIV.block-language-datacorejsx>DIV.cm-preview-code-block.cm-embed-block.markdown-rendered.cm-la
13:20:06.187 V schedule render {"reason":"postprocessor","sourcePath":"🌎 Ekoris.md","hadPendingTimer":true,"sizerChildren":5}
13:20:06.189 PP 🌎 Ekoris.md cls=mod-frontmatter mod-ui wrapper=false embed=null sizer=false connected=true kids=PRE.frontmatter,H1.,P.,P.,P.,P.,P.,P.,P. hasSizerDesc=false parents=DIV.datacore-span-embed>LI.datacore-list-item>UL.datacore-list.datacore-list-unordered>DIV.datacore-list>DIV.block-language-datacorejsx>DIV.cm-preview-code-block.cm-embed-block.markdown-rendered.cm-la
13:20:06.189 V schedule render {"reason":"postprocessor","sourcePath":"🌎 Ekoris.md","hadPendingTimer":true,"sizerChildren":5}
13:20:06.190 PP Notes/Greed Sickness.md cls=markdown-preview-view markdown-rendered show-indentation-guide mod-frontmatter mod-ui wrapper=false embed=Greed Sickness sizer=false connected=true kids=PRE.frontmatter,H1.,P.,P.,P.,P.,P. hasSizerDesc=false parents=DIV.markdown-embed-content>SPAN.internal-embed.markdown-embed.inline-embed.is-loaded>P.>SPAN.mod-frontmatter.mod-ui>DIV.datacore-span-embed>LI.datacore-list-item
13:20:06.191 V schedule render {"reason":"postprocessor","sourcePath":"Notes/Greed Sickness.md","hadPendingTimer":false,"sizerChildren":7}
13:20:06.193 PP Notes/Dying Curse.md cls=markdown-preview-view markdown-rendered show-indentation-guide mod-frontmatter mod-ui wrapper=false embed=Dying Curse sizer=false connected=true kids=PRE.frontmatter,H1.,P.,P.,P.,P.,P.,P. hasSizerDesc=false parents=DIV.markdown-embed-content>SPAN.internal-embed.markdown-embed.inline-embed.is-loaded>P.>SPAN.mod-frontmatter.mod-ui>DIV.datacore-span-embed>LI.datacore-list-item
13:20:06.193 V schedule render {"reason":"postprocessor","sourcePath":"Notes/Dying Curse.md","hadPendingTimer":false,"sizerChildren":8}
13:20:06.193 V render start {"reason":"postprocessor","token":76,"sourceHint":"🌎 Ekoris.md","sizerConnected":true,"sizerChildren":5}
13:20:06.193 V render found no marker regions {"sourcePath":"🌎 Ekoris.md"}
13:20:06.193 V render start {"reason":"postprocessor","token":1,"sourceHint":"Notes/Greed Sickness.md","sizerConnected":true,"sizerChildren":7}
13:20:06.193 V render found no marker regions {"sourcePath":"Notes/Greed Sickness.md"}
13:20:06.193 V render start {"reason":"postprocessor","token":1,"sourceHint":"Notes/Dying Curse.md","sizerConnected":true,"sizerChildren":8}
13:20:06.193 V render found no marker regions {"sourcePath":"Notes/Dying Curse.md"}
13:20:12.877 PP Notes/Astya.md cls= wrapper=false embed=null sizer=false connected=true kids=P.,P.,P. hasSizerDesc=false parents=DIV.dc-description>DIV.>DIV.>DIV.block-language-datacorejsx>DIV.cm-preview-code-block.cm-embed-block.markdown-rendered.cm-la>DIV.cm-content.cm-lineWrapping
13:20:12.878 PP Notes/Garotha.md cls= wrapper=false embed=null sizer=false connected=true kids=P.,P.,P. hasSizerDesc=false parents=DIV.dc-description>DIV.>DIV.>DIV.block-language-datacorejsx>DIV.cm-preview-code-block.cm-embed-block.markdown-rendered.cm-la>DIV.cm-content.cm-lineWrapping
13:20:12.879 PP Notes/Harath.md cls= wrapper=false embed=null sizer=false connected=true kids=P.,P.,P.,P.,P. hasSizerDesc=false parents=DIV.dc-description>DIV.>DIV.>DIV.block-language-datacorejsx>DIV.cm-preview-code-block.cm-embed-block.markdown-rendered.cm-la>DIV.cm-content.cm-lineWrapping
13:20:12.880 PP Notes/Illithia.md cls= wrapper=false embed=null sizer=false connected=true kids=P.,P.,P. hasSizerDesc=false parents=DIV.dc-description>DIV.>DIV.>DIV.block-language-datacorejsx>DIV.cm-preview-code-block.cm-embed-block.markdown-rendered.cm-la>DIV.cm-content.cm-lineWrapping
13:20:12.880 PP Notes/Isle of Rivers.md cls= wrapper=false embed=null sizer=false connected=true kids=P.,P.,P. hasSizerDesc=false parents=DIV.dc-description>DIV.>DIV.>DIV.block-language-datacorejsx>DIV.cm-preview-code-block.cm-embed-block.markdown-rendered.cm-la>DIV.cm-content.cm-lineWrapping
13:20:12.881 PP Notes/Na-Boa.md cls= wrapper=false embed=null sizer=false connected=true kids=P.,P.,P. hasSizerDesc=false parents=DIV.dc-description>DIV.>DIV.>DIV.block-language-datacorejsx>DIV.cm-preview-code-block.cm-embed-block.markdown-rendered.cm-la>DIV.cm-content.cm-lineWrapping
13:20:12.882 PP Notes/Tasnan.md cls= wrapper=false embed=null sizer=false connected=true kids=P.,P.,P.,P.,P.,P.,P.,P.,P. hasSizerDesc=false parents=DIV.dc-description>DIV.>DIV.>DIV.block-language-datacorejsx>DIV.cm-preview-code-block.cm-embed-block.markdown-rendered.cm-la>DIV.cm-content.cm-lineWrapping
13:20:12.883 PP Notes/The Bodin Union.md cls= wrapper=false embed=null sizer=false connected=true kids=P.,P.,P. hasSizerDesc=false parents=DIV.dc-description>DIV.>DIV.>DIV.block-language-datacorejsx>DIV.cm-preview-code-block.cm-embed-block.markdown-rendered.cm-la>DIV.cm-content.cm-lineWrapping
13:20:12.884 PP Notes/The Breezes.md cls= wrapper=false embed=null sizer=false connected=true kids=P.,P.,P.,P. hasSizerDesc=false parents=DIV.dc-description>DIV.>DIV.>DIV.block-language-datacorejsx>DIV.cm-preview-code-block.cm-embed-block.markdown-rendered.cm-la>DIV.cm-content.cm-lineWrapping
13:20:12.885 PP Notes/The Hassan Dynasty.md cls= wrapper=false embed=null sizer=false connected=true kids=P.,P.,P.,P.,P.,P. hasSizerDesc=false parents=DIV.dc-description>DIV.>DIV.>DIV.block-language-datacorejsx>DIV.cm-preview-code-block.cm-embed-block.markdown-rendered.cm-la>DIV.cm-content.cm-lineWrapping
13:20:18.976 V schedule render {"reason":"file-modified","sourcePath":"🌎 Ekoris.md","hadPendingTimer":false,"sizerChildren":5}
13:20:19.129 V render start {"reason":"file-modified","token":77,"sourceHint":"🌎 Ekoris.md","sizerConnected":true,"sizerChildren":5}
13:20:19.129 V render found no marker regions {"sourcePath":"🌎 Ekoris.md"}
13:20:22.831 V schedule render {"reason":"file-modified","sourcePath":"🌎 Ekoris.md","hadPendingTimer":false,"sizerChildren":5}
13:20:22.982 V render start {"reason":"file-modified","token":78,"sourceHint":"🌎 Ekoris.md","sizerConnected":true,"sizerChildren":5}
13:20:22.983 V render found no marker regions {"sourcePath":"🌎 Ekoris.md"}
13:20:25.321 V schedule render {"reason":"file-modified","sourcePath":"🌎 Ekoris.md","hadPendingTimer":false,"sizerChildren":5}
13:20:25.472 V render start {"reason":"file-modified","token":79,"sourceHint":"🌎 Ekoris.md","sizerConnected":true,"sizerChildren":5}
13:20:25.473 V render found no marker regions {"sourcePath":"🌎 Ekoris.md"}
13:20:26.747 V schedule render {"reason":"layout-change","sourcePath":"🌎 Ekoris.md","hadPendingTimer":false,"sizerChildren":5}
13:20:26.747 V schedule render {"reason":"layout-change","sourcePath":"Notes/Greed Sickness.md","hadPendingTimer":false,"sizerChildren":7}
13:20:26.747 V schedule render {"reason":"layout-change","sourcePath":"Notes/Dying Curse.md","hadPendingTimer":false,"sizerChildren":8}
13:20:26.898 V render start {"reason":"layout-change","token":80,"sourceHint":"🌎 Ekoris.md","sizerConnected":true,"sizerChildren":5}
13:20:26.898 V render found no marker regions {"sourcePath":"🌎 Ekoris.md"}
13:20:26.899 V render start {"reason":"layout-change","token":3,"sourceHint":"Notes/Greed Sickness.md","sizerConnected":true,"sizerChildren":7}
13:20:26.899 V render found no marker regions {"sourcePath":"Notes/Greed Sickness.md"}
13:20:26.899 V render start {"reason":"layout-change","token":3,"sourceHint":"Notes/Dying Curse.md","sizerConnected":true,"sizerChildren":8}
13:20:26.899 V render found no marker regions {"sourcePath":"Notes/Dying Curse.md"}
13:20:34.953 V schedule render {"reason":"file-modified","sourcePath":"🌎 Ekoris.md","hadPendingTimer":false,"sizerChildren":5}
13:20:35.105 V render start {"reason":"file-modified","token":81,"sourceHint":"🌎 Ekoris.md","sizerConnected":true,"sizerChildren":5}
13:20:35.106 V render found no marker regions {"sourcePath":"🌎 Ekoris.md"}
13:20:42.756 V schedule render {"reason":"file-modified","sourcePath":"🌎 Ekoris.md","hadPendingTimer":false,"sizerChildren":5}
13:20:42.908 V render start {"reason":"file-modified","token":82,"sourceHint":"🌎 Ekoris.md","sizerConnected":true,"sizerChildren":5}
13:20:42.908 V render found no marker regions {"sourcePath":"🌎 Ekoris.md"}
13:20:45.021 V schedule render {"reason":"file-modified","sourcePath":"🌎 Ekoris.md","hadPendingTimer":false,"sizerChildren":5}
13:20:45.172 V render start {"reason":"file-modified","token":83,"sourceHint":"🌎 Ekoris.md","sizerConnected":true,"sizerChildren":5}
13:20:45.172 V render found no marker regions {"sourcePath":"🌎 Ekoris.md"}
13:20:47.077 V schedule render {"reason":"file-modified","sourcePath":"🌎 Ekoris.md","hadPendingTimer":false,"sizerChildren":5}
13:20:47.228 V render start {"reason":"file-modified","token":84,"sourceHint":"🌎 Ekoris.md","sizerConnected":true,"sizerChildren":5}
13:20:47.228 V render found no marker regions {"sourcePath":"🌎 Ekoris.md"}
13:20:53.369 V schedule render {"reason":"file-modified","sourcePath":"🌎 Ekoris.md","hadPendingTimer":false,"sizerChildren":5}
13:20:53.522 V render start {"reason":"file-modified","token":85,"sourceHint":"🌎 Ekoris.md","sizerConnected":true,"sizerChildren":5}
13:20:53.523 V render found no marker regions {"sourcePath":"🌎 Ekoris.md"}
13:21:04.293 V schedule render {"reason":"file-modified","sourcePath":"🌎 Ekoris.md","hadPendingTimer":false,"sizerChildren":5}
13:21:04.452 V render start {"reason":"file-modified","token":86,"sourceHint":"🌎 Ekoris.md","sizerConnected":true,"sizerChildren":5}
13:21:04.452 V render found no marker regions {"sourcePath":"🌎 Ekoris.md"}
13:21:06.307 V schedule render {"reason":"file-modified","sourcePath":"🌎 Ekoris.md","hadPendingTimer":false,"sizerChildren":5}
13:21:06.458 V render start {"reason":"file-modified","token":87,"sourceHint":"🌎 Ekoris.md","sizerConnected":true,"sizerChildren":5}
13:21:06.458 V render found no marker regions {"sourcePath":"🌎 Ekoris.md"}
13:21:10.411 V schedule render {"reason":"file-modified","sourcePath":"🌎 Ekoris.md","hadPendingTimer":false,"sizerChildren":5}
13:21:10.562 V render start {"reason":"file-modified","token":88,"sourceHint":"🌎 Ekoris.md","sizerConnected":true,"sizerChildren":5}
13:21:10.562 V render found no marker regions {"sourcePath":"🌎 Ekoris.md"}
13:21:12.791 V schedule render {"reason":"file-modified","sourcePath":"🌎 Ekoris.md","hadPendingTimer":false,"sizerChildren":5}
13:21:12.943 V render start {"reason":"file-modified","token":89,"sourceHint":"🌎 Ekoris.md","sizerConnected":true,"sizerChildren":5}
13:21:12.944 V render found no marker regions {"sourcePath":"🌎 Ekoris.md"}
13:21:14.928 V schedule render {"reason":"file-modified","sourcePath":"🌎 Ekoris.md","hadPendingTimer":false,"sizerChildren":5}
13:21:15.079 V render start {"reason":"file-modified","token":90,"sourceHint":"🌎 Ekoris.md","sizerConnected":true,"sizerChildren":5}
13:21:15.079 V render found no marker regions {"sourcePath":"🌎 Ekoris.md"}
13:21:17.033 V schedule render {"reason":"file-modified","sourcePath":"🌎 Ekoris.md","hadPendingTimer":false,"sizerChildren":5}
13:21:17.185 V render start {"reason":"file-modified","token":91,"sourceHint":"🌎 Ekoris.md","sizerConnected":true,"sizerChildren":5}
13:21:17.185 V render found no marker regions {"sourcePath":"🌎 Ekoris.md"}
13:21:19.850 V schedule render {"reason":"file-modified","sourcePath":"🌎 Ekoris.md","hadPendingTimer":false,"sizerChildren":5}
13:21:20.002 V render start {"reason":"file-modified","token":92,"sourceHint":"🌎 Ekoris.md","sizerConnected":true,"sizerChildren":5}
13:21:20.002 V render found no marker regions {"sourcePath":"🌎 Ekoris.md"}
13:21:21.936 V schedule render {"reason":"file-modified","sourcePath":"🌎 Ekoris.md","hadPendingTimer":false,"sizerChildren":5}
13:21:22.089 V render start {"reason":"file-modified","token":93,"sourceHint":"🌎 Ekoris.md","sizerConnected":true,"sizerChildren":5}
13:21:22.089 V render found no marker regions {"sourcePath":"🌎 Ekoris.md"}
13:21:25.015 V schedule render {"reason":"file-modified","sourcePath":"🌎 Ekoris.md","hadPendingTimer":false,"sizerChildren":5}
13:21:25.166 V render start {"reason":"file-modified","token":94,"sourceHint":"🌎 Ekoris.md","sizerConnected":true,"sizerChildren":5}
13:21:25.166 V render found no marker regions {"sourcePath":"🌎 Ekoris.md"}
13:21:27.051 V schedule render {"reason":"file-modified","sourcePath":"🌎 Ekoris.md","hadPendingTimer":false,"sizerChildren":5}
13:21:27.203 V render start {"reason":"file-modified","token":95,"sourceHint":"🌎 Ekoris.md","sizerConnected":true,"sizerChildren":5}
13:21:27.203 V render found no marker regions {"sourcePath":"🌎 Ekoris.md"}
13:21:29.517 V schedule render {"reason":"file-modified","sourcePath":"🌎 Ekoris.md","hadPendingTimer":false,"sizerChildren":5}
13:21:29.669 V render start {"reason":"file-modified","token":96,"sourceHint":"🌎 Ekoris.md","sizerConnected":true,"sizerChildren":5}
13:21:29.669 V render found no marker regions {"sourcePath":"🌎 Ekoris.md"}
13:21:31.635 V schedule render {"reason":"file-modified","sourcePath":"🌎 Ekoris.md","hadPendingTimer":false,"sizerChildren":5}
13:21:31.785 V render start {"reason":"file-modified","token":97,"sourceHint":"🌎 Ekoris.md","sizerConnected":true,"sizerChildren":5}
13:21:31.786 V render found no marker regions {"sourcePath":"🌎 Ekoris.md"}
13:21:33.648 V schedule render {"reason":"file-modified","sourcePath":"🌎 Ekoris.md","hadPendingTimer":false,"sizerChildren":5}
13:21:33.800 V render start {"reason":"file-modified","token":98,"sourceHint":"🌎 Ekoris.md","sizerConnected":true,"sizerChildren":5}
13:21:33.800 V render found no marker regions {"sourcePath":"🌎 Ekoris.md"}
13:21:35.719 V schedule render {"reason":"file-modified","sourcePath":"🌎 Ekoris.md","hadPendingTimer":false,"sizerChildren":5}
13:21:35.871 V render start {"reason":"file-modified","token":99,"sourceHint":"🌎 Ekoris.md","sizerConnected":true,"sizerChildren":5}
13:21:35.871 V render found no marker regions {"sourcePath":"🌎 Ekoris.md"}
13:21:45.492 V schedule render {"reason":"file-modified","sourcePath":"🌎 Ekoris.md","hadPendingTimer":false,"sizerChildren":5}
13:21:45.643 V render start {"reason":"file-modified","token":100,"sourceHint":"🌎 Ekoris.md","sizerConnected":true,"sizerChildren":5}
13:21:45.643 V render found no marker regions {"sourcePath":"🌎 Ekoris.md"}
13:21:49.025 V schedule render {"reason":"file-modified","sourcePath":"🌎 Ekoris.md","hadPendingTimer":false,"sizerChildren":5}
13:21:49.176 V render start {"reason":"file-modified","token":101,"sourceHint":"🌎 Ekoris.md","sizerConnected":true,"sizerChildren":5}
13:21:49.176 V render found no marker regions {"sourcePath":"🌎 Ekoris.md"}
13:21:51.064 V schedule render {"reason":"file-modified","sourcePath":"🌎 Ekoris.md","hadPendingTimer":false,"sizerChildren":5}
13:21:51.215 V render start {"reason":"file-modified","token":102,"sourceHint":"🌎 Ekoris.md","sizerConnected":true,"sizerChildren":5}
13:21:51.215 V render found no marker regions {"sourcePath":"🌎 Ekoris.md"}
13:21:53.121 V schedule render {"reason":"file-modified","sourcePath":"🌎 Ekoris.md","hadPendingTimer":false,"sizerChildren":5}
13:21:53.272 V render start {"reason":"file-modified","token":103,"sourceHint":"🌎 Ekoris.md","sizerConnected":true,"sizerChildren":5}
13:21:53.272 V render found no marker regions {"sourcePath":"🌎 Ekoris.md"}
13:21:58.261 V schedule render {"reason":"file-modified","sourcePath":"🌎 Ekoris.md","hadPendingTimer":false,"sizerChildren":5}
13:21:58.412 V render start {"reason":"file-modified","token":104,"sourceHint":"🌎 Ekoris.md","sizerConnected":true,"sizerChildren":5}
13:21:58.413 V render found no marker regions {"sourcePath":"🌎 Ekoris.md"}
13:22:05.042 V schedule render {"reason":"file-modified","sourcePath":"🌎 Ekoris.md","hadPendingTimer":false,"sizerChildren":5}
13:22:05.194 V render start {"reason":"file-modified","token":105,"sourceHint":"🌎 Ekoris.md","sizerConnected":true,"sizerChildren":5}
13:22:05.195 V render found no marker regions {"sourcePath":"🌎 Ekoris.md"}
13:22:07.598 V schedule render {"reason":"file-modified","sourcePath":"🌎 Ekoris.md","hadPendingTimer":false,"sizerChildren":5}
13:22:07.749 V render start {"reason":"file-modified","token":106,"sourceHint":"🌎 Ekoris.md","sizerConnected":true,"sizerChildren":5}
13:22:07.750 V render found no marker regions {"sourcePath":"🌎 Ekoris.md"}
13:22:41.020 V schedule render {"reason":"file-modified","sourcePath":"🌎 Ekoris.md","hadPendingTimer":false,"sizerChildren":5}
13:22:41.172 V render start {"reason":"file-modified","token":107,"sourceHint":"🌎 Ekoris.md","sizerConnected":true,"sizerChildren":5}
13:22:41.173 V render found no marker regions {"sourcePath":"🌎 Ekoris.md"}
13:22:47.077 V schedule render {"reason":"file-modified","sourcePath":"🌎 Ekoris.md","hadPendingTimer":false,"sizerChildren":5}
13:22:47.228 V render start {"reason":"file-modified","token":108,"sourceHint":"🌎 Ekoris.md","sizerConnected":true,"sizerChildren":5}
13:22:47.228 V render found no marker regions {"sourcePath":"🌎 Ekoris.md"}
13:22:49.220 V schedule render {"reason":"file-modified","sourcePath":"🌎 Ekoris.md","hadPendingTimer":false,"sizerChildren":5}
13:22:49.372 V render start {"reason":"file-modified","token":109,"sourceHint":"🌎 Ekoris.md","sizerConnected":true,"sizerChildren":5}
13:22:49.372 V render found no marker regions {"sourcePath":"🌎 Ekoris.md"}
13:22:51.417 V schedule render {"reason":"file-modified","sourcePath":"🌎 Ekoris.md","hadPendingTimer":false,"sizerChildren":5}
13:22:51.568 V render start {"reason":"file-modified","token":110,"sourceHint":"🌎 Ekoris.md","sizerConnected":true,"sizerChildren":5}
13:22:51.568 V render found no marker regions {"sourcePath":"🌎 Ekoris.md"}
13:22:53.464 V schedule render {"reason":"file-modified","sourcePath":"🌎 Ekoris.md","hadPendingTimer":false,"sizerChildren":5}
13:22:53.615 V render start {"reason":"file-modified","token":111,"sourceHint":"🌎 Ekoris.md","sizerConnected":true,"sizerChildren":5}
13:22:53.616 V render found no marker regions {"sourcePath":"🌎 Ekoris.md"}
13:22:57.315 V schedule render {"reason":"file-modified","sourcePath":"🌎 Ekoris.md","hadPendingTimer":false,"sizerChildren":5}
13:22:57.467 V render start {"reason":"file-modified","token":112,"sourceHint":"🌎 Ekoris.md","sizerConnected":true,"sizerChildren":5}
13:22:57.468 V render found no marker regions {"sourcePath":"🌎 Ekoris.md"}
13:23:01.254 V schedule render {"reason":"file-modified","sourcePath":"🌎 Ekoris.md","hadPendingTimer":false,"sizerChildren":5}
13:23:01.406 V render start {"reason":"file-modified","token":113,"sourceHint":"🌎 Ekoris.md","sizerConnected":true,"sizerChildren":5}
13:23:01.406 V render found no marker regions {"sourcePath":"🌎 Ekoris.md"}
13:23:03.874 V schedule render {"reason":"file-modified","sourcePath":"🌎 Ekoris.md","hadPendingTimer":false,"sizerChildren":5}
13:23:04.025 V render start {"reason":"file-modified","token":114,"sourceHint":"🌎 Ekoris.md","sizerConnected":true,"sizerChildren":5}
13:23:04.025 V render found no marker regions {"sourcePath":"🌎 Ekoris.md"}
13:23:06.295 V schedule render {"reason":"file-modified","sourcePath":"🌎 Ekoris.md","hadPendingTimer":false,"sizerChildren":5}
13:23:06.447 V render start {"reason":"file-modified","token":115,"sourceHint":"🌎 Ekoris.md","sizerConnected":true,"sizerChildren":5}
13:23:06.447 V render found no marker regions {"sourcePath":"🌎 Ekoris.md"}
13:23:08.388 V schedule render {"reason":"file-modified","sourcePath":"🌎 Ekoris.md","hadPendingTimer":false,"sizerChildren":5}
13:23:08.540 V render start {"reason":"file-modified","token":116,"sourceHint":"🌎 Ekoris.md","sizerConnected":true,"sizerChildren":5}
13:23:08.541 V render found no marker regions {"sourcePath":"🌎 Ekoris.md"}
13:23:11.168 V schedule render {"reason":"file-modified","sourcePath":"🌎 Ekoris.md","hadPendingTimer":false,"sizerChildren":5}
13:23:11.319 V render start {"reason":"file-modified","token":117,"sourceHint":"🌎 Ekoris.md","sizerConnected":true,"sizerChildren":5}
13:23:11.319 V render found no marker regions {"sourcePath":"🌎 Ekoris.md"}
13:23:27.717 PP 🌎 Ekoris.md cls=el-pre wrapper=false embed=null sizer=false connected=false kids=DIV.block-language-datacorejsx hasSizerDesc=false parents=
13:23:27.718 V schedule render {"reason":"postprocessor","sourcePath":"🌎 Ekoris.md","hadPendingTimer":false,"sizerChildren":5}
13:23:27.718 PP 🌎 Ekoris.md cls=el-pre wrapper=false embed=null sizer=false connected=false kids=DIV.block-language-datacorejsx hasSizerDesc=false parents=
13:23:27.718 V schedule render {"reason":"postprocessor","sourcePath":"🌎 Ekoris.md","hadPendingTimer":true,"sizerChildren":5}
13:23:27.732 V render start {"reason":"postprocessor","token":118,"sourceHint":"🌎 Ekoris.md","sizerConnected":true,"sizerChildren":11}
13:23:27.732 V render found no marker regions {"sourcePath":"🌎 Ekoris.md"}
13:23:27.736 V schedule render {"reason":"layout-change","sourcePath":"🌎 Ekoris.md","hadPendingTimer":false,"sizerChildren":11}
13:23:27.759 PP Notes/Astya.md cls= wrapper=false embed=null sizer=true connected=true kids=P.,P.,P. hasSizerDesc=false parents=DIV.dc-description>DIV.>DIV.>DIV.block-language-datacorejsx>DIV.el-pre>DIV.markdown-preview-sizer.markdown-preview-section
13:23:27.759 V schedule render {"reason":"postprocessor","sourcePath":"Notes/Astya.md","hadPendingTimer":true,"sizerChildren":11}
13:23:27.759 PP Notes/Garotha.md cls= wrapper=false embed=null sizer=true connected=true kids=P.,P.,P. hasSizerDesc=false parents=DIV.dc-description>DIV.>DIV.>DIV.block-language-datacorejsx>DIV.el-pre>DIV.markdown-preview-sizer.markdown-preview-section
13:23:27.759 V schedule render {"reason":"postprocessor","sourcePath":"Notes/Garotha.md","hadPendingTimer":true,"sizerChildren":11}
13:23:27.759 PP Notes/Harath.md cls= wrapper=false embed=null sizer=true connected=true kids=P.,P.,P.,P.,P. hasSizerDesc=false parents=DIV.dc-description>DIV.>DIV.>DIV.block-language-datacorejsx>DIV.el-pre>DIV.markdown-preview-sizer.markdown-preview-section
13:23:27.759 V schedule render {"reason":"postprocessor","sourcePath":"Notes/Harath.md","hadPendingTimer":true,"sizerChildren":11}
13:23:27.760 PP Notes/Illithia.md cls= wrapper=false embed=null sizer=true connected=true kids=P.,P.,P. hasSizerDesc=false parents=DIV.dc-description>DIV.>DIV.>DIV.block-language-datacorejsx>DIV.el-pre>DIV.markdown-preview-sizer.markdown-preview-section
13:23:27.760 V schedule render {"reason":"postprocessor","sourcePath":"Notes/Illithia.md","hadPendingTimer":true,"sizerChildren":11}
13:23:27.761 PP Notes/Isle of Rivers.md cls= wrapper=false embed=null sizer=true connected=true kids=P.,P.,P. hasSizerDesc=false parents=DIV.dc-description>DIV.>DIV.>DIV.block-language-datacorejsx>DIV.el-pre>DIV.markdown-preview-sizer.markdown-preview-section
13:23:27.761 V schedule render {"reason":"postprocessor","sourcePath":"Notes/Isle of Rivers.md","hadPendingTimer":true,"sizerChildren":11}
13:23:27.761 PP Notes/Na-Boa.md cls= wrapper=false embed=null sizer=true connected=true kids=P.,P.,P. hasSizerDesc=false parents=DIV.dc-description>DIV.>DIV.>DIV.block-language-datacorejsx>DIV.el-pre>DIV.markdown-preview-sizer.markdown-preview-section
13:23:27.761 V schedule render {"reason":"postprocessor","sourcePath":"Notes/Na-Boa.md","hadPendingTimer":true,"sizerChildren":11}
13:23:27.762 PP Notes/Tasnan.md cls= wrapper=false embed=null sizer=true connected=true kids=P.,P.,P.,P.,P.,P.,P.,P.,P. hasSizerDesc=false parents=DIV.dc-description>DIV.>DIV.>DIV.block-language-datacorejsx>DIV.el-pre>DIV.markdown-preview-sizer.markdown-preview-section
13:23:27.762 V schedule render {"reason":"postprocessor","sourcePath":"Notes/Tasnan.md","hadPendingTimer":true,"sizerChildren":11}
13:23:27.763 PP Notes/The Bodin Union.md cls= wrapper=false embed=null sizer=true connected=true kids=P.,P.,P. hasSizerDesc=false parents=DIV.dc-description>DIV.>DIV.>DIV.block-language-datacorejsx>DIV.el-pre>DIV.markdown-preview-sizer.markdown-preview-section
13:23:27.763 V schedule render {"reason":"postprocessor","sourcePath":"Notes/The Bodin Union.md","hadPendingTimer":true,"sizerChildren":11}
13:23:27.763 PP Notes/The Breezes.md cls= wrapper=false embed=null sizer=true connected=true kids=P.,P.,P.,P. hasSizerDesc=false parents=DIV.dc-description>DIV.>DIV.>DIV.block-language-datacorejsx>DIV.el-pre>DIV.markdown-preview-sizer.markdown-preview-section
13:23:27.763 V schedule render {"reason":"postprocessor","sourcePath":"Notes/The Breezes.md","hadPendingTimer":true,"sizerChildren":11}
13:23:27.764 PP Notes/The Hassan Dynasty.md cls= wrapper=false embed=null sizer=true connected=true kids=P.,P.,P.,P.,P.,P. hasSizerDesc=false parents=DIV.dc-description>DIV.>DIV.>DIV.block-language-datacorejsx>DIV.el-pre>DIV.markdown-preview-sizer.markdown-preview-section
13:23:27.764 V schedule render {"reason":"postprocessor","sourcePath":"Notes/The Hassan Dynasty.md","hadPendingTimer":true,"sizerChildren":11}
13:23:27.770 V render start {"reason":"postprocessor","token":119,"sourceHint":"Notes/The Hassan Dynasty.md","sizerConnected":true,"sizerChildren":11}
13:23:27.770 V render found no marker regions {"sourcePath":"Notes/The Hassan Dynasty.md"}
13:23:31.093 V schedule render {"reason":"layout-change","sourcePath":"🌎 Ekoris.md","hadPendingTimer":false,"sizerChildren":5}
13:23:31.244 V render start {"reason":"layout-change","token":120,"sourceHint":"🌎 Ekoris.md","sizerConnected":true,"sizerChildren":5}
13:23:31.244 V render found no marker regions {"sourcePath":"🌎 Ekoris.md"}
13:23:49.034 V schedule render {"reason":"file-modified","sourcePath":"🌎 Ekoris.md","hadPendingTimer":false,"sizerChildren":5}
13:23:49.070 PP 🌎 Ekoris.md cls=el-pre wrapper=false embed=null sizer=false connected=false kids=DIV.block-language-datacorejsx hasSizerDesc=false parents=
13:23:49.070 V schedule render {"reason":"postprocessor","sourcePath":"🌎 Ekoris.md","hadPendingTimer":true,"sizerChildren":5}
13:23:49.081 V render start {"reason":"postprocessor","token":121,"sourceHint":"🌎 Ekoris.md","sizerConnected":true,"sizerChildren":5}
13:23:49.081 V render found no marker regions {"sourcePath":"🌎 Ekoris.md"}
13:23:49.083 V schedule render {"reason":"layout-change","sourcePath":"🌎 Ekoris.md","hadPendingTimer":false,"sizerChildren":5}
13:23:49.234 V render start {"reason":"layout-change","token":122,"sourceHint":"🌎 Ekoris.md","sizerConnected":true,"sizerChildren":5}
13:23:49.234 V render found no marker regions {"sourcePath":"🌎 Ekoris.md"}
13:23:51.522 V schedule render {"reason":"layout-change","sourcePath":"🌎 Ekoris.md","hadPendingTimer":false,"sizerChildren":5}
13:23:51.672 V render start {"reason":"layout-change","token":123,"sourceHint":"🌎 Ekoris.md","sizerConnected":true,"sizerChildren":5}
13:23:51.673 V render found no marker regions {"sourcePath":"🌎 Ekoris.md"}
13:24:11.819 V schedule render {"reason":"file-modified","sourcePath":"🌎 Ekoris.md","hadPendingTimer":false,"sizerChildren":5}
13:24:11.969 V render start {"reason":"file-modified","token":124,"sourceHint":"🌎 Ekoris.md","sizerConnected":true,"sizerChildren":5}
13:24:11.970 V render found no marker regions {"sourcePath":"🌎 Ekoris.md"}
13:24:15.781 V schedule render {"reason":"file-modified","sourcePath":"🌎 Ekoris.md","hadPendingTimer":false,"sizerChildren":5}
13:24:15.807 PP 🌎 Ekoris.md cls=el-pre wrapper=false embed=null sizer=false connected=false kids=DIV.block-language-datacorejsx hasSizerDesc=false parents=
13:24:15.807 V schedule render {"reason":"postprocessor","sourcePath":"🌎 Ekoris.md","hadPendingTimer":true,"sizerChildren":5}
13:24:15.820 V render start {"reason":"postprocessor","token":125,"sourceHint":"🌎 Ekoris.md","sizerConnected":true,"sizerChildren":5}
13:24:15.820 V render found no marker regions {"sourcePath":"🌎 Ekoris.md"}
13:24:15.823 V schedule render {"reason":"layout-change","sourcePath":"🌎 Ekoris.md","hadPendingTimer":false,"sizerChildren":5}
13:24:15.974 V render start {"reason":"layout-change","token":126,"sourceHint":"🌎 Ekoris.md","sizerConnected":true,"sizerChildren":5}
13:24:15.974 V render found no marker regions {"sourcePath":"🌎 Ekoris.md"}
13:24:18.547 V schedule render {"reason":"layout-change","sourcePath":"🌎 Ekoris.md","hadPendingTimer":false,"sizerChildren":5}
13:24:18.699 V render start {"reason":"layout-change","token":127,"sourceHint":"🌎 Ekoris.md","sizerConnected":true,"sizerChildren":5}
13:24:18.700 V render found no marker regions {"sourcePath":"🌎 Ekoris.md"}
13:24:30.001 V schedule render {"reason":"file-modified","sourcePath":"🌎 Ekoris.md","hadPendingTimer":false,"sizerChildren":5}
13:24:30.152 V render start {"reason":"file-modified","token":128,"sourceHint":"🌎 Ekoris.md","sizerConnected":true,"sizerChildren":5}
13:24:30.152 V render found no marker regions {"sourcePath":"🌎 Ekoris.md"}
13:24:30.602 PP 🌎 Ekoris.md cls=el-pre wrapper=false embed=null sizer=false connected=false kids=DIV.block-language-datacorejsx hasSizerDesc=false parents=
13:24:30.602 V schedule render {"reason":"postprocessor","sourcePath":"🌎 Ekoris.md","hadPendingTimer":false,"sizerChildren":5}
13:24:30.613 V render start {"reason":"postprocessor","token":129,"sourceHint":"🌎 Ekoris.md","sizerConnected":true,"sizerChildren":5}
13:24:30.613 V render found no marker regions {"sourcePath":"🌎 Ekoris.md"}
13:24:30.615 V schedule render {"reason":"layout-change","sourcePath":"🌎 Ekoris.md","hadPendingTimer":false,"sizerChildren":5}
13:24:30.626 PP Notes/Aasimar.md cls= wrapper=false embed=null sizer=true connected=true kids=P.,P.,P.,P. hasSizerDesc=false parents=DIV.dc-description>DIV.>DIV.>DIV.block-language-datacorejsx>DIV.el-pre>DIV.markdown-preview-sizer.markdown-preview-section
13:24:30.626 V schedule render {"reason":"postprocessor","sourcePath":"Notes/Aasimar.md","hadPendingTimer":true,"sizerChildren":5}
13:24:30.628 PP Notes/Catfolk.md cls= wrapper=false embed=null sizer=true connected=true kids=P.,P.,P.,P.,P.,P. hasSizerDesc=false parents=DIV.dc-description>DIV.>DIV.>DIV.block-language-datacorejsx>DIV.el-pre>DIV.markdown-preview-sizer.markdown-preview-section
13:24:30.628 V schedule render {"reason":"postprocessor","sourcePath":"Notes/Catfolk.md","hadPendingTimer":true,"sizerChildren":5}
13:24:30.628 PP Notes/Drow.md cls= wrapper=false embed=null sizer=true connected=true kids=P.,P.,P.,P.,P.,P.,P.,P.,P. hasSizerDesc=false parents=DIV.dc-description>DIV.>DIV.>DIV.block-language-datacorejsx>DIV.el-pre>DIV.markdown-preview-sizer.markdown-preview-section
13:24:30.628 V schedule render {"reason":"postprocessor","sourcePath":"Notes/Drow.md","hadPendingTimer":true,"sizerChildren":5}
13:24:30.629 PP Notes/Dwarves.md cls= wrapper=false embed=null sizer=true connected=true kids=P.,P.,P.,P.,P.,P.,P.,P.,P.,P.,P.,P.,P. hasSizerDesc=false parents=DIV.dc-description>DIV.>DIV.>DIV.block-language-datacorejsx>DIV.el-pre>DIV.markdown-preview-sizer.markdown-preview-section
13:24:30.629 V schedule render {"reason":"postprocessor","sourcePath":"Notes/Dwarves.md","hadPendingTimer":true,"sizerChildren":5}
13:24:30.631 PP Notes/Gnolls.md cls= wrapper=false embed=null sizer=true connected=true kids=P.,P.,P.,P.,P.,P.,P.,P.,P. hasSizerDesc=false parents=DIV.dc-description>DIV.>DIV.>DIV.block-language-datacorejsx>DIV.el-pre>DIV.markdown-preview-sizer.markdown-preview-section
13:24:30.631 V schedule render {"reason":"postprocessor","sourcePath":"Notes/Gnolls.md","hadPendingTimer":true,"sizerChildren":5}
13:24:30.631 PP Notes/Humans.md cls= wrapper=false embed=null sizer=true connected=true kids=P.,P. hasSizerDesc=false parents=DIV.dc-description>DIV.>DIV.>DIV.block-language-datacorejsx>DIV.el-pre>DIV.markdown-preview-sizer.markdown-preview-section
13:24:30.631 V schedule render {"reason":"postprocessor","sourcePath":"Notes/Humans.md","hadPendingTimer":true,"sizerChildren":5}
13:24:30.632 PP Notes/Kitsune.md cls= wrapper=false embed=null sizer=true connected=true kids=P.,P.,P.,P.,P.,P.,P.,P.,P.,P.,P.,P.,P. hasSizerDesc=false parents=DIV.dc-description>DIV.>DIV.>DIV.block-language-datacorejsx>DIV.el-pre>DIV.markdown-preview-sizer.markdown-preview-section
13:24:30.632 V schedule render {"reason":"postprocessor","sourcePath":"Notes/Kitsune.md","hadPendingTimer":true,"sizerChildren":5}
13:24:30.633 PP Notes/Nagaji.md cls= wrapper=false embed=null sizer=true connected=true kids=P.,P.,P.,P.,P.,P.,P. hasSizerDesc=false parents=DIV.dc-description>DIV.>DIV.>DIV.block-language-datacorejsx>DIV.el-pre>DIV.markdown-preview-sizer.markdown-preview-section
13:24:30.633 V schedule render {"reason":"postprocessor","sourcePath":"Notes/Nagaji.md","hadPendingTimer":true,"sizerChildren":5}
13:24:30.633 PP Notes/Orcs.md cls= wrapper=false embed=null sizer=true connected=true kids=P.,P.,P.,P. hasSizerDesc=false parents=DIV.dc-description>DIV.>DIV.>DIV.block-language-datacorejsx>DIV.el-pre>DIV.markdown-preview-sizer.markdown-preview-section
13:24:30.633 V schedule render {"reason":"postprocessor","sourcePath":"Notes/Orcs.md","hadPendingTimer":true,"sizerChildren":5}
13:24:30.634 PP Notes/Sun Elves.md cls= wrapper=false embed=null sizer=true connected=true kids=P.,P.,P.,P.,P. hasSizerDesc=false parents=DIV.dc-description>DIV.>DIV.>DIV.block-language-datacorejsx>DIV.el-pre>DIV.markdown-preview-sizer.markdown-preview-section
13:24:30.634 V schedule render {"reason":"postprocessor","sourcePath":"Notes/Sun Elves.md","hadPendingTimer":true,"sizerChildren":5}
13:24:30.634 PP Notes/Tieflings.md cls= wrapper=false embed=null sizer=true connected=true kids=P.,P.,P.,P. hasSizerDesc=false parents=DIV.dc-description>DIV.>DIV.>DIV.block-language-datacorejsx>DIV.el-pre>DIV.markdown-preview-sizer.markdown-preview-section
13:24:30.634 V schedule render {"reason":"postprocessor","sourcePath":"Notes/Tieflings.md","hadPendingTimer":true,"sizerChildren":5}
13:24:30.634 PP Notes/Wild Elves.md cls= wrapper=false embed=null sizer=true connected=true kids=P.,P.,P.,P.,P.,P.,P. hasSizerDesc=false parents=DIV.dc-description>DIV.>DIV.>DIV.block-language-datacorejsx>DIV.el-pre>DIV.markdown-preview-sizer.markdown-preview-section
13:24:30.634 V schedule render {"reason":"postprocessor","sourcePath":"Notes/Wild Elves.md","hadPendingTimer":true,"sizerChildren":5}
13:24:30.636 PP Notes/Greed Sickness.md cls=markdown-preview-view markdown-rendered show-indentation-guide mod-frontmatter mod-ui wrapper=false embed=Greed Sickness sizer=true connected=true kids=PRE.frontmatter,H1.,P.,P.,P.,P.,P. hasSizerDesc=false parents=DIV.markdown-embed-content>SPAN.internal-embed.markdown-embed.inline-embed.is-loaded>P.>SPAN.>DIV.dc-description>DIV.
13:24:30.636 V schedule render {"reason":"postprocessor","sourcePath":"Notes/Greed Sickness.md","hadPendingTimer":false,"sizerChildren":7}
13:24:30.637 PP Notes/Dying Curse.md cls=markdown-preview-view markdown-rendered show-indentation-guide mod-frontmatter mod-ui wrapper=false embed=Dying Curse sizer=true connected=true kids=PRE.frontmatter,H1.,P.,P.,P.,P.,P.,P. hasSizerDesc=false parents=DIV.markdown-embed-content>SPAN.internal-embed.markdown-embed.inline-embed.is-loaded>P.>SPAN.>DIV.dc-description>DIV.
13:24:30.637 V schedule render {"reason":"postprocessor","sourcePath":"Notes/Dying Curse.md","hadPendingTimer":false,"sizerChildren":8}
13:24:30.638 V render start {"reason":"postprocessor","token":130,"sourceHint":"Notes/Wild Elves.md","sizerConnected":true,"sizerChildren":5}
13:24:30.638 V render found no marker regions {"sourcePath":"Notes/Wild Elves.md"}
13:24:30.646 V render start {"reason":"postprocessor","token":1,"sourceHint":"Notes/Greed Sickness.md","sizerConnected":true,"sizerChildren":7}
13:24:30.646 V render found no marker regions {"sourcePath":"Notes/Greed Sickness.md"}
13:24:30.646 V render start {"reason":"postprocessor","token":1,"sourceHint":"Notes/Dying Curse.md","sizerConnected":true,"sizerChildren":8}
13:24:30.646 V render found no marker regions {"sourcePath":"Notes/Dying Curse.md"}
13:24:53.218 V schedule render {"reason":"layout-change","sourcePath":"🌎 Ekoris.md","hadPendingTimer":false,"sizerChildren":5}
13:24:53.218 V schedule render {"reason":"layout-change","sourcePath":"Notes/Greed Sickness.md","hadPendingTimer":false,"sizerChildren":7}
13:24:53.218 V schedule render {"reason":"layout-change","sourcePath":"Notes/Dying Curse.md","hadPendingTimer":false,"sizerChildren":8}
13:24:53.369 V render start {"reason":"layout-change","token":131,"sourceHint":"🌎 Ekoris.md","sizerConnected":true,"sizerChildren":5}
13:24:53.369 V render found no marker regions {"sourcePath":"🌎 Ekoris.md"}
13:24:53.369 V render start {"reason":"layout-change","token":2,"sourceHint":"Notes/Greed Sickness.md","sizerConnected":true,"sizerChildren":7}
13:24:53.369 V render found no marker regions {"sourcePath":"Notes/Greed Sickness.md"}
13:24:53.369 V render start {"reason":"layout-change","token":2,"sourceHint":"Notes/Dying Curse.md","sizerConnected":true,"sizerChildren":8}
13:24:53.369 V render found no marker regions {"sourcePath":"Notes/Dying Curse.md"}
13:25:09.293 V schedule render {"reason":"file-modified","sourcePath":"🌎 Ekoris.md","hadPendingTimer":false,"sizerChildren":5}
13:25:09.444 V render start {"reason":"file-modified","token":132,"sourceHint":"🌎 Ekoris.md","sizerConnected":true,"sizerChildren":5}
13:25:09.444 V render found no marker regions {"sourcePath":"🌎 Ekoris.md"}
13:25:11.037 V schedule render {"reason":"file-modified","sourcePath":"🌎 Ekoris.md","hadPendingTimer":false,"sizerChildren":5}
13:25:11.190 V render start {"reason":"file-modified","token":133,"sourceHint":"🌎 Ekoris.md","sizerConnected":true,"sizerChildren":5}
13:25:11.190 V render found no marker regions {"sourcePath":"🌎 Ekoris.md"}
13:25:26.168 V schedule render {"reason":"file-modified","sourcePath":"🌎 Ekoris.md","hadPendingTimer":false,"sizerChildren":5}
13:25:26.326 V render start {"reason":"file-modified","token":134,"sourceHint":"🌎 Ekoris.md","sizerConnected":true,"sizerChildren":5}
13:25:26.326 V render found no marker regions {"sourcePath":"🌎 Ekoris.md"}
13:25:26.992 V schedule render {"reason":"file-modified","sourcePath":"🌎 Ekoris.md","hadPendingTimer":false,"sizerChildren":5}
13:25:27.143 V render start {"reason":"file-modified","token":135,"sourceHint":"🌎 Ekoris.md","sizerConnected":true,"sizerChildren":5}
13:25:27.144 V render found no marker regions {"sourcePath":"🌎 Ekoris.md"}
13:25:28.194 V schedule render {"reason":"file-modified","sourcePath":"🌎 Ekoris.md","hadPendingTimer":false,"sizerChildren":5}
13:25:28.348 V render start {"reason":"file-modified","token":136,"sourceHint":"🌎 Ekoris.md","sizerConnected":true,"sizerChildren":5}
13:25:28.348 V render found no marker regions {"sourcePath":"🌎 Ekoris.md"}
13:25:30.261 V schedule render {"reason":"file-modified","sourcePath":"🌎 Ekoris.md","hadPendingTimer":false,"sizerChildren":5}
13:25:30.412 V render start {"reason":"file-modified","token":137,"sourceHint":"🌎 Ekoris.md","sizerConnected":true,"sizerChildren":5}
13:25:30.412 V render found no marker regions {"sourcePath":"🌎 Ekoris.md"}
13:25:32.376 V schedule render {"reason":"file-modified","sourcePath":"🌎 Ekoris.md","hadPendingTimer":false,"sizerChildren":5}
13:25:32.416 PP 🌎 Ekoris.md cls=el-pre wrapper=false embed=null sizer=false connected=false kids=DIV.block-language-datacorejsx hasSizerDesc=false parents=
13:25:32.416 V schedule render {"reason":"postprocessor","sourcePath":"🌎 Ekoris.md","hadPendingTimer":true,"sizerChildren":5}
13:25:32.429 V render start {"reason":"postprocessor","token":138,"sourceHint":"🌎 Ekoris.md","sizerConnected":true,"sizerChildren":5}
13:25:32.429 V render found no marker regions {"sourcePath":"🌎 Ekoris.md"}
13:25:32.432 V schedule render {"reason":"layout-change","sourcePath":"🌎 Ekoris.md","hadPendingTimer":false,"sizerChildren":5}
13:25:32.443 PP Notes/Aasimar.md cls= wrapper=false embed=null sizer=true connected=true kids=P.,P.,P.,P. hasSizerDesc=false parents=DIV.dc-description>DIV.>DIV.>DIV.block-language-datacorejsx>DIV.el-pre>DIV.markdown-preview-sizer.markdown-preview-section
13:25:32.443 V schedule render {"reason":"postprocessor","sourcePath":"Notes/Aasimar.md","hadPendingTimer":true,"sizerChildren":5}
13:25:32.444 PP Notes/Catfolk.md cls= wrapper=false embed=null sizer=true connected=true kids=P.,P.,P.,P.,P.,P. hasSizerDesc=false parents=DIV.dc-description>DIV.>DIV.>DIV.block-language-datacorejsx>DIV.el-pre>DIV.markdown-preview-sizer.markdown-preview-section
13:25:32.444 V schedule render {"reason":"postprocessor","sourcePath":"Notes/Catfolk.md","hadPendingTimer":true,"sizerChildren":5}
13:25:32.445 PP Notes/Drow.md cls= wrapper=false embed=null sizer=true connected=true kids=P.,P.,P.,P.,P.,P.,P.,P.,P. hasSizerDesc=false parents=DIV.dc-description>DIV.>DIV.>DIV.block-language-datacorejsx>DIV.el-pre>DIV.markdown-preview-sizer.markdown-preview-section
13:25:32.445 V schedule render {"reason":"postprocessor","sourcePath":"Notes/Drow.md","hadPendingTimer":true,"sizerChildren":5}
13:25:32.446 PP Notes/Dwarves.md cls= wrapper=false embed=null sizer=true connected=true kids=P.,P.,P.,P.,P.,P.,P.,P.,P.,P.,P.,P.,P. hasSizerDesc=false parents=DIV.dc-description>DIV.>DIV.>DIV.block-language-datacorejsx>DIV.el-pre>DIV.markdown-preview-sizer.markdown-preview-section
13:25:32.446 V schedule render {"reason":"postprocessor","sourcePath":"Notes/Dwarves.md","hadPendingTimer":true,"sizerChildren":5}
13:25:32.447 PP Notes/Gnolls.md cls= wrapper=false embed=null sizer=true connected=true kids=P.,P.,P.,P.,P.,P.,P.,P.,P. hasSizerDesc=false parents=DIV.dc-description>DIV.>DIV.>DIV.block-language-datacorejsx>DIV.el-pre>DIV.markdown-preview-sizer.markdown-preview-section
13:25:32.447 V schedule render {"reason":"postprocessor","sourcePath":"Notes/Gnolls.md","hadPendingTimer":true,"sizerChildren":5}
13:25:32.448 PP Notes/Humans.md cls= wrapper=false embed=null sizer=true connected=true kids=P.,P. hasSizerDesc=false parents=DIV.dc-description>DIV.>DIV.>DIV.block-language-datacorejsx>DIV.el-pre>DIV.markdown-preview-sizer.markdown-preview-section
13:25:32.448 V schedule render {"reason":"postprocessor","sourcePath":"Notes/Humans.md","hadPendingTimer":true,"sizerChildren":5}
13:25:32.448 PP Notes/Kitsune.md cls= wrapper=false embed=null sizer=true connected=true kids=P.,P.,P.,P.,P.,P.,P.,P.,P.,P.,P.,P.,P. hasSizerDesc=false parents=DIV.dc-description>DIV.>DIV.>DIV.block-language-datacorejsx>DIV.el-pre>DIV.markdown-preview-sizer.markdown-preview-section
13:25:32.448 V schedule render {"reason":"postprocessor","sourcePath":"Notes/Kitsune.md","hadPendingTimer":true,"sizerChildren":5}
13:25:32.449 PP Notes/Nagaji.md cls= wrapper=false embed=null sizer=true connected=true kids=P.,P.,P.,P.,P.,P.,P. hasSizerDesc=false parents=DIV.dc-description>DIV.>DIV.>DIV.block-language-datacorejsx>DIV.el-pre>DIV.markdown-preview-sizer.markdown-preview-section
13:25:32.449 V schedule render {"reason":"postprocessor","sourcePath":"Notes/Nagaji.md","hadPendingTimer":true,"sizerChildren":5}
13:25:32.449 PP Notes/Orcs.md cls= wrapper=false embed=null sizer=true connected=true kids=P.,P.,P.,P. hasSizerDesc=false parents=DIV.dc-description>DIV.>DIV.>DIV.block-language-datacorejsx>DIV.el-pre>DIV.markdown-preview-sizer.markdown-preview-section
13:25:32.449 V schedule render {"reason":"postprocessor","sourcePath":"Notes/Orcs.md","hadPendingTimer":true,"sizerChildren":5}
13:25:32.449 PP Notes/Sun Elves.md cls= wrapper=false embed=null sizer=true connected=true kids=P.,P.,P.,P.,P. hasSizerDesc=false parents=DIV.dc-description>DIV.>DIV.>DIV.block-language-datacorejsx>DIV.el-pre>DIV.markdown-preview-sizer.markdown-preview-section
13:25:32.449 V schedule render {"reason":"postprocessor","sourcePath":"Notes/Sun Elves.md","hadPendingTimer":true,"sizerChildren":5}
13:25:32.450 PP Notes/Tieflings.md cls= wrapper=false embed=null sizer=true connected=true kids=P.,P.,P.,P. hasSizerDesc=false parents=DIV.dc-description>DIV.>DIV.>DIV.block-language-datacorejsx>DIV.el-pre>DIV.markdown-preview-sizer.markdown-preview-section
13:25:32.450 V schedule render {"reason":"postprocessor","sourcePath":"Notes/Tieflings.md","hadPendingTimer":true,"sizerChildren":5}
13:25:32.450 PP Notes/Wild Elves.md cls= wrapper=false embed=null sizer=true connected=true kids=P.,P.,P.,P.,P.,P.,P. hasSizerDesc=false parents=DIV.dc-description>DIV.>DIV.>DIV.block-language-datacorejsx>DIV.el-pre>DIV.markdown-preview-sizer.markdown-preview-section
13:25:32.450 V schedule render {"reason":"postprocessor","sourcePath":"Notes/Wild Elves.md","hadPendingTimer":true,"sizerChildren":5}
13:25:32.451 PP Notes/Greed Sickness.md cls=markdown-preview-view markdown-rendered show-indentation-guide mod-frontmatter mod-ui wrapper=false embed=Greed Sickness sizer=true connected=true kids=PRE.frontmatter,H1.,P.,P.,P.,P.,P. hasSizerDesc=false parents=DIV.markdown-embed-content>SPAN.internal-embed.markdown-embed.inline-embed.is-loaded>P.>SPAN.>DIV.dc-description>DIV.
13:25:32.451 V schedule render {"reason":"postprocessor","sourcePath":"Notes/Greed Sickness.md","hadPendingTimer":false,"sizerChildren":7}
13:25:32.453 PP Notes/Dying Curse.md cls=markdown-preview-view markdown-rendered show-indentation-guide mod-frontmatter mod-ui wrapper=false embed=Dying Curse sizer=true connected=true kids=PRE.frontmatter,H1.,P.,P.,P.,P.,P.,P. hasSizerDesc=false parents=DIV.markdown-embed-content>SPAN.internal-embed.markdown-embed.inline-embed.is-loaded>P.>SPAN.>DIV.dc-description>DIV.
13:25:32.453 V schedule render {"reason":"postprocessor","sourcePath":"Notes/Dying Curse.md","hadPendingTimer":false,"sizerChildren":8}
13:25:32.453 V render start {"reason":"postprocessor","token":139,"sourceHint":"Notes/Wild Elves.md","sizerConnected":true,"sizerChildren":5}
13:25:32.453 V render found no marker regions {"sourcePath":"Notes/Wild Elves.md"}
13:25:32.461 V render start {"reason":"postprocessor","token":1,"sourceHint":"Notes/Greed Sickness.md","sizerConnected":true,"sizerChildren":7}
13:25:32.461 V render found no marker regions {"sourcePath":"Notes/Greed Sickness.md"}
13:25:32.461 V render start {"reason":"postprocessor","token":1,"sourceHint":"Notes/Dying Curse.md","sizerConnected":true,"sizerChildren":8}
13:25:32.461 V render found no marker regions {"sourcePath":"Notes/Dying Curse.md"}
13:25:34.827 V schedule render {"reason":"layout-change","sourcePath":"🌎 Ekoris.md","hadPendingTimer":false,"sizerChildren":5}
13:25:34.827 V schedule render {"reason":"layout-change","sourcePath":"Notes/Greed Sickness.md","hadPendingTimer":false,"sizerChildren":7}
13:25:34.827 V schedule render {"reason":"layout-change","sourcePath":"Notes/Dying Curse.md","hadPendingTimer":false,"sizerChildren":8}
13:25:34.978 V render start {"reason":"layout-change","token":140,"sourceHint":"🌎 Ekoris.md","sizerConnected":true,"sizerChildren":5}
13:25:34.978 V render found no marker regions {"sourcePath":"🌎 Ekoris.md"}
13:25:34.978 V render start {"reason":"layout-change","token":2,"sourceHint":"Notes/Greed Sickness.md","sizerConnected":true,"sizerChildren":7}
13:25:34.978 V render found no marker regions {"sourcePath":"Notes/Greed Sickness.md"}
13:25:34.978 V render start {"reason":"layout-change","token":2,"sourceHint":"Notes/Dying Curse.md","sizerConnected":true,"sizerChildren":8}
13:25:34.978 V render found no marker regions {"sourcePath":"Notes/Dying Curse.md"}
13:25:37.640 V schedule render {"reason":"file-modified","sourcePath":"🌎 Ekoris.md","hadPendingTimer":false,"sizerChildren":5}
13:25:37.674 PP 🌎 Ekoris.md cls=el-pre wrapper=false embed=null sizer=false connected=false kids=DIV.block-language-datacorejsx hasSizerDesc=false parents=
13:25:37.674 V schedule render {"reason":"postprocessor","sourcePath":"🌎 Ekoris.md","hadPendingTimer":true,"sizerChildren":5}
13:25:37.688 V render start {"reason":"postprocessor","token":141,"sourceHint":"🌎 Ekoris.md","sizerConnected":true,"sizerChildren":5}
13:25:37.688 V render found no marker regions {"sourcePath":"🌎 Ekoris.md"}
13:25:37.690 V schedule render {"reason":"layout-change","sourcePath":"🌎 Ekoris.md","hadPendingTimer":false,"sizerChildren":5}
13:25:37.703 PP Notes/Aasimar.md cls= wrapper=false embed=null sizer=true connected=true kids=P.,P.,P.,P. hasSizerDesc=false parents=DIV.dc-description>DIV.>DIV.>DIV.block-language-datacorejsx>DIV.el-pre>DIV.markdown-preview-sizer.markdown-preview-section
13:25:37.703 V schedule render {"reason":"postprocessor","sourcePath":"Notes/Aasimar.md","hadPendingTimer":true,"sizerChildren":5}
13:25:37.704 PP Notes/Catfolk.md cls= wrapper=false embed=null sizer=true connected=true kids=P.,P.,P.,P.,P.,P. hasSizerDesc=false parents=DIV.dc-description>DIV.>DIV.>DIV.block-language-datacorejsx>DIV.el-pre>DIV.markdown-preview-sizer.markdown-preview-section
13:25:37.704 V schedule render {"reason":"postprocessor","sourcePath":"Notes/Catfolk.md","hadPendingTimer":true,"sizerChildren":5}
13:25:37.705 PP Notes/Drow.md cls= wrapper=false embed=null sizer=true connected=true kids=P.,P.,P.,P.,P.,P.,P.,P.,P. hasSizerDesc=false parents=DIV.dc-description>DIV.>DIV.>DIV.block-language-datacorejsx>DIV.el-pre>DIV.markdown-preview-sizer.markdown-preview-section
13:25:37.705 V schedule render {"reason":"postprocessor","sourcePath":"Notes/Drow.md","hadPendingTimer":true,"sizerChildren":5}
13:25:37.706 PP Notes/Dwarves.md cls= wrapper=false embed=null sizer=true connected=true kids=P.,P.,P.,P.,P.,P.,P.,P.,P.,P.,P.,P.,P. hasSizerDesc=false parents=DIV.dc-description>DIV.>DIV.>DIV.block-language-datacorejsx>DIV.el-pre>DIV.markdown-preview-sizer.markdown-preview-section
13:25:37.706 V schedule render {"reason":"postprocessor","sourcePath":"Notes/Dwarves.md","hadPendingTimer":true,"sizerChildren":5}
13:25:37.707 PP Notes/Gnolls.md cls= wrapper=false embed=null sizer=true connected=true kids=P.,P.,P.,P.,P.,P.,P.,P.,P. hasSizerDesc=false parents=DIV.dc-description>DIV.>DIV.>DIV.block-language-datacorejsx>DIV.el-pre>DIV.markdown-preview-sizer.markdown-preview-section
13:25:37.707 V schedule render {"reason":"postprocessor","sourcePath":"Notes/Gnolls.md","hadPendingTimer":true,"sizerChildren":5}
13:25:37.707 PP Notes/Humans.md cls= wrapper=false embed=null sizer=true connected=true kids=P.,P. hasSizerDesc=false parents=DIV.dc-description>DIV.>DIV.>DIV.block-language-datacorejsx>DIV.el-pre>DIV.markdown-preview-sizer.markdown-preview-section
13:25:37.707 V schedule render {"reason":"postprocessor","sourcePath":"Notes/Humans.md","hadPendingTimer":true,"sizerChildren":5}
13:25:37.709 PP Notes/Kitsune.md cls= wrapper=false embed=null sizer=true connected=true kids=P.,P.,P.,P.,P.,P.,P.,P.,P.,P.,P.,P.,P. hasSizerDesc=false parents=DIV.dc-description>DIV.>DIV.>DIV.block-language-datacorejsx>DIV.el-pre>DIV.markdown-preview-sizer.markdown-preview-section
13:25:37.709 V schedule render {"reason":"postprocessor","sourcePath":"Notes/Kitsune.md","hadPendingTimer":true,"sizerChildren":5}
13:25:37.709 PP Notes/Nagaji.md cls= wrapper=false embed=null sizer=true connected=true kids=P.,P.,P.,P.,P.,P.,P. hasSizerDesc=false parents=DIV.dc-description>DIV.>DIV.>DIV.block-language-datacorejsx>DIV.el-pre>DIV.markdown-preview-sizer.markdown-preview-section
13:25:37.709 V schedule render {"reason":"postprocessor","sourcePath":"Notes/Nagaji.md","hadPendingTimer":true,"sizerChildren":5}
13:25:37.710 PP Notes/Orcs.md cls= wrapper=false embed=null sizer=true connected=true kids=P.,P.,P.,P. hasSizerDesc=false parents=DIV.dc-description>DIV.>DIV.>DIV.block-language-datacorejsx>DIV.el-pre>DIV.markdown-preview-sizer.markdown-preview-section
13:25:37.710 V schedule render {"reason":"postprocessor","sourcePath":"Notes/Orcs.md","hadPendingTimer":true,"sizerChildren":5}
13:25:37.710 PP Notes/Sun Elves.md cls= wrapper=false embed=null sizer=true connected=true kids=P.,P.,P.,P.,P. hasSizerDesc=false parents=DIV.dc-description>DIV.>DIV.>DIV.block-language-datacorejsx>DIV.el-pre>DIV.markdown-preview-sizer.markdown-preview-section
13:25:37.710 V schedule render {"reason":"postprocessor","sourcePath":"Notes/Sun Elves.md","hadPendingTimer":true,"sizerChildren":5}
13:25:37.710 PP Notes/Tieflings.md cls= wrapper=false embed=null sizer=true connected=true kids=P.,P.,P.,P. hasSizerDesc=false parents=DIV.dc-description>DIV.>DIV.>DIV.block-language-datacorejsx>DIV.el-pre>DIV.markdown-preview-sizer.markdown-preview-section
13:25:37.710 V schedule render {"reason":"postprocessor","sourcePath":"Notes/Tieflings.md","hadPendingTimer":true,"sizerChildren":5}
13:25:37.711 PP Notes/Wild Elves.md cls= wrapper=false embed=null sizer=true connected=true kids=P.,P.,P.,P.,P.,P.,P. hasSizerDesc=false parents=DIV.dc-description>DIV.>DIV.>DIV.block-language-datacorejsx>DIV.el-pre>DIV.markdown-preview-sizer.markdown-preview-section
13:25:37.711 V schedule render {"reason":"postprocessor","sourcePath":"Notes/Wild Elves.md","hadPendingTimer":true,"sizerChildren":5}
13:25:37.712 PP Notes/Greed Sickness.md cls=markdown-preview-view markdown-rendered show-indentation-guide mod-frontmatter mod-ui wrapper=false embed=Greed Sickness sizer=true connected=true kids=PRE.frontmatter,H1.,P.,P.,P.,P.,P. hasSizerDesc=false parents=DIV.markdown-embed-content>SPAN.internal-embed.markdown-embed.inline-embed.is-loaded>P.>SPAN.>DIV.dc-description>DIV.
13:25:37.712 V schedule render {"reason":"postprocessor","sourcePath":"Notes/Greed Sickness.md","hadPendingTimer":false,"sizerChildren":7}
13:25:37.714 PP Notes/Dying Curse.md cls=markdown-preview-view markdown-rendered show-indentation-guide mod-frontmatter mod-ui wrapper=false embed=Dying Curse sizer=true connected=true kids=PRE.frontmatter,H1.,P.,P.,P.,P.,P.,P. hasSizerDesc=false parents=DIV.markdown-embed-content>SPAN.internal-embed.markdown-embed.inline-embed.is-loaded>P.>SPAN.>DIV.dc-description>DIV.
13:25:37.714 V schedule render {"reason":"postprocessor","sourcePath":"Notes/Dying Curse.md","hadPendingTimer":false,"sizerChildren":8}
13:25:37.714 V render start {"reason":"postprocessor","token":142,"sourceHint":"Notes/Wild Elves.md","sizerConnected":true,"sizerChildren":5}
13:25:37.714 V render found no marker regions {"sourcePath":"Notes/Wild Elves.md"}
13:25:37.721 V render start {"reason":"postprocessor","token":1,"sourceHint":"Notes/Greed Sickness.md","sizerConnected":true,"sizerChildren":7}
13:25:37.722 V render found no marker regions {"sourcePath":"Notes/Greed Sickness.md"}
13:25:37.722 V render start {"reason":"postprocessor","token":1,"sourceHint":"Notes/Dying Curse.md","sizerConnected":true,"sizerChildren":8}
13:25:37.722 V render found no marker regions {"sourcePath":"Notes/Dying Curse.md"}
13:25:40.408 PP Notes/Dwarves.md cls=el-pre mod-frontmatter mod-ui wrapper=false embed=null sizer=false connected=false kids=PRE.frontmatter hasSizerDesc=false parents=
13:25:40.409 PP Notes/Dwarves.md cls=el-h1 wrapper=false embed=null sizer=false connected=false kids=H1. hasSizerDesc=false parents=
13:25:40.409 PP Notes/Dwarves.md cls=el-p wrapper=false embed=null sizer=false connected=false kids=P. hasSizerDesc=false parents=
13:25:40.409 PP Notes/Dwarves.md cls=el-p wrapper=false embed=null sizer=false connected=false kids=P. hasSizerDesc=false parents=
13:25:40.410 PP Notes/Dwarves.md cls=el-p wrapper=false embed=null sizer=false connected=false kids=P. hasSizerDesc=false parents=
13:25:40.410 PP Notes/Dwarves.md cls=el-p wrapper=false embed=null sizer=false connected=false kids=P. hasSizerDesc=false parents=
13:25:40.410 PP Notes/Dwarves.md cls=el-p wrapper=false embed=null sizer=false connected=false kids=P. hasSizerDesc=false parents=
13:25:40.410 PP Notes/Dwarves.md cls=el-p wrapper=false embed=null sizer=false connected=false kids=P. hasSizerDesc=false parents=
13:25:40.410 PP Notes/Dwarves.md cls=el-p wrapper=false embed=null sizer=false connected=false kids=P. hasSizerDesc=false parents=
13:25:40.411 PP Notes/Dwarves.md cls=el-p wrapper=false embed=null sizer=false connected=false kids=P. hasSizerDesc=false parents=
13:25:40.411 PP Notes/Dwarves.md cls=el-p wrapper=false embed=null sizer=false connected=false kids=P. hasSizerDesc=false parents=
13:25:40.412 PP Notes/Dwarves.md cls=el-p wrapper=false embed=null sizer=false connected=false kids=P. hasSizerDesc=false parents=
13:25:40.412 PP Notes/Dwarves.md cls=el-p wrapper=false embed=null sizer=false connected=false kids=P. hasSizerDesc=false parents=
13:25:40.412 PP Notes/Dwarves.md cls=el-p wrapper=false embed=null sizer=false connected=false kids=P. hasSizerDesc=false parents=
13:25:40.412 PP Notes/Dwarves.md cls=el-p wrapper=false embed=null sizer=false connected=false kids=P. hasSizerDesc=false parents=
13:25:40.819 PP Notes/Greed Sickness.md cls=el-pre mod-frontmatter mod-ui wrapper=false embed=null sizer=false connected=false kids=PRE.frontmatter hasSizerDesc=false parents=
13:25:40.819 V schedule render {"reason":"postprocessor","sourcePath":"Notes/Greed Sickness.md","hadPendingTimer":false,"sizerChildren":2}
13:25:40.819 PP Notes/Greed Sickness.md cls=el-h1 wrapper=false embed=null sizer=false connected=false kids=H1. hasSizerDesc=false parents=
13:25:40.819 V schedule render {"reason":"postprocessor","sourcePath":"Notes/Greed Sickness.md","hadPendingTimer":true,"sizerChildren":2}
13:25:40.820 PP Notes/Greed Sickness.md cls=el-p wrapper=false embed=null sizer=false connected=false kids=P. hasSizerDesc=false parents=
13:25:40.820 V schedule render {"reason":"postprocessor","sourcePath":"Notes/Greed Sickness.md","hadPendingTimer":true,"sizerChildren":2}
13:25:40.820 PP Notes/Greed Sickness.md cls=el-p wrapper=false embed=null sizer=false connected=false kids=P. hasSizerDesc=false parents=
13:25:40.820 V schedule render {"reason":"postprocessor","sourcePath":"Notes/Greed Sickness.md","hadPendingTimer":true,"sizerChildren":2}
13:25:40.820 PP Notes/Greed Sickness.md cls=el-p wrapper=false embed=null sizer=false connected=false kids=P. hasSizerDesc=false parents=
13:25:40.820 V schedule render {"reason":"postprocessor","sourcePath":"Notes/Greed Sickness.md","hadPendingTimer":true,"sizerChildren":2}
13:25:40.820 PP Notes/Greed Sickness.md cls=el-p wrapper=false embed=null sizer=false connected=false kids=P. hasSizerDesc=false parents=
13:25:40.820 V schedule render {"reason":"postprocessor","sourcePath":"Notes/Greed Sickness.md","hadPendingTimer":true,"sizerChildren":2}
13:25:40.821 PP Notes/Greed Sickness.md cls=el-p wrapper=false embed=null sizer=false connected=false kids=P. hasSizerDesc=false parents=
13:25:40.821 V schedule render {"reason":"postprocessor","sourcePath":"Notes/Greed Sickness.md","hadPendingTimer":true,"sizerChildren":2}
13:25:40.825 V render start {"reason":"postprocessor","token":1,"sourceHint":"Notes/Greed Sickness.md","sizerConnected":true,"sizerChildren":9}
13:25:40.825 V render found no marker regions {"sourcePath":"Notes/Greed Sickness.md"}
13:25:46.692 V schedule render {"reason":"layout-change","sourcePath":"🌎 Ekoris.md","hadPendingTimer":false,"sizerChildren":5}
13:25:46.692 V schedule render {"reason":"layout-change","sourcePath":"Notes/Greed Sickness.md","hadPendingTimer":false,"sizerChildren":7}
13:25:46.692 V schedule render {"reason":"layout-change","sourcePath":"Notes/Dying Curse.md","hadPendingTimer":false,"sizerChildren":8}
13:25:46.843 V render start {"reason":"layout-change","token":143,"sourceHint":"🌎 Ekoris.md","sizerConnected":true,"sizerChildren":5}
13:25:46.843 V render found no marker regions {"sourcePath":"🌎 Ekoris.md"}
13:25:46.843 V render start {"reason":"layout-change","token":2,"sourceHint":"Notes/Greed Sickness.md","sizerConnected":true,"sizerChildren":7}
13:25:46.843 V render found no marker regions {"sourcePath":"Notes/Greed Sickness.md"}
13:25:46.843 V render start {"reason":"layout-change","token":2,"sourceHint":"Notes/Dying Curse.md","sizerConnected":true,"sizerChildren":8}
13:25:46.843 V render found no marker regions {"sourcePath":"Notes/Dying Curse.md"}
13:25:54.507 V schedule render {"reason":"file-modified","sourcePath":"🌎 Ekoris.md","hadPendingTimer":false,"sizerChildren":5}
13:25:54.658 V render start {"reason":"file-modified","token":144,"sourceHint":"🌎 Ekoris.md","sizerConnected":true,"sizerChildren":5}
13:25:54.658 V render found no marker regions {"sourcePath":"🌎 Ekoris.md"}
13:25:55.364 V schedule render {"reason":"file-modified","sourcePath":"🌎 Ekoris.md","hadPendingTimer":false,"sizerChildren":5}
13:25:55.404 PP 🌎 Ekoris.md cls=el-pre wrapper=false embed=null sizer=false connected=false kids=DIV.block-language-datacorejsx hasSizerDesc=false parents=
13:25:55.404 V schedule render {"reason":"postprocessor","sourcePath":"🌎 Ekoris.md","hadPendingTimer":true,"sizerChildren":5}
13:25:55.418 V render start {"reason":"postprocessor","token":145,"sourceHint":"🌎 Ekoris.md","sizerConnected":true,"sizerChildren":5}
13:25:55.418 V render found no marker regions {"sourcePath":"🌎 Ekoris.md"}
13:25:55.420 V schedule render {"reason":"layout-change","sourcePath":"🌎 Ekoris.md","hadPendingTimer":false,"sizerChildren":5}
13:25:55.431 PP Notes/Aasimar.md cls= wrapper=false embed=null sizer=true connected=true kids=P.,P.,P.,P. hasSizerDesc=false parents=DIV.dc-description>DIV.>DIV.>DIV.block-language-datacorejsx>DIV.el-pre>DIV.markdown-preview-sizer.markdown-preview-section
13:25:55.431 V schedule render {"reason":"postprocessor","sourcePath":"Notes/Aasimar.md","hadPendingTimer":true,"sizerChildren":5}
13:25:55.432 PP Notes/Catfolk.md cls= wrapper=false embed=null sizer=true connected=true kids=P.,P.,P.,P.,P.,P. hasSizerDesc=false parents=DIV.dc-description>DIV.>DIV.>DIV.block-language-datacorejsx>DIV.el-pre>DIV.markdown-preview-sizer.markdown-preview-section
13:25:55.432 V schedule render {"reason":"postprocessor","sourcePath":"Notes/Catfolk.md","hadPendingTimer":true,"sizerChildren":5}
13:25:55.432 PP Notes/Drow.md cls= wrapper=false embed=null sizer=true connected=true kids=P.,P.,P.,P.,P.,P.,P.,P.,P. hasSizerDesc=false parents=DIV.dc-description>DIV.>DIV.>DIV.block-language-datacorejsx>DIV.el-pre>DIV.markdown-preview-sizer.markdown-preview-section
13:25:55.432 V schedule render {"reason":"postprocessor","sourcePath":"Notes/Drow.md","hadPendingTimer":true,"sizerChildren":5}
13:25:55.433 PP Notes/Dwarves.md cls= wrapper=false embed=null sizer=true connected=true kids=P.,P.,P.,P.,P.,P.,P.,P.,P.,P.,P.,P.,P. hasSizerDesc=false parents=DIV.dc-description>DIV.>DIV.>DIV.block-language-datacorejsx>DIV.el-pre>DIV.markdown-preview-sizer.markdown-preview-section
13:25:55.433 V schedule render {"reason":"postprocessor","sourcePath":"Notes/Dwarves.md","hadPendingTimer":true,"sizerChildren":5}
13:25:55.435 PP Notes/Gnolls.md cls= wrapper=false embed=null sizer=true connected=true kids=P.,P.,P.,P.,P.,P.,P.,P.,P. hasSizerDesc=false parents=DIV.dc-description>DIV.>DIV.>DIV.block-language-datacorejsx>DIV.el-pre>DIV.markdown-preview-sizer.markdown-preview-section
13:25:55.435 V schedule render {"reason":"postprocessor","sourcePath":"Notes/Gnolls.md","hadPendingTimer":true,"sizerChildren":5}
13:25:55.436 PP Notes/Humans.md cls= wrapper=false embed=null sizer=true connected=true kids=P.,P. hasSizerDesc=false parents=DIV.dc-description>DIV.>DIV.>DIV.block-language-datacorejsx>DIV.el-pre>DIV.markdown-preview-sizer.markdown-preview-section
13:25:55.436 V schedule render {"reason":"postprocessor","sourcePath":"Notes/Humans.md","hadPendingTimer":true,"sizerChildren":5}
13:25:55.436 PP Notes/Kitsune.md cls= wrapper=false embed=null sizer=true connected=true kids=P.,P.,P.,P.,P.,P.,P.,P.,P.,P.,P.,P.,P. hasSizerDesc=false parents=DIV.dc-description>DIV.>DIV.>DIV.block-language-datacorejsx>DIV.el-pre>DIV.markdown-preview-sizer.markdown-preview-section
13:25:55.436 V schedule render {"reason":"postprocessor","sourcePath":"Notes/Kitsune.md","hadPendingTimer":true,"sizerChildren":5}
13:25:55.437 PP Notes/Nagaji.md cls= wrapper=false embed=null sizer=true connected=true kids=P.,P.,P.,P.,P.,P.,P. hasSizerDesc=false parents=DIV.dc-description>DIV.>DIV.>DIV.block-language-datacorejsx>DIV.el-pre>DIV.markdown-preview-sizer.markdown-preview-section
13:25:55.437 V schedule render {"reason":"postprocessor","sourcePath":"Notes/Nagaji.md","hadPendingTimer":true,"sizerChildren":5}
13:25:55.437 PP Notes/Orcs.md cls= wrapper=false embed=null sizer=true connected=true kids=P.,P.,P.,P. hasSizerDesc=false parents=DIV.dc-description>DIV.>DIV.>DIV.block-language-datacorejsx>DIV.el-pre>DIV.markdown-preview-sizer.markdown-preview-section
13:25:55.437 V schedule render {"reason":"postprocessor","sourcePath":"Notes/Orcs.md","hadPendingTimer":true,"sizerChildren":5}
13:25:55.438 PP Notes/Sun Elves.md cls= wrapper=false embed=null sizer=true connected=true kids=P.,P.,P.,P.,P. hasSizerDesc=false parents=DIV.dc-description>DIV.>DIV.>DIV.block-language-datacorejsx>DIV.el-pre>DIV.markdown-preview-sizer.markdown-preview-section
13:25:55.438 V schedule render {"reason":"postprocessor","sourcePath":"Notes/Sun Elves.md","hadPendingTimer":true,"sizerChildren":5}
13:25:55.438 PP Notes/Tieflings.md cls= wrapper=false embed=null sizer=true connected=true kids=P.,P.,P.,P. hasSizerDesc=false parents=DIV.dc-description>DIV.>DIV.>DIV.block-language-datacorejsx>DIV.el-pre>DIV.markdown-preview-sizer.markdown-preview-section
13:25:55.438 V schedule render {"reason":"postprocessor","sourcePath":"Notes/Tieflings.md","hadPendingTimer":true,"sizerChildren":5}
13:25:55.439 PP Notes/Wild Elves.md cls= wrapper=false embed=null sizer=true connected=true kids=P.,P.,P.,P.,P.,P.,P. hasSizerDesc=false parents=DIV.dc-description>DIV.>DIV.>DIV.block-language-datacorejsx>DIV.el-pre>DIV.markdown-preview-sizer.markdown-preview-section
13:25:55.439 V schedule render {"reason":"postprocessor","sourcePath":"Notes/Wild Elves.md","hadPendingTimer":true,"sizerChildren":5}
13:25:55.440 PP Notes/Greed Sickness.md cls=markdown-preview-view markdown-rendered show-indentation-guide mod-frontmatter mod-ui wrapper=false embed=Greed Sickness sizer=true connected=true kids=PRE.frontmatter,H1.,P.,P.,P.,P.,P. hasSizerDesc=false parents=DIV.markdown-embed-content>SPAN.internal-embed.markdown-embed.inline-embed.is-loaded>P.>SPAN.>DIV.dc-description>DIV.
13:25:55.440 V schedule render {"reason":"postprocessor","sourcePath":"Notes/Greed Sickness.md","hadPendingTimer":false,"sizerChildren":7}
13:25:55.442 PP Notes/Dying Curse.md cls=markdown-preview-view markdown-rendered show-indentation-guide mod-frontmatter mod-ui wrapper=false embed=Dying Curse sizer=true connected=true kids=PRE.frontmatter,H1.,P.,P.,P.,P.,P.,P. hasSizerDesc=false parents=DIV.markdown-embed-content>SPAN.internal-embed.markdown-embed.inline-embed.is-loaded>P.>SPAN.>DIV.dc-description>DIV.
13:25:55.442 V schedule render {"reason":"postprocessor","sourcePath":"Notes/Dying Curse.md","hadPendingTimer":false,"sizerChildren":8}
13:25:55.450 V render start {"reason":"postprocessor","token":146,"sourceHint":"Notes/Wild Elves.md","sizerConnected":true,"sizerChildren":5}
13:25:55.450 V render found no marker regions {"sourcePath":"Notes/Wild Elves.md"}
13:25:55.450 V render start {"reason":"postprocessor","token":1,"sourceHint":"Notes/Greed Sickness.md","sizerConnected":true,"sizerChildren":7}
13:25:55.450 V render found no marker regions {"sourcePath":"Notes/Greed Sickness.md"}
13:25:55.450 V render start {"reason":"postprocessor","token":1,"sourceHint":"Notes/Dying Curse.md","sizerConnected":true,"sizerChildren":8}
13:25:55.450 V render found no marker regions {"sourcePath":"Notes/Dying Curse.md"}
13:25:59.147 V schedule render {"reason":"layout-change","sourcePath":"🌎 Ekoris.md","hadPendingTimer":false,"sizerChildren":5}
13:25:59.147 V schedule render {"reason":"layout-change","sourcePath":"Notes/Greed Sickness.md","hadPendingTimer":false,"sizerChildren":7}
13:25:59.147 V schedule render {"reason":"layout-change","sourcePath":"Notes/Dying Curse.md","hadPendingTimer":false,"sizerChildren":8}
13:25:59.299 V render start {"reason":"layout-change","token":147,"sourceHint":"🌎 Ekoris.md","sizerConnected":true,"sizerChildren":5}
13:25:59.299 V render found no marker regions {"sourcePath":"🌎 Ekoris.md"}
13:25:59.299 V render start {"reason":"layout-change","token":2,"sourceHint":"Notes/Greed Sickness.md","sizerConnected":true,"sizerChildren":7}
13:25:59.299 V render found no marker regions {"sourcePath":"Notes/Greed Sickness.md"}
13:25:59.299 V render start {"reason":"layout-change","token":2,"sourceHint":"Notes/Dying Curse.md","sizerConnected":true,"sizerChildren":8}
13:25:59.299 V render found no marker regions {"sourcePath":"Notes/Dying Curse.md"}
13:26:00.794 V schedule render {"reason":"layout-change","sourcePath":"Components/Description.md","hadPendingTimer":false,"sizerChildren":0}
13:26:00.945 V render start {"reason":"layout-change","token":148,"sourceHint":"Components/Description.md","sizerConnected":true,"sizerChildren":0}
13:26:00.945 V render found no marker regions {"sourcePath":"Components/Description.md"}
13:26:03.689 V schedule render {"reason":"layout-change","sourcePath":"🌎 Ekoris.md","hadPendingTimer":false,"sizerChildren":0}
13:26:03.839 V render start {"reason":"layout-change","token":149,"sourceHint":"🌎 Ekoris.md","sizerConnected":true,"sizerChildren":0}
13:26:03.840 V render found no marker regions {"sourcePath":"🌎 Ekoris.md"}
13:26:08.384 V schedule render {"reason":"file-modified","sourcePath":"🌎 Ekoris.md","hadPendingTimer":false,"sizerChildren":0}
13:26:08.405 PP 🌎 Ekoris.md cls=el-pre mod-frontmatter mod-ui wrapper=false embed=null sizer=false connected=false kids=PRE.frontmatter hasSizerDesc=false parents=
13:26:08.405 V schedule render {"reason":"postprocessor","sourcePath":"🌎 Ekoris.md","hadPendingTimer":true,"sizerChildren":1}
13:26:08.406 PP 🌎 Ekoris.md cls=el-h1 wrapper=false embed=null sizer=false connected=false kids=H1. hasSizerDesc=false parents=
13:26:08.406 V schedule render {"reason":"postprocessor","sourcePath":"🌎 Ekoris.md","hadPendingTimer":true,"sizerChildren":1}
13:26:08.406 PP 🌎 Ekoris.md cls=el-p wrapper=false embed=null sizer=false connected=false kids=P. hasSizerDesc=false parents=
13:26:08.406 V schedule render {"reason":"postprocessor","sourcePath":"🌎 Ekoris.md","hadPendingTimer":true,"sizerChildren":1}
13:26:08.407 PP 🌎 Ekoris.md cls=el-p wrapper=false embed=null sizer=false connected=false kids=P. hasSizerDesc=false parents=
13:26:08.407 V schedule render {"reason":"postprocessor","sourcePath":"🌎 Ekoris.md","hadPendingTimer":true,"sizerChildren":1}
13:26:08.407 PP 🌎 Ekoris.md cls=el-p wrapper=false embed=null sizer=false connected=false kids=P. hasSizerDesc=false parents=
13:26:08.407 V schedule render {"reason":"postprocessor","sourcePath":"🌎 Ekoris.md","hadPendingTimer":true,"sizerChildren":1}
13:26:08.407 PP 🌎 Ekoris.md cls=el-p wrapper=false embed=null sizer=false connected=false kids=P. hasSizerDesc=false parents=
13:26:08.407 V schedule render {"reason":"postprocessor","sourcePath":"🌎 Ekoris.md","hadPendingTimer":true,"sizerChildren":1}
13:26:08.407 PP 🌎 Ekoris.md cls=el-p wrapper=false embed=null sizer=false connected=false kids=P. hasSizerDesc=false parents=
13:26:08.407 V schedule render {"reason":"postprocessor","sourcePath":"🌎 Ekoris.md","hadPendingTimer":true,"sizerChildren":1}
13:26:08.407 PP 🌎 Ekoris.md cls=el-h1 wrapper=false embed=null sizer=false connected=false kids=H1. hasSizerDesc=false parents=
13:26:08.407 V schedule render {"reason":"postprocessor","sourcePath":"🌎 Ekoris.md","hadPendingTimer":true,"sizerChildren":1}
13:26:08.408 PP 🌎 Ekoris.md cls=el-p wrapper=false embed=null sizer=false connected=false kids=P. hasSizerDesc=false parents=
13:26:08.408 V schedule render {"reason":"postprocessor","sourcePath":"🌎 Ekoris.md","hadPendingTimer":true,"sizerChildren":1}
13:26:08.408 PP 🌎 Ekoris.md cls=el-p wrapper=false embed=null sizer=false connected=false kids=P. hasSizerDesc=false parents=
13:26:08.408 V schedule render {"reason":"postprocessor","sourcePath":"🌎 Ekoris.md","hadPendingTimer":true,"sizerChildren":1}
13:26:08.408 PP 🌎 Ekoris.md cls=el-table wrapper=false embed=null sizer=false connected=false kids=TABLE. hasSizerDesc=false parents=
13:26:08.408 V schedule render {"reason":"postprocessor","sourcePath":"🌎 Ekoris.md","hadPendingTimer":true,"sizerChildren":1}
13:26:08.408 PP 🌎 Ekoris.md cls=el-h1 wrapper=false embed=null sizer=false connected=false kids=H1. hasSizerDesc=false parents=
13:26:08.408 V schedule render {"reason":"postprocessor","sourcePath":"🌎 Ekoris.md","hadPendingTimer":true,"sizerChildren":1}
13:26:08.410 PP 🌎 Ekoris.md cls=el-pre wrapper=false embed=null sizer=false connected=false kids=DIV.block-language-datacorejsx hasSizerDesc=false parents=
13:26:08.410 V schedule render {"reason":"postprocessor","sourcePath":"🌎 Ekoris.md","hadPendingTimer":true,"sizerChildren":1}
13:26:08.410 PP 🌎 Ekoris.md cls=el-h1 wrapper=false embed=null sizer=false connected=false kids=H1. hasSizerDesc=false parents=
13:26:08.410 V schedule render {"reason":"postprocessor","sourcePath":"🌎 Ekoris.md","hadPendingTimer":true,"sizerChildren":1}
13:26:08.411 PP 🌎 Ekoris.md cls=el-pre wrapper=false embed=null sizer=false connected=false kids=DIV.block-language-datacorejsx hasSizerDesc=false parents=
13:26:08.411 V schedule render {"reason":"postprocessor","sourcePath":"🌎 Ekoris.md","hadPendingTimer":true,"sizerChildren":1}
13:26:08.426 V render start {"reason":"postprocessor","token":150,"sourceHint":"🌎 Ekoris.md","sizerConnected":true,"sizerChildren":11}
13:26:08.426 V render found no marker regions {"sourcePath":"🌎 Ekoris.md"}
13:26:08.431 V schedule render {"reason":"layout-change","sourcePath":"🌎 Ekoris.md","hadPendingTimer":false,"sizerChildren":12}
13:26:08.456 PP Notes/Aasimar.md cls= wrapper=false embed=null sizer=true connected=true kids=P.,P.,P.,P. hasSizerDesc=false parents=DIV.dc-description>DIV.>DIV.>DIV.block-language-datacorejsx>DIV.el-pre>DIV.markdown-preview-sizer.markdown-preview-section
13:26:08.456 V schedule render {"reason":"postprocessor","sourcePath":"Notes/Aasimar.md","hadPendingTimer":true,"sizerChildren":5}
13:26:08.457 PP Notes/Catfolk.md cls= wrapper=false embed=null sizer=true connected=true kids=P.,P.,P.,P.,P.,P. hasSizerDesc=false parents=DIV.dc-description>DIV.>DIV.>DIV.block-language-datacorejsx>DIV.el-pre>DIV.markdown-preview-sizer.markdown-preview-section
13:26:08.457 V schedule render {"reason":"postprocessor","sourcePath":"Notes/Catfolk.md","hadPendingTimer":true,"sizerChildren":5}
13:26:08.458 PP Notes/Drow.md cls= wrapper=false embed=null sizer=true connected=true kids=P.,P.,P.,P.,P.,P.,P.,P.,P. hasSizerDesc=false parents=DIV.dc-description>DIV.>DIV.>DIV.block-language-datacorejsx>DIV.el-pre>DIV.markdown-preview-sizer.markdown-preview-section
13:26:08.458 V schedule render {"reason":"postprocessor","sourcePath":"Notes/Drow.md","hadPendingTimer":true,"sizerChildren":5}
13:26:08.459 PP Notes/Dwarves.md cls= wrapper=false embed=null sizer=true connected=true kids=P.,P.,P.,P.,P.,P.,P.,P.,P.,P.,P.,P.,P. hasSizerDesc=false parents=DIV.dc-description>DIV.>DIV.>DIV.block-language-datacorejsx>DIV.el-pre>DIV.markdown-preview-sizer.markdown-preview-section
13:26:08.459 V schedule render {"reason":"postprocessor","sourcePath":"Notes/Dwarves.md","hadPendingTimer":true,"sizerChildren":5}
13:26:08.460 PP Notes/Gnolls.md cls= wrapper=false embed=null sizer=true connected=true kids=P.,P.,P.,P.,P.,P.,P.,P.,P. hasSizerDesc=false parents=DIV.dc-description>DIV.>DIV.>DIV.block-language-datacorejsx>DIV.el-pre>DIV.markdown-preview-sizer.markdown-preview-section
13:26:08.460 V schedule render {"reason":"postprocessor","sourcePath":"Notes/Gnolls.md","hadPendingTimer":true,"sizerChildren":5}
13:26:08.461 PP Notes/Humans.md cls= wrapper=false embed=null sizer=true connected=true kids=P.,P. hasSizerDesc=false parents=DIV.dc-description>DIV.>DIV.>DIV.block-language-datacorejsx>DIV.el-pre>DIV.markdown-preview-sizer.markdown-preview-section
13:26:08.461 V schedule render {"reason":"postprocessor","sourcePath":"Notes/Humans.md","hadPendingTimer":true,"sizerChildren":5}
13:26:08.462 PP Notes/Kitsune.md cls= wrapper=false embed=null sizer=true connected=true kids=P.,P.,P.,P.,P.,P.,P.,P.,P.,P.,P.,P.,P. hasSizerDesc=false parents=DIV.dc-description>DIV.>DIV.>DIV.block-language-datacorejsx>DIV.el-pre>DIV.markdown-preview-sizer.markdown-preview-section
13:26:08.462 V schedule render {"reason":"postprocessor","sourcePath":"Notes/Kitsune.md","hadPendingTimer":true,"sizerChildren":5}
13:26:08.463 PP Notes/Nagaji.md cls= wrapper=false embed=null sizer=true connected=true kids=P.,P.,P.,P.,P.,P.,P. hasSizerDesc=false parents=DIV.dc-description>DIV.>DIV.>DIV.block-language-datacorejsx>DIV.el-pre>DIV.markdown-preview-sizer.markdown-preview-section
13:26:08.463 V schedule render {"reason":"postprocessor","sourcePath":"Notes/Nagaji.md","hadPendingTimer":true,"sizerChildren":5}
13:26:08.463 PP Notes/Orcs.md cls= wrapper=false embed=null sizer=true connected=true kids=P.,P.,P.,P. hasSizerDesc=false parents=DIV.dc-description>DIV.>DIV.>DIV.block-language-datacorejsx>DIV.el-pre>DIV.markdown-preview-sizer.markdown-preview-section
13:26:08.463 V schedule render {"reason":"postprocessor","sourcePath":"Notes/Orcs.md","hadPendingTimer":true,"sizerChildren":5}
13:26:08.464 PP Notes/Sun Elves.md cls= wrapper=false embed=null sizer=true connected=true kids=P.,P.,P.,P.,P. hasSizerDesc=false parents=DIV.dc-description>DIV.>DIV.>DIV.block-language-datacorejsx>DIV.el-pre>DIV.markdown-preview-sizer.markdown-preview-section
13:26:08.464 V schedule render {"reason":"postprocessor","sourcePath":"Notes/Sun Elves.md","hadPendingTimer":true,"sizerChildren":5}
13:26:08.464 PP Notes/Tieflings.md cls= wrapper=false embed=null sizer=true connected=true kids=P.,P.,P.,P. hasSizerDesc=false parents=DIV.dc-description>DIV.>DIV.>DIV.block-language-datacorejsx>DIV.el-pre>DIV.markdown-preview-sizer.markdown-preview-section
13:26:08.464 V schedule render {"reason":"postprocessor","sourcePath":"Notes/Tieflings.md","hadPendingTimer":true,"sizerChildren":5}
13:26:08.464 PP Notes/Wild Elves.md cls= wrapper=false embed=null sizer=true connected=true kids=P.,P.,P.,P.,P.,P.,P. hasSizerDesc=false parents=DIV.dc-description>DIV.>DIV.>DIV.block-language-datacorejsx>DIV.el-pre>DIV.markdown-preview-sizer.markdown-preview-section
13:26:08.464 V schedule render {"reason":"postprocessor","sourcePath":"Notes/Wild Elves.md","hadPendingTimer":true,"sizerChildren":5}
13:26:08.465 PP Notes/Astya.md cls= wrapper=false embed=null sizer=true connected=true kids=P.,P.,P. hasSizerDesc=false parents=DIV.dc-description>DIV.>DIV.>DIV.block-language-datacorejsx>DIV.el-pre>DIV.markdown-preview-sizer.markdown-preview-section
13:26:08.465 V schedule render {"reason":"postprocessor","sourcePath":"Notes/Astya.md","hadPendingTimer":true,"sizerChildren":5}
13:26:08.465 PP Notes/Garotha.md cls= wrapper=false embed=null sizer=true connected=true kids=P.,P.,P. hasSizerDesc=false parents=DIV.dc-description>DIV.>DIV.>DIV.block-language-datacorejsx>DIV.el-pre>DIV.markdown-preview-sizer.markdown-preview-section
13:26:08.465 V schedule render {"reason":"postprocessor","sourcePath":"Notes/Garotha.md","hadPendingTimer":true,"sizerChildren":5}
13:26:08.465 PP Notes/Harath.md cls= wrapper=false embed=null sizer=true connected=true kids=P.,P.,P.,P.,P. hasSizerDesc=false parents=DIV.dc-description>DIV.>DIV.>DIV.block-language-datacorejsx>DIV.el-pre>DIV.markdown-preview-sizer.markdown-preview-section
13:26:08.465 V schedule render {"reason":"postprocessor","sourcePath":"Notes/Harath.md","hadPendingTimer":true,"sizerChildren":5}
13:26:08.466 PP Notes/Illithia.md cls= wrapper=false embed=null sizer=true connected=true kids=P.,P.,P. hasSizerDesc=false parents=DIV.dc-description>DIV.>DIV.>DIV.block-language-datacorejsx>DIV.el-pre>DIV.markdown-preview-sizer.markdown-preview-section
13:26:08.466 V schedule render {"reason":"postprocessor","sourcePath":"Notes/Illithia.md","hadPendingTimer":true,"sizerChildren":5}
13:26:08.467 PP Notes/Isle of Rivers.md cls= wrapper=false embed=null sizer=true connected=true kids=P.,P.,P. hasSizerDesc=false parents=DIV.dc-description>DIV.>DIV.>DIV.block-language-datacorejsx>DIV.el-pre>DIV.markdown-preview-sizer.markdown-preview-section
13:26:08.467 V schedule render {"reason":"postprocessor","sourcePath":"Notes/Isle of Rivers.md","hadPendingTimer":true,"sizerChildren":5}
13:26:08.467 PP Notes/Na-Boa.md cls= wrapper=false embed=null sizer=true connected=true kids=P.,P.,P. hasSizerDesc=false parents=DIV.dc-description>DIV.>DIV.>DIV.block-language-datacorejsx>DIV.el-pre>DIV.markdown-preview-sizer.markdown-preview-section
13:26:08.467 V schedule render {"reason":"postprocessor","sourcePath":"Notes/Na-Boa.md","hadPendingTimer":true,"sizerChildren":5}
13:26:08.468 PP Notes/Tasnan.md cls= wrapper=false embed=null sizer=true connected=true kids=P.,P.,P.,P.,P.,P.,P.,P.,P. hasSizerDesc=false parents=DIV.dc-description>DIV.>DIV.>DIV.block-language-datacorejsx>DIV.el-pre>DIV.markdown-preview-sizer.markdown-preview-section
13:26:08.468 V schedule render {"reason":"postprocessor","sourcePath":"Notes/Tasnan.md","hadPendingTimer":true,"sizerChildren":5}
13:26:08.468 PP Notes/The Bodin Union.md cls= wrapper=false embed=null sizer=true connected=true kids=P.,P.,P. hasSizerDesc=false parents=DIV.dc-description>DIV.>DIV.>DIV.block-language-datacorejsx>DIV.el-pre>DIV.markdown-preview-sizer.markdown-preview-section
13:26:08.468 V schedule render {"reason":"postprocessor","sourcePath":"Notes/The Bodin Union.md","hadPendingTimer":true,"sizerChildren":5}
13:26:08.469 PP Notes/The Breezes.md cls= wrapper=false embed=null sizer=true connected=true kids=P.,P.,P.,P. hasSizerDesc=false parents=DIV.dc-description>DIV.>DIV.>DIV.block-language-datacorejsx>DIV.el-pre>DIV.markdown-preview-sizer.markdown-preview-section
13:26:08.469 V schedule render {"reason":"postprocessor","sourcePath":"Notes/The Breezes.md","hadPendingTimer":true,"sizerChildren":5}
13:26:08.469 PP Notes/The Hassan Dynasty.md cls= wrapper=false embed=null sizer=true connected=true kids=P.,P.,P.,P.,P.,P. hasSizerDesc=false parents=DIV.dc-description>DIV.>DIV.>DIV.block-language-datacorejsx>DIV.el-pre>DIV.markdown-preview-sizer.markdown-preview-section
13:26:08.469 V schedule render {"reason":"postprocessor","sourcePath":"Notes/The Hassan Dynasty.md","hadPendingTimer":true,"sizerChildren":5}
13:26:08.470 PP Notes/Greed Sickness.md cls=markdown-preview-view markdown-rendered show-indentation-guide mod-frontmatter mod-ui wrapper=false embed=Greed Sickness sizer=true connected=true kids=PRE.frontmatter,H1.,P.,P.,P.,P.,P. hasSizerDesc=false parents=DIV.markdown-embed-content>SPAN.internal-embed.markdown-embed.inline-embed.is-loaded>P.>SPAN.>DIV.dc-description>DIV.
13:26:08.471 V schedule render {"reason":"postprocessor","sourcePath":"Notes/Greed Sickness.md","hadPendingTimer":false,"sizerChildren":7}
13:26:08.472 PP Notes/Dying Curse.md cls=markdown-preview-view markdown-rendered show-indentation-guide mod-frontmatter mod-ui wrapper=false embed=Dying Curse sizer=true connected=true kids=PRE.frontmatter,H1.,P.,P.,P.,P.,P.,P. hasSizerDesc=false parents=DIV.markdown-embed-content>SPAN.internal-embed.markdown-embed.inline-embed.is-loaded>P.>SPAN.>DIV.dc-description>DIV.
13:26:08.472 V schedule render {"reason":"postprocessor","sourcePath":"Notes/Dying Curse.md","hadPendingTimer":false,"sizerChildren":8}
13:26:08.485 V render start {"reason":"postprocessor","token":151,"sourceHint":"Notes/The Hassan Dynasty.md","sizerConnected":true,"sizerChildren":2}
13:26:08.485 V render found no marker regions {"sourcePath":"Notes/The Hassan Dynasty.md"}
13:26:08.485 V render start {"reason":"postprocessor","token":1,"sourceHint":"Notes/Greed Sickness.md","sizerConnected":false,"sizerChildren":7}
13:26:08.485 V render skipped: sizer disconnected {"token":1}
13:26:08.485 V render start {"reason":"postprocessor","token":1,"sourceHint":"Notes/Dying Curse.md","sizerConnected":false,"sizerChildren":8}
13:26:08.485 V render skipped: sizer disconnected {"token":1}
13:26:54.894 PP 🏠 Home.md cls=el-h1 wrapper=false embed=null sizer=false connected=false kids=H1. hasSizerDesc=false parents=
13:26:54.894 V schedule render {"reason":"postprocessor","sourcePath":"🏠 Home.md","hadPendingTimer":false,"sizerChildren":0}
13:26:54.896 V render start {"reason":"postprocessor","token":152,"sourceHint":"🏠 Home.md","sizerConnected":true,"sizerChildren":4}
13:26:54.896 V render found no marker regions {"sourcePath":"🏠 Home.md"}
13:26:54.903 V schedule render {"reason":"layout-change","sourcePath":"🏠 Home.md","hadPendingTimer":false,"sizerChildren":4}
13:26:55.054 V render start {"reason":"layout-change","token":153,"sourceHint":"🏠 Home.md","sizerConnected":true,"sizerChildren":4}
13:26:55.054 V render found no marker regions {"sourcePath":"🏠 Home.md"}
13:26:55.483 PP 🌎 Ekoris.md cls=el-pre mod-frontmatter mod-ui wrapper=false embed=null sizer=false connected=false kids=PRE.frontmatter hasSizerDesc=false parents=
13:26:55.483 V schedule render {"reason":"postprocessor","sourcePath":"🌎 Ekoris.md","hadPendingTimer":false,"sizerChildren":0}
13:26:55.484 PP 🌎 Ekoris.md cls=el-h1 wrapper=false embed=null sizer=false connected=false kids=H1. hasSizerDesc=false parents=
13:26:55.484 V schedule render {"reason":"postprocessor","sourcePath":"🌎 Ekoris.md","hadPendingTimer":true,"sizerChildren":0}
13:26:55.484 PP 🌎 Ekoris.md cls=el-p wrapper=false embed=null sizer=false connected=false kids=P. hasSizerDesc=false parents=
13:26:55.484 V schedule render {"reason":"postprocessor","sourcePath":"🌎 Ekoris.md","hadPendingTimer":true,"sizerChildren":0}
13:26:55.484 PP 🌎 Ekoris.md cls=el-p wrapper=false embed=null sizer=false connected=false kids=P. hasSizerDesc=false parents=
13:26:55.484 V schedule render {"reason":"postprocessor","sourcePath":"🌎 Ekoris.md","hadPendingTimer":true,"sizerChildren":0}
13:26:55.484 PP 🌎 Ekoris.md cls=el-p wrapper=false embed=null sizer=false connected=false kids=P. hasSizerDesc=false parents=
13:26:55.484 V schedule render {"reason":"postprocessor","sourcePath":"🌎 Ekoris.md","hadPendingTimer":true,"sizerChildren":0}
13:26:55.484 PP 🌎 Ekoris.md cls=el-p wrapper=false embed=null sizer=false connected=false kids=P. hasSizerDesc=false parents=
13:26:55.484 V schedule render {"reason":"postprocessor","sourcePath":"🌎 Ekoris.md","hadPendingTimer":true,"sizerChildren":0}
13:26:55.484 PP 🌎 Ekoris.md cls=el-p wrapper=false embed=null sizer=false connected=false kids=P. hasSizerDesc=false parents=
13:26:55.484 V schedule render {"reason":"postprocessor","sourcePath":"🌎 Ekoris.md","hadPendingTimer":true,"sizerChildren":0}
13:26:55.485 PP 🌎 Ekoris.md cls=el-h1 wrapper=false embed=null sizer=false connected=false kids=H1. hasSizerDesc=false parents=
13:26:55.485 V schedule render {"reason":"postprocessor","sourcePath":"🌎 Ekoris.md","hadPendingTimer":true,"sizerChildren":0}
13:26:55.485 PP 🌎 Ekoris.md cls=el-p wrapper=false embed=null sizer=false connected=false kids=P. hasSizerDesc=false parents=
13:26:55.485 V schedule render {"reason":"postprocessor","sourcePath":"🌎 Ekoris.md","hadPendingTimer":true,"sizerChildren":0}
13:26:55.485 PP 🌎 Ekoris.md cls=el-p wrapper=false embed=null sizer=false connected=false kids=P. hasSizerDesc=false parents=
13:26:55.485 V schedule render {"reason":"postprocessor","sourcePath":"🌎 Ekoris.md","hadPendingTimer":true,"sizerChildren":0}
13:26:55.486 PP 🌎 Ekoris.md cls=el-table wrapper=false embed=null sizer=false connected=false kids=TABLE. hasSizerDesc=false parents=
13:26:55.486 V schedule render {"reason":"postprocessor","sourcePath":"🌎 Ekoris.md","hadPendingTimer":true,"sizerChildren":0}
13:26:55.486 PP 🌎 Ekoris.md cls=el-h1 wrapper=false embed=null sizer=false connected=false kids=H1. hasSizerDesc=false parents=
13:26:55.486 V schedule render {"reason":"postprocessor","sourcePath":"🌎 Ekoris.md","hadPendingTimer":true,"sizerChildren":0}
13:26:55.487 PP 🌎 Ekoris.md cls=el-pre wrapper=false embed=null sizer=false connected=false kids=DIV.block-language-datacorejsx hasSizerDesc=false parents=
13:26:55.487 V schedule render {"reason":"postprocessor","sourcePath":"🌎 Ekoris.md","hadPendingTimer":true,"sizerChildren":0}
13:26:55.487 PP 🌎 Ekoris.md cls=el-h1 wrapper=false embed=null sizer=false connected=false kids=H1. hasSizerDesc=false parents=
13:26:55.487 V schedule render {"reason":"postprocessor","sourcePath":"🌎 Ekoris.md","hadPendingTimer":true,"sizerChildren":0}
13:26:55.488 PP 🌎 Ekoris.md cls=el-pre wrapper=false embed=null sizer=false connected=false kids=DIV.block-language-datacorejsx hasSizerDesc=false parents=
13:26:55.488 V schedule render {"reason":"postprocessor","sourcePath":"🌎 Ekoris.md","hadPendingTimer":true,"sizerChildren":0}
13:26:55.501 V render start {"reason":"postprocessor","token":154,"sourceHint":"🌎 Ekoris.md","sizerConnected":true,"sizerChildren":16}
13:26:55.501 V render found no marker regions {"sourcePath":"🌎 Ekoris.md"}
13:26:55.505 V schedule render {"reason":"layout-change","sourcePath":"🌎 Ekoris.md","hadPendingTimer":false,"sizerChildren":16}
13:26:55.526 PP Notes/Aasimar.md cls= wrapper=false embed=null sizer=false connected=false kids=P.,P.,P.,P. hasSizerDesc=false parents=DIV.dc-description>DIV.>DIV.>DIV.block-language-datacorejsx>DIV.el-pre
13:26:55.527 PP Notes/Catfolk.md cls= wrapper=false embed=null sizer=false connected=false kids=P.,P.,P.,P.,P.,P. hasSizerDesc=false parents=DIV.dc-description>DIV.>DIV.>DIV.block-language-datacorejsx>DIV.el-pre
13:26:55.528 PP Notes/Drow.md cls= wrapper=false embed=null sizer=false connected=false kids=P.,P.,P.,P.,P.,P.,P.,P.,P. hasSizerDesc=false parents=DIV.dc-description>DIV.>DIV.>DIV.block-language-datacorejsx>DIV.el-pre
13:26:55.529 PP Notes/Dwarves.md cls= wrapper=false embed=null sizer=false connected=false kids=P.,P.,P.,P.,P.,P.,P.,P.,P.,P.,P.,P.,P. hasSizerDesc=false parents=DIV.dc-description>DIV.>DIV.>DIV.block-language-datacorejsx>DIV.el-pre
13:26:55.530 PP Notes/Gnolls.md cls= wrapper=false embed=null sizer=false connected=false kids=P.,P.,P.,P.,P.,P.,P.,P.,P. hasSizerDesc=false parents=DIV.dc-description>DIV.>DIV.>DIV.block-language-datacorejsx>DIV.el-pre
13:26:55.531 PP Notes/Humans.md cls= wrapper=false embed=null sizer=false connected=false kids=P.,P. hasSizerDesc=false parents=DIV.dc-description>DIV.>DIV.>DIV.block-language-datacorejsx>DIV.el-pre
13:26:55.532 PP Notes/Kitsune.md cls= wrapper=false embed=null sizer=false connected=false kids=P.,P.,P.,P.,P.,P.,P.,P.,P.,P.,P.,P.,P. hasSizerDesc=false parents=DIV.dc-description>DIV.>DIV.>DIV.block-language-datacorejsx>DIV.el-pre
13:26:55.533 PP Notes/Nagaji.md cls= wrapper=false embed=null sizer=false connected=false kids=P.,P.,P.,P.,P.,P.,P. hasSizerDesc=false parents=DIV.dc-description>DIV.>DIV.>DIV.block-language-datacorejsx>DIV.el-pre
13:26:55.533 PP Notes/Orcs.md cls= wrapper=false embed=null sizer=false connected=false kids=P.,P.,P.,P. hasSizerDesc=false parents=DIV.dc-description>DIV.>DIV.>DIV.block-language-datacorejsx>DIV.el-pre
13:26:55.534 PP Notes/Sun Elves.md cls= wrapper=false embed=null sizer=false connected=false kids=P.,P.,P.,P.,P. hasSizerDesc=false parents=DIV.dc-description>DIV.>DIV.>DIV.block-language-datacorejsx>DIV.el-pre
13:26:55.534 PP Notes/Tieflings.md cls= wrapper=false embed=null sizer=false connected=false kids=P.,P.,P.,P. hasSizerDesc=false parents=DIV.dc-description>DIV.>DIV.>DIV.block-language-datacorejsx>DIV.el-pre
13:26:55.535 PP Notes/Wild Elves.md cls= wrapper=false embed=null sizer=false connected=false kids=P.,P.,P.,P.,P.,P.,P. hasSizerDesc=false parents=DIV.dc-description>DIV.>DIV.>DIV.block-language-datacorejsx>DIV.el-pre
13:26:55.535 PP Notes/Astya.md cls= wrapper=false embed=null sizer=true connected=true kids=P.,P.,P. hasSizerDesc=false parents=DIV.dc-description>DIV.>DIV.>DIV.block-language-datacorejsx>DIV.el-pre>DIV.markdown-preview-sizer.markdown-preview-section
13:26:55.535 V schedule render {"reason":"postprocessor","sourcePath":"Notes/Astya.md","hadPendingTimer":true,"sizerChildren":16}
13:26:55.536 PP Notes/Garotha.md cls= wrapper=false embed=null sizer=true connected=true kids=P.,P.,P. hasSizerDesc=false parents=DIV.dc-description>DIV.>DIV.>DIV.block-language-datacorejsx>DIV.el-pre>DIV.markdown-preview-sizer.markdown-preview-section
13:26:55.536 V schedule render {"reason":"postprocessor","sourcePath":"Notes/Garotha.md","hadPendingTimer":true,"sizerChildren":16}
13:26:55.536 PP Notes/Harath.md cls= wrapper=false embed=null sizer=true connected=true kids=P.,P.,P.,P.,P. hasSizerDesc=false parents=DIV.dc-description>DIV.>DIV.>DIV.block-language-datacorejsx>DIV.el-pre>DIV.markdown-preview-sizer.markdown-preview-section
13:26:55.536 V schedule render {"reason":"postprocessor","sourcePath":"Notes/Harath.md","hadPendingTimer":true,"sizerChildren":16}
13:26:55.537 PP Notes/Illithia.md cls= wrapper=false embed=null sizer=true connected=true kids=P.,P.,P. hasSizerDesc=false parents=DIV.dc-description>DIV.>DIV.>DIV.block-language-datacorejsx>DIV.el-pre>DIV.markdown-preview-sizer.markdown-preview-section
13:26:55.537 V schedule render {"reason":"postprocessor","sourcePath":"Notes/Illithia.md","hadPendingTimer":true,"sizerChildren":16}
13:26:55.537 PP Notes/Isle of Rivers.md cls= wrapper=false embed=null sizer=true connected=true kids=P.,P.,P. hasSizerDesc=false parents=DIV.dc-description>DIV.>DIV.>DIV.block-language-datacorejsx>DIV.el-pre>DIV.markdown-preview-sizer.markdown-preview-section
13:26:55.537 V schedule render {"reason":"postprocessor","sourcePath":"Notes/Isle of Rivers.md","hadPendingTimer":true,"sizerChildren":16}
13:26:55.538 PP Notes/Na-Boa.md cls= wrapper=false embed=null sizer=true connected=true kids=P.,P.,P. hasSizerDesc=false parents=DIV.dc-description>DIV.>DIV.>DIV.block-language-datacorejsx>DIV.el-pre>DIV.markdown-preview-sizer.markdown-preview-section
13:26:55.538 V schedule render {"reason":"postprocessor","sourcePath":"Notes/Na-Boa.md","hadPendingTimer":true,"sizerChildren":16}
13:26:55.539 PP Notes/Tasnan.md cls= wrapper=false embed=null sizer=true connected=true kids=P.,P.,P.,P.,P.,P.,P.,P.,P. hasSizerDesc=false parents=DIV.dc-description>DIV.>DIV.>DIV.block-language-datacorejsx>DIV.el-pre>DIV.markdown-preview-sizer.markdown-preview-section
13:26:55.539 V schedule render {"reason":"postprocessor","sourcePath":"Notes/Tasnan.md","hadPendingTimer":true,"sizerChildren":16}
13:26:55.540 PP Notes/The Bodin Union.md cls= wrapper=false embed=null sizer=true connected=true kids=P.,P.,P. hasSizerDesc=false parents=DIV.dc-description>DIV.>DIV.>DIV.block-language-datacorejsx>DIV.el-pre>DIV.markdown-preview-sizer.markdown-preview-section
13:26:55.540 V schedule render {"reason":"postprocessor","sourcePath":"Notes/The Bodin Union.md","hadPendingTimer":true,"sizerChildren":16}
13:26:55.541 PP Notes/The Breezes.md cls= wrapper=false embed=null sizer=true connected=true kids=P.,P.,P.,P. hasSizerDesc=false parents=DIV.dc-description>DIV.>DIV.>DIV.block-language-datacorejsx>DIV.el-pre>DIV.markdown-preview-sizer.markdown-preview-section
13:26:55.541 V schedule render {"reason":"postprocessor","sourcePath":"Notes/The Breezes.md","hadPendingTimer":true,"sizerChildren":16}
13:26:55.542 PP Notes/The Hassan Dynasty.md cls= wrapper=false embed=null sizer=true connected=true kids=P.,P.,P.,P.,P.,P. hasSizerDesc=false parents=DIV.dc-description>DIV.>DIV.>DIV.block-language-datacorejsx>DIV.el-pre>DIV.markdown-preview-sizer.markdown-preview-section
13:26:55.542 V schedule render {"reason":"postprocessor","sourcePath":"Notes/The Hassan Dynasty.md","hadPendingTimer":true,"sizerChildren":16}
13:26:55.543 PP Notes/Greed Sickness.md cls=markdown-preview-view markdown-rendered show-indentation-guide mod-frontmatter mod-ui wrapper=false embed=Greed Sickness sizer=false connected=false kids=PRE.frontmatter,H1.,P.,P.,P.,P.,P. hasSizerDesc=false parents=DIV.markdown-embed-content>SPAN.internal-embed.markdown-embed.inline-embed.is-loaded>P.>SPAN.>DIV.dc-description>DIV.
13:26:55.543 V schedule render {"reason":"postprocessor","sourcePath":"Notes/Greed Sickness.md","hadPendingTimer":false,"sizerChildren":7}
13:26:55.544 PP Notes/Dying Curse.md cls=markdown-preview-view markdown-rendered show-indentation-guide mod-frontmatter mod-ui wrapper=false embed=Dying Curse sizer=false connected=false kids=PRE.frontmatter,H1.,P.,P.,P.,P.,P.,P. hasSizerDesc=false parents=DIV.markdown-embed-content>SPAN.internal-embed.markdown-embed.inline-embed.is-loaded>P.>SPAN.>DIV.dc-description>DIV.
13:26:55.544 V schedule render {"reason":"postprocessor","sourcePath":"Notes/Dying Curse.md","hadPendingTimer":false,"sizerChildren":8}
13:26:55.556 V render start {"reason":"postprocessor","token":155,"sourceHint":"Notes/The Hassan Dynasty.md","sizerConnected":true,"sizerChildren":16}
13:26:55.556 V render found no marker regions {"sourcePath":"Notes/The Hassan Dynasty.md"}
13:26:55.556 V render start {"reason":"postprocessor","token":1,"sourceHint":"Notes/Greed Sickness.md","sizerConnected":false,"sizerChildren":7}
13:26:55.556 V render skipped: sizer disconnected {"token":1}
13:26:55.556 V render start {"reason":"postprocessor","token":1,"sourceHint":"Notes/Dying Curse.md","sizerConnected":false,"sizerChildren":8}
13:26:55.556 V render skipped: sizer disconnected {"token":1}
13:28:21.405 PP Notes/Wild Elves.md cls=el-pre mod-frontmatter mod-ui wrapper=false embed=null sizer=false connected=false kids=PRE.frontmatter hasSizerDesc=false parents=
13:28:21.406 PP Notes/Wild Elves.md cls=el-h1 wrapper=false embed=null sizer=false connected=false kids=H1. hasSizerDesc=false parents=
13:28:21.406 PP Notes/Wild Elves.md cls=el-p wrapper=false embed=null sizer=false connected=false kids=P. hasSizerDesc=false parents=
13:28:21.407 PP Notes/Wild Elves.md cls=el-p wrapper=false embed=null sizer=false connected=false kids=P. hasSizerDesc=false parents=
13:28:21.407 PP Notes/Wild Elves.md cls=el-p wrapper=false embed=null sizer=false connected=false kids=P. hasSizerDesc=false parents=
13:28:21.409 PP Notes/Wild Elves.md cls=el-p wrapper=false embed=null sizer=false connected=false kids=P. hasSizerDesc=false parents=
13:28:21.409 PP Notes/Wild Elves.md cls=el-p wrapper=false embed=null sizer=false connected=false kids=P. hasSizerDesc=false parents=
13:28:21.409 PP Notes/Wild Elves.md cls=el-p wrapper=false embed=null sizer=false connected=false kids=P. hasSizerDesc=false parents=
13:28:21.410 PP Notes/Wild Elves.md cls=el-p wrapper=false embed=null sizer=false connected=false kids=P. hasSizerDesc=false parents=
13:28:21.541 PP Notes/Wild Elves.md cls=el-pre mod-frontmatter mod-ui wrapper=false embed=null sizer=false connected=false kids=PRE.frontmatter hasSizerDesc=false parents=
13:28:21.541 V schedule render {"reason":"postprocessor","sourcePath":"Notes/Wild Elves.md","hadPendingTimer":false,"sizerChildren":0}
13:28:21.542 PP Notes/Wild Elves.md cls=el-h1 wrapper=false embed=null sizer=false connected=false kids=H1. hasSizerDesc=false parents=
13:28:21.542 V schedule render {"reason":"postprocessor","sourcePath":"Notes/Wild Elves.md","hadPendingTimer":true,"sizerChildren":0}
13:28:21.542 PP Notes/Wild Elves.md cls=el-p wrapper=false embed=null sizer=false connected=false kids=P. hasSizerDesc=false parents=
13:28:21.542 V schedule render {"reason":"postprocessor","sourcePath":"Notes/Wild Elves.md","hadPendingTimer":true,"sizerChildren":0}
13:28:21.542 PP Notes/Wild Elves.md cls=el-p wrapper=false embed=null sizer=false connected=false kids=P. hasSizerDesc=false parents=
13:28:21.543 V schedule render {"reason":"postprocessor","sourcePath":"Notes/Wild Elves.md","hadPendingTimer":true,"sizerChildren":0}
13:28:21.543 PP Notes/Wild Elves.md cls=el-p wrapper=false embed=null sizer=false connected=false kids=P. hasSizerDesc=false parents=
13:28:21.543 V schedule render {"reason":"postprocessor","sourcePath":"Notes/Wild Elves.md","hadPendingTimer":true,"sizerChildren":0}
13:28:21.543 PP Notes/Wild Elves.md cls=el-p wrapper=false embed=null sizer=false connected=false kids=P. hasSizerDesc=false parents=
13:28:21.543 V schedule render {"reason":"postprocessor","sourcePath":"Notes/Wild Elves.md","hadPendingTimer":true,"sizerChildren":0}
13:28:21.543 PP Notes/Wild Elves.md cls=el-p wrapper=false embed=null sizer=false connected=false kids=P. hasSizerDesc=false parents=
13:28:21.543 V schedule render {"reason":"postprocessor","sourcePath":"Notes/Wild Elves.md","hadPendingTimer":true,"sizerChildren":0}
13:28:21.543 PP Notes/Wild Elves.md cls=el-p wrapper=false embed=null sizer=false connected=false kids=P. hasSizerDesc=false parents=
13:28:21.543 V schedule render {"reason":"postprocessor","sourcePath":"Notes/Wild Elves.md","hadPendingTimer":true,"sizerChildren":0}
13:28:21.544 PP Notes/Wild Elves.md cls=el-p wrapper=false embed=null sizer=false connected=false kids=P. hasSizerDesc=false parents=
13:28:21.544 V schedule render {"reason":"postprocessor","sourcePath":"Notes/Wild Elves.md","hadPendingTimer":true,"sizerChildren":0}
13:28:21.570 V render start {"reason":"postprocessor","token":156,"sourceHint":"Notes/Wild Elves.md","sizerConnected":true,"sizerChildren":12}
13:28:21.570 V render found no marker regions {"sourcePath":"Notes/Wild Elves.md"}
13:28:21.574 V schedule render {"reason":"layout-change","sourcePath":"Notes/Wild Elves.md","hadPendingTimer":false,"sizerChildren":12}
13:28:21.727 V render start {"reason":"layout-change","token":157,"sourceHint":"Notes/Wild Elves.md","sizerConnected":true,"sizerChildren":12}
13:28:21.727 V render found no marker regions {"sourcePath":"Notes/Wild Elves.md"}
13:28:32.943 PP 🌎 Ekoris.md cls=el-pre mod-frontmatter mod-ui wrapper=false embed=null sizer=false connected=false kids=PRE.frontmatter hasSizerDesc=false parents=
13:28:32.943 V schedule render {"reason":"postprocessor","sourcePath":"🌎 Ekoris.md","hadPendingTimer":false,"sizerChildren":0}
13:28:32.943 PP 🌎 Ekoris.md cls=el-h1 wrapper=false embed=null sizer=false connected=false kids=H1. hasSizerDesc=false parents=
13:28:32.943 V schedule render {"reason":"postprocessor","sourcePath":"🌎 Ekoris.md","hadPendingTimer":true,"sizerChildren":0}
13:28:32.944 PP 🌎 Ekoris.md cls=el-p wrapper=false embed=null sizer=false connected=false kids=P. hasSizerDesc=false parents=
13:28:32.944 V schedule render {"reason":"postprocessor","sourcePath":"🌎 Ekoris.md","hadPendingTimer":true,"sizerChildren":0}
13:28:32.944 PP 🌎 Ekoris.md cls=el-p wrapper=false embed=null sizer=false connected=false kids=P. hasSizerDesc=false parents=
13:28:32.944 V schedule render {"reason":"postprocessor","sourcePath":"🌎 Ekoris.md","hadPendingTimer":true,"sizerChildren":0}
13:28:32.944 PP 🌎 Ekoris.md cls=el-p wrapper=false embed=null sizer=false connected=false kids=P. hasSizerDesc=false parents=
13:28:32.944 V schedule render {"reason":"postprocessor","sourcePath":"🌎 Ekoris.md","hadPendingTimer":true,"sizerChildren":0}
13:28:32.944 PP 🌎 Ekoris.md cls=el-p wrapper=false embed=null sizer=false connected=false kids=P. hasSizerDesc=false parents=
13:28:32.944 V schedule render {"reason":"postprocessor","sourcePath":"🌎 Ekoris.md","hadPendingTimer":true,"sizerChildren":0}
13:28:32.944 PP 🌎 Ekoris.md cls=el-p wrapper=false embed=null sizer=false connected=false kids=P. hasSizerDesc=false parents=
13:28:32.944 V schedule render {"reason":"postprocessor","sourcePath":"🌎 Ekoris.md","hadPendingTimer":true,"sizerChildren":0}
13:28:32.944 PP 🌎 Ekoris.md cls=el-h1 wrapper=false embed=null sizer=false connected=false kids=H1. hasSizerDesc=false parents=
13:28:32.944 V schedule render {"reason":"postprocessor","sourcePath":"🌎 Ekoris.md","hadPendingTimer":true,"sizerChildren":0}
13:28:32.944 PP 🌎 Ekoris.md cls=el-p wrapper=false embed=null sizer=false connected=false kids=P. hasSizerDesc=false parents=
13:28:32.944 V schedule render {"reason":"postprocessor","sourcePath":"🌎 Ekoris.md","hadPendingTimer":true,"sizerChildren":0}
13:28:32.945 PP 🌎 Ekoris.md cls=el-p wrapper=false embed=null sizer=false connected=false kids=P. hasSizerDesc=false parents=
13:28:32.945 V schedule render {"reason":"postprocessor","sourcePath":"🌎 Ekoris.md","hadPendingTimer":true,"sizerChildren":0}
13:28:32.945 PP 🌎 Ekoris.md cls=el-table wrapper=false embed=null sizer=false connected=false kids=TABLE. hasSizerDesc=false parents=
13:28:32.945 V schedule render {"reason":"postprocessor","sourcePath":"🌎 Ekoris.md","hadPendingTimer":true,"sizerChildren":0}
13:28:32.945 PP 🌎 Ekoris.md cls=el-h1 wrapper=false embed=null sizer=false connected=false kids=H1. hasSizerDesc=false parents=
13:28:32.945 V schedule render {"reason":"postprocessor","sourcePath":"🌎 Ekoris.md","hadPendingTimer":true,"sizerChildren":0}
13:28:32.946 PP 🌎 Ekoris.md cls=el-pre wrapper=false embed=null sizer=false connected=false kids=DIV.block-language-datacorejsx hasSizerDesc=false parents=
13:28:32.946 V schedule render {"reason":"postprocessor","sourcePath":"🌎 Ekoris.md","hadPendingTimer":true,"sizerChildren":0}
13:28:32.947 PP 🌎 Ekoris.md cls=el-h1 wrapper=false embed=null sizer=false connected=false kids=H1. hasSizerDesc=false parents=
13:28:32.947 V schedule render {"reason":"postprocessor","sourcePath":"🌎 Ekoris.md","hadPendingTimer":true,"sizerChildren":0}
13:28:32.947 PP 🌎 Ekoris.md cls=el-pre wrapper=false embed=null sizer=false connected=false kids=DIV.block-language-datacorejsx hasSizerDesc=false parents=
13:28:32.948 V schedule render {"reason":"postprocessor","sourcePath":"🌎 Ekoris.md","hadPendingTimer":true,"sizerChildren":0}
13:28:32.964 V render start {"reason":"postprocessor","token":158,"sourceHint":"🌎 Ekoris.md","sizerConnected":true,"sizerChildren":18}
13:28:32.964 V render found no marker regions {"sourcePath":"🌎 Ekoris.md"}
13:28:32.967 V schedule render {"reason":"layout-change","sourcePath":"🌎 Ekoris.md","hadPendingTimer":false,"sizerChildren":16}
13:28:32.988 PP Notes/Aasimar.md cls= wrapper=false embed=null sizer=true connected=true kids=P.,P.,P.,P. hasSizerDesc=false parents=DIV.dc-description>DIV.>DIV.>DIV.block-language-datacorejsx>DIV.el-pre>DIV.markdown-preview-sizer.markdown-preview-section
13:28:32.988 V schedule render {"reason":"postprocessor","sourcePath":"Notes/Aasimar.md","hadPendingTimer":true,"sizerChildren":5}
13:28:32.989 PP Notes/Catfolk.md cls= wrapper=false embed=null sizer=true connected=true kids=P.,P.,P.,P.,P.,P. hasSizerDesc=false parents=DIV.dc-description>DIV.>DIV.>DIV.block-language-datacorejsx>DIV.el-pre>DIV.markdown-preview-sizer.markdown-preview-section
13:28:32.989 V schedule render {"reason":"postprocessor","sourcePath":"Notes/Catfolk.md","hadPendingTimer":true,"sizerChildren":5}
13:28:32.990 PP Notes/Drow.md cls= wrapper=false embed=null sizer=true connected=true kids=P.,P.,P.,P.,P.,P.,P.,P.,P. hasSizerDesc=false parents=DIV.dc-description>DIV.>DIV.>DIV.block-language-datacorejsx>DIV.el-pre>DIV.markdown-preview-sizer.markdown-preview-section
13:28:32.990 V schedule render {"reason":"postprocessor","sourcePath":"Notes/Drow.md","hadPendingTimer":true,"sizerChildren":5}
13:28:32.991 PP Notes/Dwarves.md cls= wrapper=false embed=null sizer=true connected=true kids=P.,P.,P.,P.,P.,P.,P.,P.,P.,P.,P.,P.,P. hasSizerDesc=false parents=DIV.dc-description>DIV.>DIV.>DIV.block-language-datacorejsx>DIV.el-pre>DIV.markdown-preview-sizer.markdown-preview-section
13:28:32.991 V schedule render {"reason":"postprocessor","sourcePath":"Notes/Dwarves.md","hadPendingTimer":true,"sizerChildren":5}
13:28:32.993 PP Notes/Gnolls.md cls= wrapper=false embed=null sizer=true connected=true kids=P.,P.,P.,P.,P.,P.,P.,P.,P. hasSizerDesc=false parents=DIV.dc-description>DIV.>DIV.>DIV.block-language-datacorejsx>DIV.el-pre>DIV.markdown-preview-sizer.markdown-preview-section
13:28:32.993 V schedule render {"reason":"postprocessor","sourcePath":"Notes/Gnolls.md","hadPendingTimer":true,"sizerChildren":5}
13:28:32.994 PP Notes/Humans.md cls= wrapper=false embed=null sizer=true connected=true kids=P.,P. hasSizerDesc=false parents=DIV.dc-description>DIV.>DIV.>DIV.block-language-datacorejsx>DIV.el-pre>DIV.markdown-preview-sizer.markdown-preview-section
13:28:32.994 V schedule render {"reason":"postprocessor","sourcePath":"Notes/Humans.md","hadPendingTimer":true,"sizerChildren":5}
13:28:32.995 PP Notes/Kitsune.md cls= wrapper=false embed=null sizer=true connected=true kids=P.,P.,P.,P.,P.,P.,P.,P.,P.,P.,P.,P.,P. hasSizerDesc=false parents=DIV.dc-description>DIV.>DIV.>DIV.block-language-datacorejsx>DIV.el-pre>DIV.markdown-preview-sizer.markdown-preview-section
13:28:32.995 V schedule render {"reason":"postprocessor","sourcePath":"Notes/Kitsune.md","hadPendingTimer":true,"sizerChildren":5}
13:28:32.995 PP Notes/Nagaji.md cls= wrapper=false embed=null sizer=true connected=true kids=P.,P.,P.,P.,P.,P.,P. hasSizerDesc=false parents=DIV.dc-description>DIV.>DIV.>DIV.block-language-datacorejsx>DIV.el-pre>DIV.markdown-preview-sizer.markdown-preview-section
13:28:32.995 V schedule render {"reason":"postprocessor","sourcePath":"Notes/Nagaji.md","hadPendingTimer":true,"sizerChildren":5}
13:28:32.996 PP Notes/Orcs.md cls= wrapper=false embed=null sizer=true connected=true kids=P.,P.,P.,P. hasSizerDesc=false parents=DIV.dc-description>DIV.>DIV.>DIV.block-language-datacorejsx>DIV.el-pre>DIV.markdown-preview-sizer.markdown-preview-section
13:28:32.996 V schedule render {"reason":"postprocessor","sourcePath":"Notes/Orcs.md","hadPendingTimer":true,"sizerChildren":5}
13:28:32.996 PP Notes/Sun Elves.md cls= wrapper=false embed=null sizer=true connected=true kids=P.,P.,P.,P.,P. hasSizerDesc=false parents=DIV.dc-description>DIV.>DIV.>DIV.block-language-datacorejsx>DIV.el-pre>DIV.markdown-preview-sizer.markdown-preview-section
13:28:32.996 V schedule render {"reason":"postprocessor","sourcePath":"Notes/Sun Elves.md","hadPendingTimer":true,"sizerChildren":5}
13:28:32.997 PP Notes/Tieflings.md cls= wrapper=false embed=null sizer=true connected=true kids=P.,P.,P.,P. hasSizerDesc=false parents=DIV.dc-description>DIV.>DIV.>DIV.block-language-datacorejsx>DIV.el-pre>DIV.markdown-preview-sizer.markdown-preview-section
13:28:32.997 V schedule render {"reason":"postprocessor","sourcePath":"Notes/Tieflings.md","hadPendingTimer":true,"sizerChildren":5}
13:28:32.998 PP Notes/Wild Elves.md cls= wrapper=false embed=null sizer=true connected=true kids=P.,P.,P.,P.,P.,P.,P. hasSizerDesc=false parents=DIV.dc-description>DIV.>DIV.>DIV.block-language-datacorejsx>DIV.el-pre>DIV.markdown-preview-sizer.markdown-preview-section
13:28:32.998 V schedule render {"reason":"postprocessor","sourcePath":"Notes/Wild Elves.md","hadPendingTimer":true,"sizerChildren":5}
13:28:32.998 PP Notes/Astya.md cls= wrapper=false embed=null sizer=true connected=true kids=P.,P.,P. hasSizerDesc=false parents=DIV.dc-description>DIV.>DIV.>DIV.block-language-datacorejsx>DIV.el-pre>DIV.markdown-preview-sizer.markdown-preview-section
13:28:32.998 V schedule render {"reason":"postprocessor","sourcePath":"Notes/Astya.md","hadPendingTimer":true,"sizerChildren":5}
13:28:32.998 PP Notes/Garotha.md cls= wrapper=false embed=null sizer=true connected=true kids=P.,P.,P. hasSizerDesc=false parents=DIV.dc-description>DIV.>DIV.>DIV.block-language-datacorejsx>DIV.el-pre>DIV.markdown-preview-sizer.markdown-preview-section
13:28:32.998 V schedule render {"reason":"postprocessor","sourcePath":"Notes/Garotha.md","hadPendingTimer":true,"sizerChildren":5}
13:28:32.999 PP Notes/Harath.md cls= wrapper=false embed=null sizer=true connected=true kids=P.,P.,P.,P.,P. hasSizerDesc=false parents=DIV.dc-description>DIV.>DIV.>DIV.block-language-datacorejsx>DIV.el-pre>DIV.markdown-preview-sizer.markdown-preview-section
13:28:32.999 V schedule render {"reason":"postprocessor","sourcePath":"Notes/Harath.md","hadPendingTimer":true,"sizerChildren":5}
13:28:32.999 PP Notes/Illithia.md cls= wrapper=false embed=null sizer=true connected=true kids=P.,P.,P. hasSizerDesc=false parents=DIV.dc-description>DIV.>DIV.>DIV.block-language-datacorejsx>DIV.el-pre>DIV.markdown-preview-sizer.markdown-preview-section
13:28:32.999 V schedule render {"reason":"postprocessor","sourcePath":"Notes/Illithia.md","hadPendingTimer":true,"sizerChildren":5}
13:28:32.999 PP Notes/Isle of Rivers.md cls= wrapper=false embed=null sizer=true connected=true kids=P.,P.,P. hasSizerDesc=false parents=DIV.dc-description>DIV.>DIV.>DIV.block-language-datacorejsx>DIV.el-pre>DIV.markdown-preview-sizer.markdown-preview-section
13:28:32.999 V schedule render {"reason":"postprocessor","sourcePath":"Notes/Isle of Rivers.md","hadPendingTimer":true,"sizerChildren":5}
13:28:33.000 PP Notes/Na-Boa.md cls= wrapper=false embed=null sizer=true connected=true kids=P.,P.,P. hasSizerDesc=false parents=DIV.dc-description>DIV.>DIV.>DIV.block-language-datacorejsx>DIV.el-pre>DIV.markdown-preview-sizer.markdown-preview-section
13:28:33.000 V schedule render {"reason":"postprocessor","sourcePath":"Notes/Na-Boa.md","hadPendingTimer":true,"sizerChildren":5}
13:28:33.002 PP Notes/Tasnan.md cls= wrapper=false embed=null sizer=true connected=true kids=P.,P.,P.,P.,P.,P.,P.,P.,P. hasSizerDesc=false parents=DIV.dc-description>DIV.>DIV.>DIV.block-language-datacorejsx>DIV.el-pre>DIV.markdown-preview-sizer.markdown-preview-section
13:28:33.002 V schedule render {"reason":"postprocessor","sourcePath":"Notes/Tasnan.md","hadPendingTimer":true,"sizerChildren":5}
13:28:33.002 PP Notes/The Bodin Union.md cls= wrapper=false embed=null sizer=true connected=true kids=P.,P.,P. hasSizerDesc=false parents=DIV.dc-description>DIV.>DIV.>DIV.block-language-datacorejsx>DIV.el-pre>DIV.markdown-preview-sizer.markdown-preview-section
13:28:33.002 V schedule render {"reason":"postprocessor","sourcePath":"Notes/The Bodin Union.md","hadPendingTimer":true,"sizerChildren":5}
13:28:33.003 PP Notes/The Breezes.md cls= wrapper=false embed=null sizer=true connected=true kids=P.,P.,P.,P. hasSizerDesc=false parents=DIV.dc-description>DIV.>DIV.>DIV.block-language-datacorejsx>DIV.el-pre>DIV.markdown-preview-sizer.markdown-preview-section
13:28:33.003 V schedule render {"reason":"postprocessor","sourcePath":"Notes/The Breezes.md","hadPendingTimer":true,"sizerChildren":5}
13:28:33.003 PP Notes/The Hassan Dynasty.md cls= wrapper=false embed=null sizer=true connected=true kids=P.,P.,P.,P.,P.,P. hasSizerDesc=false parents=DIV.dc-description>DIV.>DIV.>DIV.block-language-datacorejsx>DIV.el-pre>DIV.markdown-preview-sizer.markdown-preview-section
13:28:33.003 V schedule render {"reason":"postprocessor","sourcePath":"Notes/The Hassan Dynasty.md","hadPendingTimer":true,"sizerChildren":5}
13:28:33.005 PP Notes/Greed Sickness.md cls=markdown-preview-view markdown-rendered show-indentation-guide mod-frontmatter mod-ui wrapper=false embed=Greed Sickness sizer=true connected=true kids=PRE.frontmatter,H1.,P.,P.,P.,P.,P. hasSizerDesc=false parents=DIV.markdown-embed-content>SPAN.internal-embed.markdown-embed.inline-embed.is-loaded>P.>SPAN.>DIV.dc-description>DIV.
13:28:33.005 V schedule render {"reason":"postprocessor","sourcePath":"Notes/Greed Sickness.md","hadPendingTimer":false,"sizerChildren":7}
13:28:33.006 PP Notes/Dying Curse.md cls=markdown-preview-view markdown-rendered show-indentation-guide mod-frontmatter mod-ui wrapper=false embed=Dying Curse sizer=true connected=true kids=PRE.frontmatter,H1.,P.,P.,P.,P.,P.,P. hasSizerDesc=false parents=DIV.markdown-embed-content>SPAN.internal-embed.markdown-embed.inline-embed.is-loaded>P.>SPAN.>DIV.dc-description>DIV.
13:28:33.006 V schedule render {"reason":"postprocessor","sourcePath":"Notes/Dying Curse.md","hadPendingTimer":false,"sizerChildren":8}
13:28:33.007 V render start {"reason":"postprocessor","token":159,"sourceHint":"Notes/The Hassan Dynasty.md","sizerConnected":true,"sizerChildren":5}
13:28:33.007 V render found no marker regions {"sourcePath":"Notes/The Hassan Dynasty.md"}
13:28:33.021 V render start {"reason":"postprocessor","token":1,"sourceHint":"Notes/Greed Sickness.md","sizerConnected":false,"sizerChildren":7}
13:28:33.021 V render skipped: sizer disconnected {"token":1}
13:28:33.021 V render start {"reason":"postprocessor","token":1,"sourceHint":"Notes/Dying Curse.md","sizerConnected":false,"sizerChildren":8}
13:28:33.021 V render skipped: sizer disconnected {"token":1}
13:28:44.390 V schedule render {"reason":"layout-change","sourcePath":"🌎 Ekoris.md","hadPendingTimer":false,"sizerChildren":5}
13:28:44.390 V schedule render {"reason":"layout-change","sourcePath":"Notes/Greed Sickness.md","hadPendingTimer":false,"sizerChildren":7}
13:28:44.390 V schedule render {"reason":"layout-change","sourcePath":"Notes/Dying Curse.md","hadPendingTimer":false,"sizerChildren":8}
13:28:44.541 V render start {"reason":"layout-change","token":160,"sourceHint":"🌎 Ekoris.md","sizerConnected":true,"sizerChildren":5}
13:28:44.541 V render found no marker regions {"sourcePath":"🌎 Ekoris.md"}
13:28:44.541 V render start {"reason":"layout-change","token":2,"sourceHint":"Notes/Greed Sickness.md","sizerConnected":true,"sizerChildren":7}
13:28:44.541 V render found no marker regions {"sourcePath":"Notes/Greed Sickness.md"}
13:28:44.541 V render start {"reason":"layout-change","token":2,"sourceHint":"Notes/Dying Curse.md","sizerConnected":true,"sizerChildren":8}
13:28:44.541 V render found no marker regions {"sourcePath":"Notes/Dying Curse.md"}
13:30:28.967 V schedule render {"reason":"file-modified","sourcePath":"🌎 Ekoris.md","hadPendingTimer":false,"sizerChildren":5}
13:30:29.118 V render start {"reason":"file-modified","token":161,"sourceHint":"🌎 Ekoris.md","sizerConnected":true,"sizerChildren":5}
13:30:29.118 V render found no marker regions {"sourcePath":"🌎 Ekoris.md"}
13:30:45.722 PP 🌎 Ekoris.md cls=el-pre wrapper=false embed=null sizer=false connected=false kids=DIV.block-language-datacorejsx hasSizerDesc=false parents=
13:30:45.722 V schedule render {"reason":"postprocessor","sourcePath":"🌎 Ekoris.md","hadPendingTimer":false,"sizerChildren":5}
13:30:45.735 V render start {"reason":"postprocessor","token":162,"sourceHint":"🌎 Ekoris.md","sizerConnected":true,"sizerChildren":5}
13:30:45.735 V render found no marker regions {"sourcePath":"🌎 Ekoris.md"}
13:30:45.737 V schedule render {"reason":"layout-change","sourcePath":"🌎 Ekoris.md","hadPendingTimer":false,"sizerChildren":5}
13:30:45.751 PP Notes/Aasimar.md cls= wrapper=false embed=null sizer=true connected=true kids=P.,P.,P.,P. hasSizerDesc=false parents=DIV.dc-description>DIV.>DIV.>DIV.>DIV.block-language-datacorejsx>DIV.el-pre
13:30:45.751 V schedule render {"reason":"postprocessor","sourcePath":"Notes/Aasimar.md","hadPendingTimer":true,"sizerChildren":5}
13:30:45.752 PP Notes/Catfolk.md cls= wrapper=false embed=null sizer=true connected=true kids=P.,P.,P.,P.,P.,P. hasSizerDesc=false parents=DIV.dc-description>DIV.>DIV.>DIV.>DIV.block-language-datacorejsx>DIV.el-pre
13:30:45.752 V schedule render {"reason":"postprocessor","sourcePath":"Notes/Catfolk.md","hadPendingTimer":true,"sizerChildren":5}
13:30:45.753 PP Notes/Gnolls.md cls= wrapper=false embed=null sizer=true connected=true kids=P.,P.,P.,P.,P.,P.,P.,P.,P. hasSizerDesc=false parents=DIV.dc-description>DIV.>DIV.>DIV.>DIV.block-language-datacorejsx>DIV.el-pre
13:30:45.753 V schedule render {"reason":"postprocessor","sourcePath":"Notes/Gnolls.md","hadPendingTimer":true,"sizerChildren":5}
13:30:45.753 PP Notes/Humans.md cls= wrapper=false embed=null sizer=true connected=true kids=P.,P. hasSizerDesc=false parents=DIV.dc-description>DIV.>DIV.>DIV.>DIV.block-language-datacorejsx>DIV.el-pre
13:30:45.753 V schedule render {"reason":"postprocessor","sourcePath":"Notes/Humans.md","hadPendingTimer":true,"sizerChildren":5}
13:30:45.755 PP Notes/Kitsune.md cls= wrapper=false embed=null sizer=true connected=true kids=P.,P.,P.,P.,P.,P.,P.,P.,P.,P.,P.,P.,P. hasSizerDesc=false parents=DIV.dc-description>DIV.>DIV.>DIV.>DIV.block-language-datacorejsx>DIV.el-pre
13:30:45.755 V schedule render {"reason":"postprocessor","sourcePath":"Notes/Kitsune.md","hadPendingTimer":true,"sizerChildren":5}
13:30:45.756 PP Notes/Nagaji.md cls= wrapper=false embed=null sizer=true connected=true kids=P.,P.,P.,P.,P.,P.,P. hasSizerDesc=false parents=DIV.dc-description>DIV.>DIV.>DIV.>DIV.block-language-datacorejsx>DIV.el-pre
13:30:45.756 V schedule render {"reason":"postprocessor","sourcePath":"Notes/Nagaji.md","hadPendingTimer":true,"sizerChildren":5}
13:30:45.757 PP Notes/Orcs.md cls= wrapper=false embed=null sizer=true connected=true kids=P.,P.,P.,P. hasSizerDesc=false parents=DIV.dc-description>DIV.>DIV.>DIV.>DIV.block-language-datacorejsx>DIV.el-pre
13:30:45.757 V schedule render {"reason":"postprocessor","sourcePath":"Notes/Orcs.md","hadPendingTimer":true,"sizerChildren":5}
13:30:45.757 PP Notes/Tieflings.md cls= wrapper=false embed=null sizer=true connected=true kids=P.,P.,P.,P. hasSizerDesc=false parents=DIV.dc-description>DIV.>DIV.>DIV.>DIV.block-language-datacorejsx>DIV.el-pre
13:30:45.757 V schedule render {"reason":"postprocessor","sourcePath":"Notes/Tieflings.md","hadPendingTimer":true,"sizerChildren":5}
13:30:45.758 PP Notes/Drow.md cls= wrapper=false embed=null sizer=true connected=true kids=P.,P.,P.,P.,P.,P.,P.,P.,P. hasSizerDesc=false parents=DIV.dc-description>DIV.>DIV.>DIV.>DIV.>DIV.block-language-datacorejsx
13:30:45.758 V schedule render {"reason":"postprocessor","sourcePath":"Notes/Drow.md","hadPendingTimer":true,"sizerChildren":5}
13:30:45.758 PP Notes/Sun Elves.md cls= wrapper=false embed=null sizer=true connected=true kids=P.,P.,P.,P.,P. hasSizerDesc=false parents=DIV.dc-description>DIV.>DIV.>DIV.>DIV.>DIV.block-language-datacorejsx
13:30:45.758 V schedule render {"reason":"postprocessor","sourcePath":"Notes/Sun Elves.md","hadPendingTimer":true,"sizerChildren":5}
13:30:45.759 PP Notes/Wild Elves.md cls= wrapper=false embed=null sizer=true connected=true kids=P.,P.,P.,P.,P.,P.,P. hasSizerDesc=false parents=DIV.dc-description>DIV.>DIV.>DIV.>DIV.>DIV.block-language-datacorejsx
13:30:45.759 V schedule render {"reason":"postprocessor","sourcePath":"Notes/Wild Elves.md","hadPendingTimer":true,"sizerChildren":5}
13:30:45.761 PP Notes/Dwarves.md cls= wrapper=false embed=null sizer=true connected=true kids=P.,P.,P.,P.,P.,P.,P.,P.,H3.,P.,P.,P.,P.,P.,P.,P.,P.,H3.,P.,P.,P.,P.,P.,P. hasSizerDesc=false parents=DIV.dc-description>DIV.>DIV.>DIV.>DIV.block-language-datacorejsx>DIV.el-pre
13:30:45.761 V schedule render {"reason":"postprocessor","sourcePath":"Notes/Dwarves.md","hadPendingTimer":true,"sizerChildren":5}
13:30:45.762 V render start {"reason":"postprocessor","token":163,"sourceHint":"Notes/Dwarves.md","sizerConnected":true,"sizerChildren":5}
13:30:45.762 V render found no marker regions {"sourcePath":"Notes/Dwarves.md"}
13:31:57.923 V schedule render {"reason":"layout-change","sourcePath":"🌎 Ekoris.md","hadPendingTimer":false,"sizerChildren":3}
13:31:58.074 V render start {"reason":"layout-change","token":164,"sourceHint":"🌎 Ekoris.md","sizerConnected":true,"sizerChildren":3}
13:31:58.074 V render found no marker regions {"sourcePath":"🌎 Ekoris.md"}
13:31:59.475 V schedule render {"reason":"file-modified","sourcePath":"🌎 Ekoris.md","hadPendingTimer":false,"sizerChildren":3}
13:31:59.626 V render start {"reason":"file-modified","token":165,"sourceHint":"🌎 Ekoris.md","sizerConnected":true,"sizerChildren":3}
13:31:59.626 V render found no marker regions {"sourcePath":"🌎 Ekoris.md"}
13:32:06.237 V schedule render {"reason":"file-modified","sourcePath":"🌎 Ekoris.md","hadPendingTimer":false,"sizerChildren":3}
13:32:06.281 PP 🌎 Ekoris.md cls=el-pre wrapper=false embed=null sizer=false connected=false kids=DIV.block-language-datacorejsx hasSizerDesc=false parents=
13:32:06.281 V schedule render {"reason":"postprocessor","sourcePath":"🌎 Ekoris.md","hadPendingTimer":true,"sizerChildren":3}
13:32:06.298 V render start {"reason":"postprocessor","token":166,"sourceHint":"🌎 Ekoris.md","sizerConnected":true,"sizerChildren":13}
13:32:06.298 V render found no marker regions {"sourcePath":"🌎 Ekoris.md"}
13:32:06.298 V schedule render {"reason":"layout-change","sourcePath":"🌎 Ekoris.md","hadPendingTimer":false,"sizerChildren":13}
13:32:06.449 V render start {"reason":"layout-change","token":167,"sourceHint":"🌎 Ekoris.md","sizerConnected":true,"sizerChildren":13}
13:32:06.449 V render found no marker regions {"sourcePath":"🌎 Ekoris.md"}
13:32:10.957 V schedule render {"reason":"file-modified","sourcePath":"🌎 Ekoris.md","hadPendingTimer":false,"sizerChildren":13}
13:32:11.002 PP 🌎 Ekoris.md cls=el-pre wrapper=false embed=null sizer=false connected=false kids=DIV.block-language-datacorejsx hasSizerDesc=false parents=
13:32:11.002 V schedule render {"reason":"postprocessor","sourcePath":"🌎 Ekoris.md","hadPendingTimer":true,"sizerChildren":13}
13:32:11.002 PP 🌎 Ekoris.md cls=el-h1 wrapper=false embed=null sizer=false connected=false kids=H1. hasSizerDesc=false parents=
13:32:11.002 V schedule render {"reason":"postprocessor","sourcePath":"🌎 Ekoris.md","hadPendingTimer":true,"sizerChildren":13}
13:32:11.002 PP 🌎 Ekoris.md cls=el-pre wrapper=false embed=null sizer=false connected=false kids=DIV.block-language-datacorejsx hasSizerDesc=false parents=
13:32:11.002 V schedule render {"reason":"postprocessor","sourcePath":"🌎 Ekoris.md","hadPendingTimer":true,"sizerChildren":13}
13:32:11.006 V render start {"reason":"postprocessor","token":168,"sourceHint":"🌎 Ekoris.md","sizerConnected":true,"sizerChildren":15}
13:32:11.006 V render found no marker regions {"sourcePath":"🌎 Ekoris.md"}
13:32:11.024 PP Notes/Aasimar.md cls= wrapper=false embed=null sizer=true connected=true kids=P.,P.,P.,P. hasSizerDesc=false parents=DIV.dc-description>DIV.>DIV.>DIV.block-language-datacorejsx>DIV.el-pre>DIV.markdown-preview-sizer.markdown-preview-section
13:32:11.024 V schedule render {"reason":"postprocessor","sourcePath":"Notes/Aasimar.md","hadPendingTimer":false,"sizerChildren":15}
13:32:11.025 PP Notes/Catfolk.md cls= wrapper=false embed=null sizer=true connected=true kids=P.,P.,P.,P.,P.,P. hasSizerDesc=false parents=DIV.dc-description>DIV.>DIV.>DIV.block-language-datacorejsx>DIV.el-pre>DIV.markdown-preview-sizer.markdown-preview-section
13:32:11.025 V schedule render {"reason":"postprocessor","sourcePath":"Notes/Catfolk.md","hadPendingTimer":true,"sizerChildren":15}
13:32:11.026 PP Notes/Drow.md cls= wrapper=false embed=null sizer=true connected=true kids=P.,P.,P.,P.,P.,P.,P.,P.,P. hasSizerDesc=false parents=DIV.dc-description>DIV.>DIV.>DIV.block-language-datacorejsx>DIV.el-pre>DIV.markdown-preview-sizer.markdown-preview-section
13:32:11.026 V schedule render {"reason":"postprocessor","sourcePath":"Notes/Drow.md","hadPendingTimer":true,"sizerChildren":15}
13:32:11.027 PP Notes/Sun Elves.md cls= wrapper=false embed=null sizer=true connected=true kids=P.,P.,P.,P.,P. hasSizerDesc=false parents=DIV.dc-description>DIV.>DIV.>DIV.block-language-datacorejsx>DIV.el-pre>DIV.markdown-preview-sizer.markdown-preview-section
13:32:11.027 V schedule render {"reason":"postprocessor","sourcePath":"Notes/Sun Elves.md","hadPendingTimer":true,"sizerChildren":15}
13:32:11.027 PP Notes/Wild Elves.md cls= wrapper=false embed=null sizer=true connected=true kids=P.,P.,P.,P.,P.,P.,P. hasSizerDesc=false parents=DIV.dc-description>DIV.>DIV.>DIV.block-language-datacorejsx>DIV.el-pre>DIV.markdown-preview-sizer.markdown-preview-section
13:32:11.027 V schedule render {"reason":"postprocessor","sourcePath":"Notes/Wild Elves.md","hadPendingTimer":true,"sizerChildren":15}
13:32:11.028 PP Notes/Gnolls.md cls= wrapper=false embed=null sizer=true connected=true kids=P.,P.,P.,P.,P.,P.,P.,P.,P. hasSizerDesc=false parents=DIV.dc-description>DIV.>DIV.>DIV.block-language-datacorejsx>DIV.el-pre>DIV.markdown-preview-sizer.markdown-preview-section
13:32:11.028 V schedule render {"reason":"postprocessor","sourcePath":"Notes/Gnolls.md","hadPendingTimer":true,"sizerChildren":15}
13:32:11.029 PP Notes/Humans.md cls= wrapper=false embed=null sizer=true connected=true kids=P.,P. hasSizerDesc=false parents=DIV.dc-description>DIV.>DIV.>DIV.block-language-datacorejsx>DIV.el-pre>DIV.markdown-preview-sizer.markdown-preview-section
13:32:11.029 V schedule render {"reason":"postprocessor","sourcePath":"Notes/Humans.md","hadPendingTimer":true,"sizerChildren":15}
13:32:11.030 PP Notes/Kitsune.md cls= wrapper=false embed=null sizer=true connected=true kids=P.,P.,P.,P.,P.,P.,P.,P.,P.,P.,P.,P.,P. hasSizerDesc=false parents=DIV.dc-description>DIV.>DIV.>DIV.block-language-datacorejsx>DIV.el-pre>DIV.markdown-preview-sizer.markdown-preview-section
13:32:11.030 V schedule render {"reason":"postprocessor","sourcePath":"Notes/Kitsune.md","hadPendingTimer":true,"sizerChildren":15}
13:32:11.031 PP Notes/Nagaji.md cls= wrapper=false embed=null sizer=true connected=true kids=P.,P.,P.,P.,P.,P.,P. hasSizerDesc=false parents=DIV.dc-description>DIV.>DIV.>DIV.block-language-datacorejsx>DIV.el-pre>DIV.markdown-preview-sizer.markdown-preview-section
13:32:11.031 V schedule render {"reason":"postprocessor","sourcePath":"Notes/Nagaji.md","hadPendingTimer":true,"sizerChildren":15}
13:32:11.031 PP Notes/Orcs.md cls= wrapper=false embed=null sizer=true connected=true kids=P.,P.,P.,P. hasSizerDesc=false parents=DIV.dc-description>DIV.>DIV.>DIV.block-language-datacorejsx>DIV.el-pre>DIV.markdown-preview-sizer.markdown-preview-section
13:32:11.031 V schedule render {"reason":"postprocessor","sourcePath":"Notes/Orcs.md","hadPendingTimer":true,"sizerChildren":15}
13:32:11.032 PP Notes/Tieflings.md cls= wrapper=false embed=null sizer=true connected=true kids=P.,P.,P.,P. hasSizerDesc=false parents=DIV.dc-description>DIV.>DIV.>DIV.block-language-datacorejsx>DIV.el-pre>DIV.markdown-preview-sizer.markdown-preview-section
13:32:11.032 V schedule render {"reason":"postprocessor","sourcePath":"Notes/Tieflings.md","hadPendingTimer":true,"sizerChildren":15}
13:32:11.032 PP Notes/Astya.md cls= wrapper=false embed=null sizer=true connected=true kids=P.,P.,P. hasSizerDesc=false parents=DIV.dc-description>DIV.>DIV.>DIV.block-language-datacorejsx>DIV.el-pre>DIV.markdown-preview-sizer.markdown-preview-section
13:32:11.032 V schedule render {"reason":"postprocessor","sourcePath":"Notes/Astya.md","hadPendingTimer":true,"sizerChildren":15}
13:32:11.032 PP Notes/Garotha.md cls= wrapper=false embed=null sizer=true connected=true kids=P.,P.,P. hasSizerDesc=false parents=DIV.dc-description>DIV.>DIV.>DIV.block-language-datacorejsx>DIV.el-pre>DIV.markdown-preview-sizer.markdown-preview-section
13:32:11.032 V schedule render {"reason":"postprocessor","sourcePath":"Notes/Garotha.md","hadPendingTimer":true,"sizerChildren":15}
13:32:11.033 PP Notes/Harath.md cls= wrapper=false embed=null sizer=true connected=true kids=P.,P.,P.,P.,P. hasSizerDesc=false parents=DIV.dc-description>DIV.>DIV.>DIV.block-language-datacorejsx>DIV.el-pre>DIV.markdown-preview-sizer.markdown-preview-section
13:32:11.033 V schedule render {"reason":"postprocessor","sourcePath":"Notes/Harath.md","hadPendingTimer":true,"sizerChildren":15}
13:32:11.033 PP Notes/Illithia.md cls= wrapper=false embed=null sizer=true connected=true kids=P.,P.,P. hasSizerDesc=false parents=DIV.dc-description>DIV.>DIV.>DIV.block-language-datacorejsx>DIV.el-pre>DIV.markdown-preview-sizer.markdown-preview-section
13:32:11.033 V schedule render {"reason":"postprocessor","sourcePath":"Notes/Illithia.md","hadPendingTimer":true,"sizerChildren":15}
13:32:11.034 PP Notes/Isle of Rivers.md cls= wrapper=false embed=null sizer=true connected=true kids=P.,P.,P. hasSizerDesc=false parents=DIV.dc-description>DIV.>DIV.>DIV.block-language-datacorejsx>DIV.el-pre>DIV.markdown-preview-sizer.markdown-preview-section
13:32:11.034 V schedule render {"reason":"postprocessor","sourcePath":"Notes/Isle of Rivers.md","hadPendingTimer":true,"sizerChildren":15}
13:32:11.035 PP Notes/Na-Boa.md cls= wrapper=false embed=null sizer=true connected=true kids=P.,P.,P. hasSizerDesc=false parents=DIV.dc-description>DIV.>DIV.>DIV.block-language-datacorejsx>DIV.el-pre>DIV.markdown-preview-sizer.markdown-preview-section
13:32:11.035 V schedule render {"reason":"postprocessor","sourcePath":"Notes/Na-Boa.md","hadPendingTimer":true,"sizerChildren":15}
13:32:11.036 PP Notes/Tasnan.md cls= wrapper=false embed=null sizer=true connected=true kids=P.,P.,P.,P.,P.,P.,P.,P.,P. hasSizerDesc=false parents=DIV.dc-description>DIV.>DIV.>DIV.block-language-datacorejsx>DIV.el-pre>DIV.markdown-preview-sizer.markdown-preview-section
13:32:11.036 V schedule render {"reason":"postprocessor","sourcePath":"Notes/Tasnan.md","hadPendingTimer":true,"sizerChildren":15}
13:32:11.036 PP Notes/The Bodin Union.md cls= wrapper=false embed=null sizer=true connected=true kids=P.,P.,P. hasSizerDesc=false parents=DIV.dc-description>DIV.>DIV.>DIV.block-language-datacorejsx>DIV.el-pre>DIV.markdown-preview-sizer.markdown-preview-section
13:32:11.036 V schedule render {"reason":"postprocessor","sourcePath":"Notes/The Bodin Union.md","hadPendingTimer":true,"sizerChildren":15}
13:32:11.037 PP Notes/The Breezes.md cls= wrapper=false embed=null sizer=true connected=true kids=P.,P.,P.,P. hasSizerDesc=false parents=DIV.dc-description>DIV.>DIV.>DIV.block-language-datacorejsx>DIV.el-pre>DIV.markdown-preview-sizer.markdown-preview-section
13:32:11.037 V schedule render {"reason":"postprocessor","sourcePath":"Notes/The Breezes.md","hadPendingTimer":true,"sizerChildren":15}
13:32:11.037 PP Notes/The Hassan Dynasty.md cls= wrapper=false embed=null sizer=true connected=true kids=P.,P.,P.,P.,P.,P. hasSizerDesc=false parents=DIV.dc-description>DIV.>DIV.>DIV.block-language-datacorejsx>DIV.el-pre>DIV.markdown-preview-sizer.markdown-preview-section
13:32:11.037 V schedule render {"reason":"postprocessor","sourcePath":"Notes/The Hassan Dynasty.md","hadPendingTimer":true,"sizerChildren":15}
13:32:11.040 PP Notes/Dwarves.md cls= wrapper=false embed=null sizer=true connected=true kids=P.,P.,P.,P.,P.,P.,P.,P.,H3.,P.,P.,P.,P.,P.,P.,P.,P.,H3.,P.,P.,P.,P.,P.,P. hasSizerDesc=false parents=DIV.dc-description>DIV.>DIV.>DIV.block-language-datacorejsx>DIV.el-pre>DIV.markdown-preview-sizer.markdown-preview-section
13:32:11.040 V schedule render {"reason":"postprocessor","sourcePath":"Notes/Dwarves.md","hadPendingTimer":true,"sizerChildren":15}
13:32:11.053 V render start {"reason":"postprocessor","token":169,"sourceHint":"Notes/Dwarves.md","sizerConnected":true,"sizerChildren":15}
13:32:11.053 V render found no marker regions {"sourcePath":"Notes/Dwarves.md"}
13:32:45.073 V schedule render {"reason":"layout-change","sourcePath":"🌎 Ekoris.md","hadPendingTimer":false,"sizerChildren":5}
13:32:45.225 V render start {"reason":"layout-change","token":170,"sourceHint":"🌎 Ekoris.md","sizerConnected":true,"sizerChildren":5}
13:32:45.225 V render found no marker regions {"sourcePath":"🌎 Ekoris.md"}
13:32:47.460 V schedule render {"reason":"layout-change","sourcePath":"🌎 Ekoris.md","hadPendingTimer":false,"sizerChildren":3}
13:32:47.611 V render start {"reason":"layout-change","token":171,"sourceHint":"🌎 Ekoris.md","sizerConnected":true,"sizerChildren":3}
13:32:47.611 V render found no marker regions {"sourcePath":"🌎 Ekoris.md"}
13:32:48.250 V schedule render {"reason":"layout-change","sourcePath":"🌎 Ekoris.md","hadPendingTimer":false,"sizerChildren":3}
13:32:48.401 V render start {"reason":"layout-change","token":172,"sourceHint":"🌎 Ekoris.md","sizerConnected":true,"sizerChildren":3}
13:32:48.401 V render found no marker regions {"sourcePath":"🌎 Ekoris.md"}
13:32:49.201 V schedule render {"reason":"layout-change","sourcePath":"🌎 Ekoris.md","hadPendingTimer":false,"sizerChildren":3}
13:32:49.352 V render start {"reason":"layout-change","token":173,"sourceHint":"🌎 Ekoris.md","sizerConnected":true,"sizerChildren":3}
13:32:49.352 V render found no marker regions {"sourcePath":"🌎 Ekoris.md"}
13:32:49.890 V schedule render {"reason":"layout-change","sourcePath":"🌎 Ekoris.md","hadPendingTimer":false,"sizerChildren":3}
13:32:50.041 V render start {"reason":"layout-change","token":174,"sourceHint":"🌎 Ekoris.md","sizerConnected":true,"sizerChildren":3}
13:32:50.041 V render found no marker regions {"sourcePath":"🌎 Ekoris.md"}
13:32:50.325 V schedule render {"reason":"layout-change","sourcePath":"🌎 Ekoris.md","hadPendingTimer":false,"sizerChildren":3}
13:32:50.477 V render start {"reason":"layout-change","token":175,"sourceHint":"🌎 Ekoris.md","sizerConnected":true,"sizerChildren":3}
13:32:50.477 V render found no marker regions {"sourcePath":"🌎 Ekoris.md"}
13:33:26.415 V schedule render {"reason":"file-modified","sourcePath":"🌎 Ekoris.md","hadPendingTimer":false,"sizerChildren":3}
13:33:26.426 PP 🌎 Ekoris.md cls=el-pre wrapper=false embed=null sizer=false connected=false kids=DIV.block-language-datacorejsx hasSizerDesc=false parents=
13:33:26.426 V schedule render {"reason":"postprocessor","sourcePath":"🌎 Ekoris.md","hadPendingTimer":true,"sizerChildren":3}
13:33:26.429 V render start {"reason":"postprocessor","token":176,"sourceHint":"🌎 Ekoris.md","sizerConnected":true,"sizerChildren":3}
13:33:26.429 V render found no marker regions {"sourcePath":"🌎 Ekoris.md"}
13:33:26.452 PP Notes/Aasimar.md cls= wrapper=false embed=null sizer=true connected=true kids=P.,P.,P.,P. hasSizerDesc=false parents=DIV.dc-description>DIV.>DIV.>DIV.block-language-datacorejsx>DIV.el-pre>DIV.markdown-preview-sizer.markdown-preview-section
13:33:26.452 V schedule render {"reason":"postprocessor","sourcePath":"Notes/Aasimar.md","hadPendingTimer":false,"sizerChildren":5}
13:33:26.454 PP Notes/Catfolk.md cls= wrapper=false embed=null sizer=true connected=true kids=P.,P.,P.,P.,P.,P. hasSizerDesc=false parents=DIV.dc-description>DIV.>DIV.>DIV.block-language-datacorejsx>DIV.el-pre>DIV.markdown-preview-sizer.markdown-preview-section
13:33:26.454 V schedule render {"reason":"postprocessor","sourcePath":"Notes/Catfolk.md","hadPendingTimer":true,"sizerChildren":5}
13:33:26.455 PP Notes/Drow.md cls= wrapper=false embed=null sizer=true connected=true kids=P.,P.,P.,P.,P.,P.,P.,P.,P. hasSizerDesc=false parents=DIV.dc-description>DIV.>DIV.>DIV.block-language-datacorejsx>DIV.el-pre>DIV.markdown-preview-sizer.markdown-preview-section
13:33:26.455 V schedule render {"reason":"postprocessor","sourcePath":"Notes/Drow.md","hadPendingTimer":true,"sizerChildren":5}
13:33:26.455 PP Notes/Star Elves.md cls= wrapper=false embed=null sizer=true connected=true kids=P.,P.,P.,P.,P. hasSizerDesc=false parents=DIV.dc-description>DIV.>DIV.>DIV.block-language-datacorejsx>DIV.el-pre>DIV.markdown-preview-sizer.markdown-preview-section
13:33:26.455 V schedule render {"reason":"postprocessor","sourcePath":"Notes/Star Elves.md","hadPendingTimer":true,"sizerChildren":5}
13:33:26.456 PP Notes/Sun Elves.md cls= wrapper=false embed=null sizer=true connected=true kids=P.,P.,P.,P.,P. hasSizerDesc=false parents=DIV.dc-description>DIV.>DIV.>DIV.block-language-datacorejsx>DIV.el-pre>DIV.markdown-preview-sizer.markdown-preview-section
13:33:26.456 V schedule render {"reason":"postprocessor","sourcePath":"Notes/Sun Elves.md","hadPendingTimer":true,"sizerChildren":5}
13:33:26.457 PP Notes/Wild Elves.md cls= wrapper=false embed=null sizer=true connected=true kids=P.,P.,P.,P.,P.,P.,P. hasSizerDesc=false parents=DIV.dc-description>DIV.>DIV.>DIV.block-language-datacorejsx>DIV.el-pre>DIV.markdown-preview-sizer.markdown-preview-section
13:33:26.457 V schedule render {"reason":"postprocessor","sourcePath":"Notes/Wild Elves.md","hadPendingTimer":true,"sizerChildren":5}
13:33:26.458 PP Notes/Gnolls.md cls= wrapper=false embed=null sizer=true connected=true kids=P.,P.,P.,P.,P.,P.,P.,P.,P. hasSizerDesc=false parents=DIV.dc-description>DIV.>DIV.>DIV.block-language-datacorejsx>DIV.el-pre>DIV.markdown-preview-sizer.markdown-preview-section
13:33:26.458 V schedule render {"reason":"postprocessor","sourcePath":"Notes/Gnolls.md","hadPendingTimer":true,"sizerChildren":5}
13:33:26.458 PP Notes/Humans.md cls= wrapper=false embed=null sizer=true connected=true kids=P.,P. hasSizerDesc=false parents=DIV.dc-description>DIV.>DIV.>DIV.block-language-datacorejsx>DIV.el-pre>DIV.markdown-preview-sizer.markdown-preview-section
13:33:26.458 V schedule render {"reason":"postprocessor","sourcePath":"Notes/Humans.md","hadPendingTimer":true,"sizerChildren":5}
13:33:26.459 PP Notes/Kitsune.md cls= wrapper=false embed=null sizer=true connected=true kids=P.,P.,P.,P.,P.,P.,P.,P.,P.,P.,P.,P.,P. hasSizerDesc=false parents=DIV.dc-description>DIV.>DIV.>DIV.block-language-datacorejsx>DIV.el-pre>DIV.markdown-preview-sizer.markdown-preview-section
13:33:26.459 V schedule render {"reason":"postprocessor","sourcePath":"Notes/Kitsune.md","hadPendingTimer":true,"sizerChildren":5}
13:33:26.460 PP Notes/Nagaji.md cls= wrapper=false embed=null sizer=true connected=true kids=P.,P.,P.,P.,P.,P.,P. hasSizerDesc=false parents=DIV.dc-description>DIV.>DIV.>DIV.block-language-datacorejsx>DIV.el-pre>DIV.markdown-preview-sizer.markdown-preview-section
13:33:26.460 V schedule render {"reason":"postprocessor","sourcePath":"Notes/Nagaji.md","hadPendingTimer":true,"sizerChildren":5}
13:33:26.461 PP Notes/Orcs.md cls= wrapper=false embed=null sizer=true connected=true kids=P.,P.,P.,P. hasSizerDesc=false parents=DIV.dc-description>DIV.>DIV.>DIV.block-language-datacorejsx>DIV.el-pre>DIV.markdown-preview-sizer.markdown-preview-section
13:33:26.461 V schedule render {"reason":"postprocessor","sourcePath":"Notes/Orcs.md","hadPendingTimer":true,"sizerChildren":5}
13:33:26.462 PP Notes/Tieflings.md cls= wrapper=false embed=null sizer=true connected=true kids=P.,P.,P.,P. hasSizerDesc=false parents=DIV.dc-description>DIV.>DIV.>DIV.block-language-datacorejsx>DIV.el-pre>DIV.markdown-preview-sizer.markdown-preview-section
13:33:26.462 V schedule render {"reason":"postprocessor","sourcePath":"Notes/Tieflings.md","hadPendingTimer":true,"sizerChildren":5}
13:33:26.464 PP Notes/Dwarves.md cls= wrapper=false embed=null sizer=true connected=true kids=P.,P.,P.,P.,P.,P.,P.,P.,H3.,P.,P.,P.,P.,P.,P.,P.,P.,H3.,P.,P.,P.,P.,P.,P. hasSizerDesc=false parents=DIV.dc-description>DIV.>DIV.>DIV.block-language-datacorejsx>DIV.el-pre>DIV.markdown-preview-sizer.markdown-preview-section
13:33:26.464 V schedule render {"reason":"postprocessor","sourcePath":"Notes/Dwarves.md","hadPendingTimer":true,"sizerChildren":5}
13:33:26.464 V render start {"reason":"postprocessor","token":177,"sourceHint":"Notes/Dwarves.md","sizerConnected":true,"sizerChildren":5}
13:33:26.464 V render found no marker regions {"sourcePath":"Notes/Dwarves.md"}
13:34:04.533 PP Notes/Star Elves.md cls=el-pre mod-frontmatter mod-ui wrapper=false embed=null sizer=false connected=false kids=PRE.frontmatter hasSizerDesc=false parents=
13:34:04.533 PP Notes/Star Elves.md cls=el-h1 wrapper=false embed=null sizer=false connected=false kids=H1. hasSizerDesc=false parents=
13:34:04.533 PP Notes/Star Elves.md cls=el-p wrapper=false embed=null sizer=false connected=false kids=P. hasSizerDesc=false parents=
13:34:04.533 PP Notes/Star Elves.md cls=el-p wrapper=false embed=null sizer=false connected=false kids=P. hasSizerDesc=false parents=
13:34:04.534 PP Notes/Star Elves.md cls=el-p wrapper=false embed=null sizer=false connected=false kids=P. hasSizerDesc=false parents=
13:34:04.534 PP Notes/Star Elves.md cls=el-p wrapper=false embed=null sizer=false connected=false kids=P. hasSizerDesc=false parents=
13:34:04.534 PP Notes/Star Elves.md cls=el-p wrapper=false embed=null sizer=false connected=false kids=P. hasSizerDesc=false parents=
13:34:07.618 V schedule render {"reason":"layout-change","sourcePath":"🌎 Ekoris.md","hadPendingTimer":false,"sizerChildren":5}
13:34:07.770 V render start {"reason":"layout-change","token":178,"sourceHint":"🌎 Ekoris.md","sizerConnected":true,"sizerChildren":5}
13:34:07.770 V render found no marker regions {"sourcePath":"🌎 Ekoris.md"}
13:34:18.079 V schedule render {"reason":"layout-change","sourcePath":"🌎 Ekoris.md","hadPendingTimer":false,"sizerChildren":5}
13:34:18.230 V render start {"reason":"layout-change","token":179,"sourceHint":"🌎 Ekoris.md","sizerConnected":true,"sizerChildren":5}
13:34:18.230 V render found no marker regions {"sourcePath":"🌎 Ekoris.md"}
13:34:20.527 V schedule render {"reason":"layout-change","sourcePath":"🌎 Ekoris.md","hadPendingTimer":false,"sizerChildren":5}
13:34:20.677 V render start {"reason":"layout-change","token":180,"sourceHint":"🌎 Ekoris.md","sizerConnected":true,"sizerChildren":5}
13:34:20.678 V render found no marker regions {"sourcePath":"🌎 Ekoris.md"}
13:34:22.295 V schedule render {"reason":"layout-change","sourcePath":"🌎 Ekoris.md","hadPendingTimer":false,"sizerChildren":5}
13:34:22.445 V render start {"reason":"layout-change","token":181,"sourceHint":"🌎 Ekoris.md","sizerConnected":true,"sizerChildren":5}
13:34:22.445 V render found no marker regions {"sourcePath":"🌎 Ekoris.md"}
13:35:59.789 V schedule render {"reason":"layout-change","sourcePath":"🌎 Ekoris.md","hadPendingTimer":false,"sizerChildren":5}
13:35:59.940 V render start {"reason":"layout-change","token":182,"sourceHint":"🌎 Ekoris.md","sizerConnected":true,"sizerChildren":5}
13:35:59.940 V render found no marker regions {"sourcePath":"🌎 Ekoris.md"}
13:36:05.561 V schedule render {"reason":"file-modified","sourcePath":"🌎 Ekoris.md","hadPendingTimer":false,"sizerChildren":5}
13:36:05.713 V render start {"reason":"file-modified","token":183,"sourceHint":"🌎 Ekoris.md","sizerConnected":true,"sizerChildren":5}
13:36:05.713 V render found no marker regions {"sourcePath":"🌎 Ekoris.md"}
13:36:07.092 V schedule render {"reason":"file-modified","sourcePath":"🌎 Ekoris.md","hadPendingTimer":false,"sizerChildren":5}
13:36:07.139 PP 🌎 Ekoris.md cls=el-pre wrapper=false embed=null sizer=false connected=false kids=DIV.block-language-datacorejsx hasSizerDesc=false parents=
13:36:07.139 V schedule render {"reason":"postprocessor","sourcePath":"🌎 Ekoris.md","hadPendingTimer":true,"sizerChildren":5}
13:36:07.172 V render start {"reason":"postprocessor","token":184,"sourceHint":"🌎 Ekoris.md","sizerConnected":true,"sizerChildren":5}
13:36:07.172 V render found no marker regions {"sourcePath":"🌎 Ekoris.md"}
13:36:07.198 V schedule render {"reason":"layout-change","sourcePath":"🌎 Ekoris.md","hadPendingTimer":false,"sizerChildren":5}
13:36:07.269 PP Notes/Aasimar.md cls= wrapper=false embed=null sizer=true connected=true kids=P.,P.,P.,P. hasSizerDesc=false parents=DIV.dc-description>DIV.>DIV.>DIV.block-language-datacorejsx>DIV.el-pre>DIV.markdown-preview-sizer.markdown-preview-section
13:36:07.269 V schedule render {"reason":"postprocessor","sourcePath":"Notes/Aasimar.md","hadPendingTimer":true,"sizerChildren":5}
13:36:07.270 PP Notes/Catfolk.md cls= wrapper=false embed=null sizer=true connected=true kids=P.,P.,P.,P.,P.,P. hasSizerDesc=false parents=DIV.dc-description>DIV.>DIV.>DIV.block-language-datacorejsx>DIV.el-pre>DIV.markdown-preview-sizer.markdown-preview-section
13:36:07.270 V schedule render {"reason":"postprocessor","sourcePath":"Notes/Catfolk.md","hadPendingTimer":true,"sizerChildren":5}
13:36:07.271 PP Notes/Drow.md cls= wrapper=false embed=null sizer=true connected=true kids=P.,P.,P.,P.,P.,P.,P.,P.,P. hasSizerDesc=false parents=DIV.dc-description>DIV.>DIV.>DIV.block-language-datacorejsx>DIV.el-pre>DIV.markdown-preview-sizer.markdown-preview-section
13:36:07.271 V schedule render {"reason":"postprocessor","sourcePath":"Notes/Drow.md","hadPendingTimer":true,"sizerChildren":5}
13:36:07.271 PP Notes/Star Elves.md cls= wrapper=false embed=null sizer=true connected=true kids=P.,P.,P.,P.,P. hasSizerDesc=false parents=DIV.dc-description>DIV.>DIV.>DIV.block-language-datacorejsx>DIV.el-pre>DIV.markdown-preview-sizer.markdown-preview-section
13:36:07.271 V schedule render {"reason":"postprocessor","sourcePath":"Notes/Star Elves.md","hadPendingTimer":true,"sizerChildren":5}
13:36:07.271 PP Notes/Sun Elves.md cls= wrapper=false embed=null sizer=true connected=true kids=P.,P.,P.,P.,P. hasSizerDesc=false parents=DIV.dc-description>DIV.>DIV.>DIV.block-language-datacorejsx>DIV.el-pre>DIV.markdown-preview-sizer.markdown-preview-section
13:36:07.271 V schedule render {"reason":"postprocessor","sourcePath":"Notes/Sun Elves.md","hadPendingTimer":true,"sizerChildren":5}
13:36:07.273 PP Notes/Wild Elves.md cls= wrapper=false embed=null sizer=true connected=true kids=P.,P.,P.,P.,P.,P.,P. hasSizerDesc=false parents=DIV.dc-description>DIV.>DIV.>DIV.block-language-datacorejsx>DIV.el-pre>DIV.markdown-preview-sizer.markdown-preview-section
13:36:07.273 V schedule render {"reason":"postprocessor","sourcePath":"Notes/Wild Elves.md","hadPendingTimer":true,"sizerChildren":5}
13:36:07.274 PP Notes/Gnolls.md cls= wrapper=false embed=null sizer=true connected=true kids=P.,P.,P.,P.,P.,P.,P.,P.,P. hasSizerDesc=false parents=DIV.dc-description>DIV.>DIV.>DIV.block-language-datacorejsx>DIV.el-pre>DIV.markdown-preview-sizer.markdown-preview-section
13:36:07.274 V schedule render {"reason":"postprocessor","sourcePath":"Notes/Gnolls.md","hadPendingTimer":true,"sizerChildren":5}
13:36:07.274 PP Notes/Humans.md cls= wrapper=false embed=null sizer=true connected=true kids=P.,P. hasSizerDesc=false parents=DIV.dc-description>DIV.>DIV.>DIV.block-language-datacorejsx>DIV.el-pre>DIV.markdown-preview-sizer.markdown-preview-section
13:36:07.274 V schedule render {"reason":"postprocessor","sourcePath":"Notes/Humans.md","hadPendingTimer":true,"sizerChildren":5}
13:36:07.275 PP Notes/Kitsune.md cls= wrapper=false embed=null sizer=true connected=true kids=P.,P.,P.,P.,P.,P.,P.,P.,P.,P.,P.,P.,P. hasSizerDesc=false parents=DIV.dc-description>DIV.>DIV.>DIV.block-language-datacorejsx>DIV.el-pre>DIV.markdown-preview-sizer.markdown-preview-section
13:36:07.275 V schedule render {"reason":"postprocessor","sourcePath":"Notes/Kitsune.md","hadPendingTimer":true,"sizerChildren":5}
13:36:07.276 PP Notes/Nagaji.md cls= wrapper=false embed=null sizer=true connected=true kids=P.,P.,P.,P.,P.,P.,P. hasSizerDesc=false parents=DIV.dc-description>DIV.>DIV.>DIV.block-language-datacorejsx>DIV.el-pre>DIV.markdown-preview-sizer.markdown-preview-section
13:36:07.276 V schedule render {"reason":"postprocessor","sourcePath":"Notes/Nagaji.md","hadPendingTimer":true,"sizerChildren":5}
13:36:07.276 PP Notes/Orcs.md cls= wrapper=false embed=null sizer=true connected=true kids=P.,P.,P.,P. hasSizerDesc=false parents=DIV.dc-description>DIV.>DIV.>DIV.block-language-datacorejsx>DIV.el-pre>DIV.markdown-preview-sizer.markdown-preview-section
13:36:07.276 V schedule render {"reason":"postprocessor","sourcePath":"Notes/Orcs.md","hadPendingTimer":true,"sizerChildren":5}
13:36:07.277 PP Notes/Tieflings.md cls= wrapper=false embed=null sizer=true connected=true kids=P.,P.,P.,P. hasSizerDesc=false parents=DIV.dc-description>DIV.>DIV.>DIV.block-language-datacorejsx>DIV.el-pre>DIV.markdown-preview-sizer.markdown-preview-section
13:36:07.277 V schedule render {"reason":"postprocessor","sourcePath":"Notes/Tieflings.md","hadPendingTimer":true,"sizerChildren":5}
13:36:07.279 PP Notes/Dwarves.md cls= wrapper=false embed=null sizer=true connected=true kids=P.,P.,P.,P.,P.,P.,P.,P.,H3.,P.,P.,P.,P.,P.,P.,P.,P.,H3.,P.,P.,P.,P.,P.,P. hasSizerDesc=false parents=DIV.dc-description>DIV.>DIV.>DIV.block-language-datacorejsx>DIV.el-pre>DIV.markdown-preview-sizer.markdown-preview-section
13:36:07.279 V schedule render {"reason":"postprocessor","sourcePath":"Notes/Dwarves.md","hadPendingTimer":true,"sizerChildren":5}
13:36:07.353 V render start {"reason":"postprocessor","token":185,"sourceHint":"Notes/Dwarves.md","sizerConnected":true,"sizerChildren":5}
13:36:07.353 V render found no marker regions {"sourcePath":"Notes/Dwarves.md"}
13:36:26.526 PP  cls=setting-item-description wrapper=false embed=null sizer=false connected=true kids=P. hasSizerDesc=false parents=DIV.setting-item-info>DIV.setting-item.style-settings-info-text>DIV.style-settings-container>DIV.style-settings-container>DIV.>DIV.vertical-tab-content
13:36:26.528 PP  cls=setting-item-description wrapper=false embed=null sizer=false connected=true kids=P. hasSizerDesc=false parents=DIV.setting-item-info>DIV.setting-item.style-settings-info-text>DIV.style-settings-container>DIV.style-settings-container>DIV.>DIV.vertical-tab-content
13:36:26.529 PP  cls=setting-item-description wrapper=false embed=null sizer=false connected=true kids=P. hasSizerDesc=false parents=DIV.setting-item-info>DIV.setting-item.style-settings-info-text>DIV.style-settings-container>DIV.style-settings-container>DIV.>DIV.vertical-tab-content
13:36:38.456 PP  cls=setting-item-description wrapper=false embed=null sizer=false connected=true kids=P. hasSizerDesc=false parents=DIV.setting-item-info>DIV.setting-item.style-settings-info-text>DIV.style-settings-container>DIV.style-settings-container>DIV.style-settings-container>DIV.style-settings-container
13:37:24.837 PP  cls=setting-item-description wrapper=false embed=null sizer=false connected=true kids=P. hasSizerDesc=false parents=DIV.setting-item-info>DIV.setting-item.style-settings-info-text>DIV.style-settings-container>DIV.style-settings-container>DIV.>DIV.vertical-tab-content
13:37:24.837 PP  cls=setting-item-description wrapper=false embed=null sizer=false connected=true kids=P. hasSizerDesc=false parents=DIV.setting-item-info>DIV.setting-item.style-settings-info-text>DIV.style-settings-container>DIV.style-settings-container>DIV.>DIV.vertical-tab-content
13:37:24.837 PP  cls=setting-item-description wrapper=false embed=null sizer=false connected=true kids=P. hasSizerDesc=false parents=DIV.setting-item-info>DIV.setting-item.style-settings-info-text>DIV.style-settings-container>DIV.style-settings-container>DIV.>DIV.vertical-tab-content
13:37:24.842 PP  cls=setting-item-description wrapper=false embed=null sizer=false connected=true kids=P. hasSizerDesc=false parents=DIV.setting-item-info>DIV.setting-item.style-settings-info-text>DIV.style-settings-container>DIV.style-settings-container>DIV.style-settings-container>DIV.style-settings-container
13:37:26.318 PP  cls=setting-item-description wrapper=false embed=null sizer=false connected=true kids=P. hasSizerDesc=false parents=DIV.setting-item-info>DIV.setting-item.style-settings-info-text>DIV.style-settings-container>DIV.style-settings-container>DIV.style-settings-container>DIV.style-settings-container
13:37:28.695 PP  cls=setting-item-description wrapper=false embed=null sizer=false connected=true kids=P. hasSizerDesc=false parents=DIV.setting-item-info>DIV.setting-item.style-settings-info-text>DIV.style-settings-container>DIV.style-settings-container>DIV.style-settings-container>DIV.
13:38:33.267 V schedule render {"reason":"layout-change","sourcePath":"🌎 Ekoris.md","hadPendingTimer":false,"sizerChildren":16}
13:38:33.418 V render start {"reason":"layout-change","token":186,"sourceHint":"🌎 Ekoris.md","sizerConnected":true,"sizerChildren":16}
13:38:33.418 V render found no marker regions {"sourcePath":"🌎 Ekoris.md"}
13:38:34.955 V schedule render {"reason":"layout-change","sourcePath":"🌎 Ekoris.md","hadPendingTimer":false,"sizerChildren":16}
13:38:35.105 V render start {"reason":"layout-change","token":187,"sourceHint":"🌎 Ekoris.md","sizerConnected":true,"sizerChildren":16}
13:38:35.105 V render found no marker regions {"sourcePath":"🌎 Ekoris.md"}
13:43:27.363 V schedule render {"reason":"layout-change","sourcePath":"🌎 Ekoris.md","hadPendingTimer":false,"sizerChildren":5}
13:43:27.532 V render start {"reason":"layout-change","token":188,"sourceHint":"🌎 Ekoris.md","sizerConnected":true,"sizerChildren":5}
13:43:27.532 V render found no marker regions {"sourcePath":"🌎 Ekoris.md"}
13:43:38.648 V schedule render {"reason":"file-modified","sourcePath":"🌎 Ekoris.md","hadPendingTimer":false,"sizerChildren":5}
13:43:38.718 PP 🌎 Ekoris.md cls=el-pre wrapper=false embed=null sizer=false connected=false kids=DIV.block-language-datacorejsx hasSizerDesc=false parents=
13:43:38.718 V schedule render {"reason":"postprocessor","sourcePath":"🌎 Ekoris.md","hadPendingTimer":true,"sizerChildren":5}
13:43:38.826 V render start {"reason":"postprocessor","token":189,"sourceHint":"🌎 Ekoris.md","sizerConnected":true,"sizerChildren":3}
13:43:38.826 V render found no marker regions {"sourcePath":"🌎 Ekoris.md"}
13:43:38.853 V schedule render {"reason":"layout-change","sourcePath":"🌎 Ekoris.md","hadPendingTimer":false,"sizerChildren":11}
13:43:39.100 V render start {"reason":"layout-change","token":190,"sourceHint":"🌎 Ekoris.md","sizerConnected":true,"sizerChildren":11}
13:43:39.100 V render found no marker regions {"sourcePath":"🌎 Ekoris.md"}
13:43:39.130 PP Notes/Astya.md cls= wrapper=false embed=null sizer=true connected=true kids=P.,P.,P. hasSizerDesc=false parents=DIV.dc-description>DIV.>DIV.>DIV.block-language-datacorejsx>DIV.el-pre>DIV.markdown-preview-sizer.markdown-preview-section
13:43:39.130 V schedule render {"reason":"postprocessor","sourcePath":"Notes/Astya.md","hadPendingTimer":false,"sizerChildren":11}
13:43:39.131 PP Notes/Garotha.md cls= wrapper=false embed=null sizer=true connected=true kids=P.,P.,P. hasSizerDesc=false parents=DIV.dc-description>DIV.>DIV.>DIV.block-language-datacorejsx>DIV.el-pre>DIV.markdown-preview-sizer.markdown-preview-section
13:43:39.131 V schedule render {"reason":"postprocessor","sourcePath":"Notes/Garotha.md","hadPendingTimer":true,"sizerChildren":11}
13:43:39.131 PP Notes/Harath.md cls= wrapper=false embed=null sizer=true connected=true kids=P.,P.,P.,P.,P. hasSizerDesc=false parents=DIV.dc-description>DIV.>DIV.>DIV.block-language-datacorejsx>DIV.el-pre>DIV.markdown-preview-sizer.markdown-preview-section
13:43:39.131 V schedule render {"reason":"postprocessor","sourcePath":"Notes/Harath.md","hadPendingTimer":true,"sizerChildren":11}
13:43:39.131 PP Notes/Illithia.md cls= wrapper=false embed=null sizer=true connected=true kids=P.,P.,P. hasSizerDesc=false parents=DIV.dc-description>DIV.>DIV.>DIV.block-language-datacorejsx>DIV.el-pre>DIV.markdown-preview-sizer.markdown-preview-section
13:43:39.132 V schedule render {"reason":"postprocessor","sourcePath":"Notes/Illithia.md","hadPendingTimer":true,"sizerChildren":11}
13:43:39.132 PP Notes/Isle of Rivers.md cls= wrapper=false embed=null sizer=true connected=true kids=P.,P.,P. hasSizerDesc=false parents=DIV.dc-description>DIV.>DIV.>DIV.block-language-datacorejsx>DIV.el-pre>DIV.markdown-preview-sizer.markdown-preview-section
13:43:39.132 V schedule render {"reason":"postprocessor","sourcePath":"Notes/Isle of Rivers.md","hadPendingTimer":true,"sizerChildren":11}
13:43:39.133 PP Notes/Na-Boa.md cls= wrapper=false embed=null sizer=true connected=true kids=P.,P.,P. hasSizerDesc=false parents=DIV.dc-description>DIV.>DIV.>DIV.block-language-datacorejsx>DIV.el-pre>DIV.markdown-preview-sizer.markdown-preview-section
13:43:39.133 V schedule render {"reason":"postprocessor","sourcePath":"Notes/Na-Boa.md","hadPendingTimer":true,"sizerChildren":11}
13:43:39.134 PP Notes/Tasnan.md cls= wrapper=false embed=null sizer=true connected=true kids=P.,P.,P.,P.,P.,P.,P.,P.,P. hasSizerDesc=false parents=DIV.dc-description>DIV.>DIV.>DIV.block-language-datacorejsx>DIV.el-pre>DIV.markdown-preview-sizer.markdown-preview-section
13:43:39.134 V schedule render {"reason":"postprocessor","sourcePath":"Notes/Tasnan.md","hadPendingTimer":true,"sizerChildren":11}
13:43:39.135 PP Notes/The Bodin Union.md cls= wrapper=false embed=null sizer=true connected=true kids=P.,P.,P. hasSizerDesc=false parents=DIV.dc-description>DIV.>DIV.>DIV.block-language-datacorejsx>DIV.el-pre>DIV.markdown-preview-sizer.markdown-preview-section
13:43:39.135 V schedule render {"reason":"postprocessor","sourcePath":"Notes/The Bodin Union.md","hadPendingTimer":true,"sizerChildren":11}
13:43:39.135 PP Notes/The Breezes.md cls= wrapper=false embed=null sizer=true connected=true kids=P.,P.,P.,P. hasSizerDesc=false parents=DIV.dc-description>DIV.>DIV.>DIV.block-language-datacorejsx>DIV.el-pre>DIV.markdown-preview-sizer.markdown-preview-section
13:43:39.135 V schedule render {"reason":"postprocessor","sourcePath":"Notes/The Breezes.md","hadPendingTimer":true,"sizerChildren":11}
13:43:39.136 PP Notes/The Hassan Dynasty.md cls= wrapper=false embed=null sizer=true connected=true kids=P.,P.,P.,P.,P.,P. hasSizerDesc=false parents=DIV.dc-description>DIV.>DIV.>DIV.block-language-datacorejsx>DIV.el-pre>DIV.markdown-preview-sizer.markdown-preview-section
13:43:39.136 V schedule render {"reason":"postprocessor","sourcePath":"Notes/The Hassan Dynasty.md","hadPendingTimer":true,"sizerChildren":11}
13:43:39.162 V render start {"reason":"postprocessor","token":191,"sourceHint":"Notes/The Hassan Dynasty.md","sizerConnected":true,"sizerChildren":11}
13:43:39.163 V render found no marker regions {"sourcePath":"Notes/The Hassan Dynasty.md"}
13:43:42.109 V schedule render {"reason":"layout-change","sourcePath":"🌎 Ekoris.md","hadPendingTimer":false,"sizerChildren":6}
13:43:42.259 V render start {"reason":"layout-change","token":192,"sourceHint":"🌎 Ekoris.md","sizerConnected":true,"sizerChildren":6}
13:43:42.260 V render found no marker regions {"sourcePath":"🌎 Ekoris.md"}
13:43:52.613 V schedule render {"reason":"file-modified","sourcePath":"🌎 Ekoris.md","hadPendingTimer":false,"sizerChildren":6}
13:43:52.764 V render start {"reason":"file-modified","token":193,"sourceHint":"🌎 Ekoris.md","sizerConnected":true,"sizerChildren":6}
13:43:52.764 V render found no marker regions {"sourcePath":"🌎 Ekoris.md"}
13:43:52.828 PP 🌎 Ekoris.md cls=el-pre wrapper=false embed=null sizer=false connected=false kids=DIV.block-language-datacorejsx hasSizerDesc=false parents=
13:43:52.828 V schedule render {"reason":"postprocessor","sourcePath":"🌎 Ekoris.md","hadPendingTimer":false,"sizerChildren":5}
13:43:52.911 V render start {"reason":"postprocessor","token":194,"sourceHint":"🌎 Ekoris.md","sizerConnected":true,"sizerChildren":12}
13:43:52.912 V render found no marker regions {"sourcePath":"🌎 Ekoris.md"}
13:43:52.916 V schedule render {"reason":"layout-change","sourcePath":"🌎 Ekoris.md","hadPendingTimer":false,"sizerChildren":12}
13:43:53.114 PP Notes/Astya.md cls= wrapper=false embed=null sizer=true connected=true kids=P.,P.,P. hasSizerDesc=false parents=DIV.dc-description>DIV.>DIV.>DIV.block-language-datacorejsx>DIV.el-pre>DIV.markdown-preview-sizer.markdown-preview-section
13:43:53.115 V schedule render {"reason":"postprocessor","sourcePath":"Notes/Astya.md","hadPendingTimer":true,"sizerChildren":12}
13:43:53.115 PP Notes/Garotha.md cls= wrapper=false embed=null sizer=true connected=true kids=P.,P.,P. hasSizerDesc=false parents=DIV.dc-description>DIV.>DIV.>DIV.block-language-datacorejsx>DIV.el-pre>DIV.markdown-preview-sizer.markdown-preview-section
13:43:53.115 V schedule render {"reason":"postprocessor","sourcePath":"Notes/Garotha.md","hadPendingTimer":true,"sizerChildren":12}
13:43:53.116 PP Notes/Harath.md cls= wrapper=false embed=null sizer=true connected=true kids=P.,P.,P.,P.,P. hasSizerDesc=false parents=DIV.dc-description>DIV.>DIV.>DIV.block-language-datacorejsx>DIV.el-pre>DIV.markdown-preview-sizer.markdown-preview-section
13:43:53.116 V schedule render {"reason":"postprocessor","sourcePath":"Notes/Harath.md","hadPendingTimer":true,"sizerChildren":12}
13:43:53.116 PP Notes/Illithia.md cls= wrapper=false embed=null sizer=true connected=true kids=P.,P.,P. hasSizerDesc=false parents=DIV.dc-description>DIV.>DIV.>DIV.block-language-datacorejsx>DIV.el-pre>DIV.markdown-preview-sizer.markdown-preview-section
13:43:53.116 V schedule render {"reason":"postprocessor","sourcePath":"Notes/Illithia.md","hadPendingTimer":true,"sizerChildren":12}
13:43:53.117 PP Notes/Isle of Rivers.md cls= wrapper=false embed=null sizer=true connected=true kids=P.,P.,P. hasSizerDesc=false parents=DIV.dc-description>DIV.>DIV.>DIV.block-language-datacorejsx>DIV.el-pre>DIV.markdown-preview-sizer.markdown-preview-section
13:43:53.117 V schedule render {"reason":"postprocessor","sourcePath":"Notes/Isle of Rivers.md","hadPendingTimer":true,"sizerChildren":12}
13:43:53.117 PP Notes/Na-Boa.md cls= wrapper=false embed=null sizer=true connected=true kids=P.,P.,P. hasSizerDesc=false parents=DIV.dc-description>DIV.>DIV.>DIV.block-language-datacorejsx>DIV.el-pre>DIV.markdown-preview-sizer.markdown-preview-section
13:43:53.117 V schedule render {"reason":"postprocessor","sourcePath":"Notes/Na-Boa.md","hadPendingTimer":true,"sizerChildren":12}
13:43:53.118 PP Notes/Tasnan.md cls= wrapper=false embed=null sizer=true connected=true kids=P.,P.,P.,P.,P.,P.,P.,P.,P. hasSizerDesc=false parents=DIV.dc-description>DIV.>DIV.>DIV.block-language-datacorejsx>DIV.el-pre>DIV.markdown-preview-sizer.markdown-preview-section
13:43:53.118 V schedule render {"reason":"postprocessor","sourcePath":"Notes/Tasnan.md","hadPendingTimer":true,"sizerChildren":12}
13:43:53.119 PP Notes/The Bodin Union.md cls= wrapper=false embed=null sizer=true connected=true kids=P.,P.,P. hasSizerDesc=false parents=DIV.dc-description>DIV.>DIV.>DIV.block-language-datacorejsx>DIV.el-pre>DIV.markdown-preview-sizer.markdown-preview-section
13:43:53.119 V schedule render {"reason":"postprocessor","sourcePath":"Notes/The Bodin Union.md","hadPendingTimer":true,"sizerChildren":12}
13:43:53.119 PP Notes/The Breezes.md cls= wrapper=false embed=null sizer=true connected=true kids=P.,P.,P.,P. hasSizerDesc=false parents=DIV.dc-description>DIV.>DIV.>DIV.block-language-datacorejsx>DIV.el-pre>DIV.markdown-preview-sizer.markdown-preview-section
13:43:53.119 V schedule render {"reason":"postprocessor","sourcePath":"Notes/The Breezes.md","hadPendingTimer":true,"sizerChildren":12}
13:43:53.120 PP Notes/The Hassan Dynasty.md cls= wrapper=false embed=null sizer=true connected=true kids=P.,P.,P.,P.,P.,P. hasSizerDesc=false parents=DIV.dc-description>DIV.>DIV.>DIV.block-language-datacorejsx>DIV.el-pre>DIV.markdown-preview-sizer.markdown-preview-section
13:43:53.120 V schedule render {"reason":"postprocessor","sourcePath":"Notes/The Hassan Dynasty.md","hadPendingTimer":true,"sizerChildren":12}
13:43:53.120 V render start {"reason":"layout-change","token":195,"sourceHint":"Notes/The Hassan Dynasty.md","sizerConnected":true,"sizerChildren":12}
13:43:53.120 V render found no marker regions {"sourcePath":"Notes/The Hassan Dynasty.md"}
13:44:17.150 PP Components/Card.md cls=el-h1 wrapper=false embed=null sizer=false connected=false kids=H1. hasSizerDesc=false parents=
13:44:17.150 V schedule render {"reason":"postprocessor","sourcePath":"Components/Card.md","hadPendingTimer":false,"sizerChildren":0}
13:44:17.150 PP Components/Card.md cls=el-p wrapper=false embed=null sizer=false connected=false kids=P. hasSizerDesc=false parents=
13:44:17.150 V schedule render {"reason":"postprocessor","sourcePath":"Components/Card.md","hadPendingTimer":true,"sizerChildren":0}
13:44:17.150 PP Components/Card.md cls=el-ul wrapper=false embed=null sizer=false connected=false kids=UL.has-list-bullet hasSizerDesc=false parents=
13:44:17.150 V schedule render {"reason":"postprocessor","sourcePath":"Components/Card.md","hadPendingTimer":true,"sizerChildren":0}
13:44:17.151 PP Components/Card.md cls=el-p wrapper=false embed=null sizer=false connected=false kids=P. hasSizerDesc=false parents=
13:44:17.151 V schedule render {"reason":"postprocessor","sourcePath":"Components/Card.md","hadPendingTimer":true,"sizerChildren":0}
13:44:17.152 PP Components/Card.md cls=el-pre wrapper=false embed=null sizer=false connected=false kids=PRE. hasSizerDesc=false parents=
13:44:17.152 V schedule render {"reason":"postprocessor","sourcePath":"Components/Card.md","hadPendingTimer":true,"sizerChildren":0}
13:44:17.200 V render start {"reason":"postprocessor","token":196,"sourceHint":"Components/Card.md","sizerConnected":true,"sizerChildren":8}
13:44:17.200 V render found no marker regions {"sourcePath":"Components/Card.md"}
13:44:17.212 V schedule render {"reason":"layout-change","sourcePath":"Components/Card.md","hadPendingTimer":false,"sizerChildren":8}
13:44:17.387 V render start {"reason":"layout-change","token":197,"sourceHint":"Components/Card.md","sizerConnected":true,"sizerChildren":8}
13:44:17.387 V render found no marker regions {"sourcePath":"Components/Card.md"}
13:44:43.206 PP Components/Chips.md cls=el-h1 wrapper=false embed=null sizer=false connected=false kids=H1. hasSizerDesc=false parents=
13:44:43.206 V schedule render {"reason":"postprocessor","sourcePath":"Components/Chips.md","hadPendingTimer":false,"sizerChildren":0}
13:44:43.206 PP Components/Chips.md cls=el-p wrapper=false embed=null sizer=false connected=false kids=P. hasSizerDesc=false parents=
13:44:43.206 V schedule render {"reason":"postprocessor","sourcePath":"Components/Chips.md","hadPendingTimer":true,"sizerChildren":0}
13:44:43.207 PP Components/Chips.md cls=el-ul wrapper=false embed=null sizer=false connected=false kids=UL.has-list-bullet hasSizerDesc=false parents=
13:44:43.207 V schedule render {"reason":"postprocessor","sourcePath":"Components/Chips.md","hadPendingTimer":true,"sizerChildren":0}
13:44:43.207 PP Components/Chips.md cls=el-p wrapper=false embed=null sizer=false connected=false kids=P. hasSizerDesc=false parents=
13:44:43.207 V schedule render {"reason":"postprocessor","sourcePath":"Components/Chips.md","hadPendingTimer":true,"sizerChildren":0}
13:44:43.207 PP Components/Chips.md cls=el-pre wrapper=false embed=null sizer=false connected=false kids=PRE. hasSizerDesc=false parents=
13:44:43.207 V schedule render {"reason":"postprocessor","sourcePath":"Components/Chips.md","hadPendingTimer":true,"sizerChildren":0}
13:44:43.256 V schedule render {"reason":"layout-change","sourcePath":"Components/Chips.md","hadPendingTimer":true,"sizerChildren":8}
13:44:43.258 V render start {"reason":"postprocessor","token":198,"sourceHint":"Components/Chips.md","sizerConnected":true,"sizerChildren":8}
13:44:43.258 V render found no marker regions {"sourcePath":"Components/Chips.md"}
13:44:46.273 PP Notes/Aasimar.md cls=el-pre mod-frontmatter mod-ui wrapper=false embed=null sizer=false connected=false kids=PRE.frontmatter hasSizerDesc=false parents=
13:44:46.273 V schedule render {"reason":"postprocessor","sourcePath":"Notes/Aasimar.md","hadPendingTimer":false,"sizerChildren":0}
13:44:46.273 PP Notes/Aasimar.md cls=el-h1 wrapper=false embed=null sizer=false connected=false kids=H1. hasSizerDesc=false parents=
13:44:46.273 V schedule render {"reason":"postprocessor","sourcePath":"Notes/Aasimar.md","hadPendingTimer":true,"sizerChildren":0}
13:44:46.273 PP Notes/Aasimar.md cls=el-p wrapper=false embed=null sizer=false connected=false kids=P. hasSizerDesc=false parents=
13:44:46.273 V schedule render {"reason":"postprocessor","sourcePath":"Notes/Aasimar.md","hadPendingTimer":true,"sizerChildren":0}
13:44:46.274 PP Notes/Aasimar.md cls=el-p wrapper=false embed=null sizer=false connected=false kids=P. hasSizerDesc=false parents=
13:44:46.274 V schedule render {"reason":"postprocessor","sourcePath":"Notes/Aasimar.md","hadPendingTimer":true,"sizerChildren":0}
13:44:46.274 PP Notes/Aasimar.md cls=el-p wrapper=false embed=null sizer=false connected=false kids=P. hasSizerDesc=false parents=
13:44:46.274 V schedule render {"reason":"postprocessor","sourcePath":"Notes/Aasimar.md","hadPendingTimer":true,"sizerChildren":0}
13:44:46.274 PP Notes/Aasimar.md cls=el-p wrapper=false embed=null sizer=false connected=false kids=P. hasSizerDesc=false parents=
13:44:46.274 V schedule render {"reason":"postprocessor","sourcePath":"Notes/Aasimar.md","hadPendingTimer":true,"sizerChildren":0}
13:44:46.340 V schedule render {"reason":"layout-change","sourcePath":"Notes/Aasimar.md","hadPendingTimer":true,"sizerChildren":9}
13:44:46.342 V render start {"reason":"postprocessor","token":199,"sourceHint":"Notes/Aasimar.md","sizerConnected":true,"sizerChildren":9}
13:44:46.342 V render found no marker regions {"sourcePath":"Notes/Aasimar.md"}
13:44:47.839 PP Notes/Crimson Serenity.md cls=el-pre mod-frontmatter mod-ui wrapper=false embed=null sizer=false connected=false kids=PRE.frontmatter hasSizerDesc=false parents=
13:44:47.839 V schedule render {"reason":"postprocessor","sourcePath":"Notes/Crimson Serenity.md","hadPendingTimer":false,"sizerChildren":0}
13:44:47.840 PP Notes/Crimson Serenity.md cls=el-h1 wrapper=false embed=null sizer=false connected=false kids=H1. hasSizerDesc=false parents=
13:44:47.840 V schedule render {"reason":"postprocessor","sourcePath":"Notes/Crimson Serenity.md","hadPendingTimer":true,"sizerChildren":0}
13:44:47.840 PP Notes/Crimson Serenity.md cls=el-p wrapper=false embed=null sizer=false connected=false kids=P. hasSizerDesc=false parents=
13:44:47.840 V schedule render {"reason":"postprocessor","sourcePath":"Notes/Crimson Serenity.md","hadPendingTimer":true,"sizerChildren":0}
13:44:47.841 PP Notes/Crimson Serenity.md cls=el-p wrapper=false embed=null sizer=false connected=false kids=P. hasSizerDesc=false parents=
13:44:47.841 V schedule render {"reason":"postprocessor","sourcePath":"Notes/Crimson Serenity.md","hadPendingTimer":true,"sizerChildren":0}
13:44:47.841 PP Notes/Crimson Serenity.md cls=el-p wrapper=false embed=null sizer=false connected=false kids=P. hasSizerDesc=false parents=
13:44:47.841 V schedule render {"reason":"postprocessor","sourcePath":"Notes/Crimson Serenity.md","hadPendingTimer":true,"sizerChildren":0}
13:44:47.841 PP Notes/Crimson Serenity.md cls=el-p wrapper=false embed=null sizer=false connected=false kids=P. hasSizerDesc=false parents=
13:44:47.841 V schedule render {"reason":"postprocessor","sourcePath":"Notes/Crimson Serenity.md","hadPendingTimer":true,"sizerChildren":0}
13:44:47.841 PP Notes/Crimson Serenity.md cls=el-p wrapper=false embed=null sizer=false connected=false kids=P. hasSizerDesc=false parents=
13:44:47.841 V schedule render {"reason":"postprocessor","sourcePath":"Notes/Crimson Serenity.md","hadPendingTimer":true,"sizerChildren":0}
13:44:47.841 PP Notes/Crimson Serenity.md cls=el-p wrapper=false embed=null sizer=false connected=false kids=P. hasSizerDesc=false parents=
13:44:47.841 V schedule render {"reason":"postprocessor","sourcePath":"Notes/Crimson Serenity.md","hadPendingTimer":true,"sizerChildren":0}
13:44:47.842 PP Notes/Crimson Serenity.md cls=el-p wrapper=false embed=null sizer=false connected=false kids=P. hasSizerDesc=false parents=
13:44:47.842 V schedule render {"reason":"postprocessor","sourcePath":"Notes/Crimson Serenity.md","hadPendingTimer":true,"sizerChildren":0}
13:44:47.893 V render start {"reason":"postprocessor","token":200,"sourceHint":"Notes/Crimson Serenity.md","sizerConnected":true,"sizerChildren":12}
13:44:47.893 PP Notes/Crimson Serenity.md cls=columns-rv-segment wrapper=true embed=null sizer=false connected=false kids=H1. hasSizerDesc=false parents=DIV.columns-rv-wrapper
13:44:47.893 PP Notes/Crimson Serenity.md cls=column-preview markdown-rendered wrapper=true embed=null sizer=false connected=false kids=P. hasSizerDesc=false parents=DIV.column-item.columns-custom-style>DIV.columns-container.columns-ui.columns-reading.columns-custom->DIV.columns-rv-wrapper
13:44:47.895 PP Notes/Crimson Serenity.md cls=column-preview markdown-rendered wrapper=true embed=null sizer=false connected=false kids=P.,P. hasSizerDesc=false parents=DIV.column-item.columns-custom-style>DIV.columns-container.columns-ui.columns-reading.columns-custom->DIV.columns-rv-wrapper
13:44:47.898 PP Notes/Slumbering Collective.md cls=markdown-preview-view markdown-rendered show-indentation-guide mod-frontmatter mod-ui wrapper=true embed=Slumbering Collective sizer=false connected=false kids=PRE.frontmatter,H1.,P.,P.,P. hasSizerDesc=false parents=DIV.markdown-embed-content>SPAN.internal-embed.markdown-embed.inline-embed.is-loaded>P.>DIV.column-preview.markdown-rendered>DIV.column-item.columns-custom-style>DIV.columns-container.columns-ui.columns-reading.columns-custom-
13:44:47.898 V schedule render {"reason":"postprocessor","sourcePath":"Notes/Slumbering Collective.md","hadPendingTimer":false,"sizerChildren":5}
13:44:47.920 V lifecycle observers attached {"renderId":21,"sourcePath":"Notes/Crimson Serenity.md","sizerConnected":true,"sizerChildren":12,"previewConnected":true,"previewActiveClass":true,"hostConnected":true,"hostChildren":1,"wrapperConnected":true,"wrapperParentMatches":true,"hostParentMatches":true}
13:44:47.920 V rendered wrapper {"renderId":21,"sourcePath":"Notes/Crimson Serenity.md","regions":1,"columnsContainers":1,"sizerChildren":12}
13:44:47.963 V schedule render {"reason":"layout-change","sourcePath":"Notes/Crimson Serenity.md","hadPendingTimer":false,"sizerChildren":12}
13:44:48.035 V render start {"reason":"postprocessor","token":1,"sourceHint":"Notes/Slumbering Collective.md","sizerConnected":true,"sizerChildren":5}
13:44:48.035 V render found no marker regions {"sourcePath":"Notes/Slumbering Collective.md"}
13:44:48.231 V render start {"reason":"layout-change","token":201,"sourceHint":"Notes/Crimson Serenity.md","sizerConnected":true,"sizerChildren":12}
13:44:48.231 V render reused existing wrapper {"renderId":21,"sourcePath":"Notes/Crimson Serenity.md","sizerConnected":true,"sizerChildren":12,"previewConnected":true,"previewActiveClass":true,"hostConnected":true,"hostChildren":1,"wrapperConnected":true,"wrapperParentMatches":true,"hostParentMatches":true}
13:44:48.231 V host attributes changed {"attribute":"class","renderId":21,"sourcePath":"Notes/Crimson Serenity.md","sizerConnected":true,"sizerChildren":12,"previewConnected":true,"previewActiveClass":true,"hostConnected":true,"hostChildren":1,"wrapperConnected":true,"wrapperParentMatches":true,"hostParentMatches":true}
13:44:49.287 V stale wrapper detected on leaf change {"wrapperPath":"Notes/Crimson Serenity.md","currentPath":"Notes/Merchant's Union.md"}
13:44:49.287 V schedule render {"reason":"file-changed","sourcePath":"Notes/Merchant's Union.md","hadPendingTimer":false,"sizerChildren":12}
13:44:49.297 V host attributes changed {"attribute":"class","renderId":21,"sourcePath":"Notes/Crimson Serenity.md","sizerConnected":true,"sizerChildren":12,"previewConnected":true,"previewActiveClass":true,"hostConnected":true,"hostChildren":1,"wrapperConnected":true,"wrapperParentMatches":true,"hostParentMatches":true}
13:44:49.298 V host attributes changed {"attribute":"class","renderId":21,"sourcePath":"Notes/Crimson Serenity.md","sizerConnected":true,"sizerChildren":12,"previewConnected":true,"previewActiveClass":true,"hostConnected":true,"hostChildren":1,"wrapperConnected":true,"wrapperParentMatches":true,"hostParentMatches":true}
13:44:49.357 V render start {"reason":"file-changed","token":202,"sourceHint":"Notes/Merchant's Union.md","sizerConnected":true,"sizerChildren":12}
13:44:49.358 PP Notes/Merchant's Union.md cls=columns-rv-segment wrapper=true embed=null sizer=false connected=false kids=H1. hasSizerDesc=false parents=DIV.columns-rv-wrapper
13:44:49.358 PP Notes/Merchant's Union.md cls=column-preview markdown-rendered wrapper=true embed=null sizer=false connected=false kids=P. hasSizerDesc=false parents=DIV.column-item.columns-custom-style>DIV.columns-container.columns-ui.columns-reading.columns-custom->DIV.columns-rv-wrapper
13:44:49.359 PP Notes/Merchant's Union.md cls=column-preview markdown-rendered wrapper=true embed=null sizer=false connected=false kids=P.,P. hasSizerDesc=false parents=DIV.column-item.columns-custom-style>DIV.columns-container.columns-ui.columns-reading.columns-custom->DIV.columns-rv-wrapper
13:44:49.360 PP Notes/Slumbering Collective.md cls=markdown-preview-view markdown-rendered show-indentation-guide mod-frontmatter mod-ui wrapper=true embed=Slumbering Collective sizer=false connected=false kids=PRE.frontmatter,H1.,P.,P.,P. hasSizerDesc=false parents=DIV.markdown-embed-content>SPAN.internal-embed.markdown-embed.inline-embed.is-loaded>P.>DIV.column-preview.markdown-rendered>DIV.column-item.columns-custom-style>DIV.columns-container.columns-ui.columns-reading.columns-custom-
13:44:49.360 V schedule render {"reason":"postprocessor","sourcePath":"Notes/Slumbering Collective.md","hadPendingTimer":false,"sizerChildren":5}
13:44:49.365 V lifecycle observers attached {"renderId":22,"sourcePath":"Notes/Merchant's Union.md","sizerConnected":true,"sizerChildren":12,"previewConnected":true,"previewActiveClass":true,"hostConnected":true,"hostChildren":1,"wrapperConnected":true,"wrapperParentMatches":true,"hostParentMatches":true}
13:44:49.365 V rendered wrapper {"renderId":22,"sourcePath":"Notes/Merchant's Union.md","regions":1,"columnsContainers":1,"sizerChildren":12}
13:44:49.415 V render start {"reason":"postprocessor","token":1,"sourceHint":"Notes/Slumbering Collective.md","sizerConnected":true,"sizerChildren":5}
13:44:49.415 V render found no marker regions {"sourcePath":"Notes/Slumbering Collective.md"}
13:44:49.493 PP Notes/Merchant's Union.md cls=el-pre mod-frontmatter mod-ui wrapper=false embed=null sizer=false connected=false kids=PRE.frontmatter hasSizerDesc=false parents=
13:44:49.493 V schedule render {"reason":"postprocessor","sourcePath":"Notes/Merchant's Union.md","hadPendingTimer":false,"sizerChildren":0}
13:44:49.493 PP Notes/Merchant's Union.md cls=el-h1 wrapper=false embed=null sizer=false connected=false kids=H1. hasSizerDesc=false parents=
13:44:49.493 V schedule render {"reason":"postprocessor","sourcePath":"Notes/Merchant's Union.md","hadPendingTimer":true,"sizerChildren":0}
13:44:49.494 PP Notes/Merchant's Union.md cls=el-p wrapper=false embed=null sizer=false connected=false kids=P. hasSizerDesc=false parents=
13:44:49.494 V schedule render {"reason":"postprocessor","sourcePath":"Notes/Merchant's Union.md","hadPendingTimer":true,"sizerChildren":0}
13:44:49.494 PP Notes/Merchant's Union.md cls=el-p wrapper=false embed=null sizer=false connected=false kids=P. hasSizerDesc=false parents=
13:44:49.494 V schedule render {"reason":"postprocessor","sourcePath":"Notes/Merchant's Union.md","hadPendingTimer":true,"sizerChildren":0}
13:44:49.494 PP Notes/Merchant's Union.md cls=el-p wrapper=false embed=null sizer=false connected=false kids=P. hasSizerDesc=false parents=
13:44:49.494 V schedule render {"reason":"postprocessor","sourcePath":"Notes/Merchant's Union.md","hadPendingTimer":true,"sizerChildren":0}
13:44:49.610 V schedule render {"reason":"layout-change","sourcePath":"Notes/Merchant's Union.md","hadPendingTimer":true,"sizerChildren":8}
13:44:49.610 V schedule render {"reason":"layout-change","sourcePath":"Notes/Slumbering Collective.md","hadPendingTimer":false,"sizerChildren":5}
13:44:49.655 V render start {"reason":"postprocessor","token":203,"sourceHint":"Notes/Merchant's Union.md","sizerConnected":true,"sizerChildren":8}
13:44:49.655 V render found no marker regions {"sourcePath":"Notes/Merchant's Union.md"}
13:44:49.656 V teardown wrapper {"reason":"no regions","renderId":22,"sourcePath":"Notes/Merchant's Union.md","sizerChildren":8,"hostConnected":false,"hostChildren":0}
13:44:49.938 V render start {"reason":"layout-change","token":2,"sourceHint":"Notes/Slumbering Collective.md","sizerConnected":false,"sizerChildren":5}
13:44:49.938 V render skipped: sizer disconnected {"token":2}
13:44:50.464 PP Notes/Keep Clearwater.md cls=el-h1 wrapper=false embed=null sizer=false connected=false kids=H1. hasSizerDesc=false parents=
13:44:50.465 V schedule render {"reason":"postprocessor","sourcePath":"Notes/Keep Clearwater.md","hadPendingTimer":false,"sizerChildren":0}
13:44:50.465 PP Notes/Keep Clearwater.md cls=el-p wrapper=false embed=null sizer=false connected=false kids=P. hasSizerDesc=false parents=
13:44:50.465 V schedule render {"reason":"postprocessor","sourcePath":"Notes/Keep Clearwater.md","hadPendingTimer":true,"sizerChildren":0}
13:44:50.518 V render start {"reason":"postprocessor","token":204,"sourceHint":"Notes/Keep Clearwater.md","sizerConnected":true,"sizerChildren":5}
13:44:50.518 V render found no marker regions {"sourcePath":"Notes/Keep Clearwater.md"}
13:44:50.524 V schedule render {"reason":"layout-change","sourcePath":"Notes/Keep Clearwater.md","hadPendingTimer":false,"sizerChildren":5}
13:44:50.676 V render start {"reason":"layout-change","token":205,"sourceHint":"Notes/Keep Clearwater.md","sizerConnected":true,"sizerChildren":5}
13:44:50.676 V render found no marker regions {"sourcePath":"Notes/Keep Clearwater.md"}
13:45:33.159 PP 🌎 Ekoris.md cls=el-pre mod-frontmatter mod-ui wrapper=false embed=null sizer=false connected=false kids=PRE.frontmatter hasSizerDesc=false parents=
13:45:33.160 V schedule render {"reason":"postprocessor","sourcePath":"🌎 Ekoris.md","hadPendingTimer":false,"sizerChildren":0}
13:45:33.160 PP 🌎 Ekoris.md cls=el-h1 wrapper=false embed=null sizer=false connected=false kids=H1. hasSizerDesc=false parents=
13:45:33.160 V schedule render {"reason":"postprocessor","sourcePath":"🌎 Ekoris.md","hadPendingTimer":true,"sizerChildren":0}
13:45:33.160 PP 🌎 Ekoris.md cls=el-p wrapper=false embed=null sizer=false connected=false kids=P. hasSizerDesc=false parents=
13:45:33.160 V schedule render {"reason":"postprocessor","sourcePath":"🌎 Ekoris.md","hadPendingTimer":true,"sizerChildren":0}
13:45:33.160 PP 🌎 Ekoris.md cls=el-p wrapper=false embed=null sizer=false connected=false kids=P. hasSizerDesc=false parents=
13:45:33.160 V schedule render {"reason":"postprocessor","sourcePath":"🌎 Ekoris.md","hadPendingTimer":true,"sizerChildren":0}
13:45:33.160 PP 🌎 Ekoris.md cls=el-p wrapper=false embed=null sizer=false connected=false kids=P. hasSizerDesc=false parents=
13:45:33.161 V schedule render {"reason":"postprocessor","sourcePath":"🌎 Ekoris.md","hadPendingTimer":true,"sizerChildren":0}
13:45:33.161 PP 🌎 Ekoris.md cls=el-p wrapper=false embed=null sizer=false connected=false kids=P. hasSizerDesc=false parents=
13:45:33.161 V schedule render {"reason":"postprocessor","sourcePath":"🌎 Ekoris.md","hadPendingTimer":true,"sizerChildren":0}
13:45:33.161 PP 🌎 Ekoris.md cls=el-p wrapper=false embed=null sizer=false connected=false kids=P. hasSizerDesc=false parents=
13:45:33.161 V schedule render {"reason":"postprocessor","sourcePath":"🌎 Ekoris.md","hadPendingTimer":true,"sizerChildren":0}
13:45:33.161 PP 🌎 Ekoris.md cls=el-h1 wrapper=false embed=null sizer=false connected=false kids=H1. hasSizerDesc=false parents=
13:45:33.161 V schedule render {"reason":"postprocessor","sourcePath":"🌎 Ekoris.md","hadPendingTimer":true,"sizerChildren":0}
13:45:33.161 PP 🌎 Ekoris.md cls=el-p wrapper=false embed=null sizer=false connected=false kids=P. hasSizerDesc=false parents=
13:45:33.161 V schedule render {"reason":"postprocessor","sourcePath":"🌎 Ekoris.md","hadPendingTimer":true,"sizerChildren":0}
13:45:33.161 PP 🌎 Ekoris.md cls=el-p wrapper=false embed=null sizer=false connected=false kids=P. hasSizerDesc=false parents=
13:45:33.161 V schedule render {"reason":"postprocessor","sourcePath":"🌎 Ekoris.md","hadPendingTimer":true,"sizerChildren":0}
13:45:33.162 PP 🌎 Ekoris.md cls=el-table wrapper=false embed=null sizer=false connected=false kids=TABLE. hasSizerDesc=false parents=
13:45:33.162 V schedule render {"reason":"postprocessor","sourcePath":"🌎 Ekoris.md","hadPendingTimer":true,"sizerChildren":0}
13:45:33.162 PP 🌎 Ekoris.md cls=el-h1 wrapper=false embed=null sizer=false connected=false kids=H1. hasSizerDesc=false parents=
13:45:33.162 V schedule render {"reason":"postprocessor","sourcePath":"🌎 Ekoris.md","hadPendingTimer":true,"sizerChildren":0}
13:45:33.163 PP 🌎 Ekoris.md cls=el-pre wrapper=false embed=null sizer=false connected=false kids=DIV.block-language-datacorejsx hasSizerDesc=false parents=
13:45:33.163 V schedule render {"reason":"postprocessor","sourcePath":"🌎 Ekoris.md","hadPendingTimer":true,"sizerChildren":0}
13:45:33.164 PP 🌎 Ekoris.md cls=el-h1 wrapper=false embed=null sizer=false connected=false kids=H1. hasSizerDesc=false parents=
13:45:33.164 V schedule render {"reason":"postprocessor","sourcePath":"🌎 Ekoris.md","hadPendingTimer":true,"sizerChildren":0}
13:45:33.164 PP 🌎 Ekoris.md cls=el-pre wrapper=false embed=null sizer=false connected=false kids=DIV.block-language-datacorejsx hasSizerDesc=false parents=
13:45:33.164 V schedule render {"reason":"postprocessor","sourcePath":"🌎 Ekoris.md","hadPendingTimer":true,"sizerChildren":0}
13:45:33.212 V render start {"reason":"postprocessor","token":206,"sourceHint":"🌎 Ekoris.md","sizerConnected":true,"sizerChildren":18}
13:45:33.212 V render found no marker regions {"sourcePath":"🌎 Ekoris.md"}
13:45:33.253 V schedule render {"reason":"layout-change","sourcePath":"🌎 Ekoris.md","hadPendingTimer":false,"sizerChildren":16}
13:45:33.457 V render start {"reason":"layout-change","token":207,"sourceHint":"🌎 Ekoris.md","sizerConnected":true,"sizerChildren":16}
13:45:33.458 V render found no marker regions {"sourcePath":"🌎 Ekoris.md"}
13:45:33.486 PP Notes/Aasimar.md cls= wrapper=false embed=null sizer=false connected=false kids=P.,P.,P.,P. hasSizerDesc=false parents=DIV.dc-description>DIV.>DIV.>DIV.block-language-datacorejsx>DIV.el-pre
13:45:33.487 PP Notes/Catfolk.md cls= wrapper=false embed=null sizer=false connected=false kids=P.,P.,P.,P.,P.,P. hasSizerDesc=false parents=DIV.dc-description>DIV.>DIV.>DIV.block-language-datacorejsx>DIV.el-pre
13:45:33.488 PP Notes/Drow.md cls= wrapper=false embed=null sizer=false connected=false kids=P.,P.,P.,P.,P.,P.,P.,P.,P. hasSizerDesc=false parents=DIV.dc-description>DIV.>DIV.>DIV.block-language-datacorejsx>DIV.el-pre
13:45:33.489 PP Notes/Star Elves.md cls= wrapper=false embed=null sizer=false connected=false kids=P.,P.,P.,P.,P. hasSizerDesc=false parents=DIV.dc-description>DIV.>DIV.>DIV.block-language-datacorejsx>DIV.el-pre
13:45:33.489 PP Notes/Sun Elves.md cls= wrapper=false embed=null sizer=false connected=false kids=P.,P.,P.,P.,P. hasSizerDesc=false parents=DIV.dc-description>DIV.>DIV.>DIV.block-language-datacorejsx>DIV.el-pre
13:45:33.490 PP Notes/Wild Elves.md cls= wrapper=false embed=null sizer=false connected=false kids=P.,P.,P.,P.,P.,P.,P. hasSizerDesc=false parents=DIV.dc-description>DIV.>DIV.>DIV.block-language-datacorejsx>DIV.el-pre
13:45:33.491 PP Notes/Gnolls.md cls= wrapper=false embed=null sizer=false connected=false kids=P.,P.,P.,P.,P.,P.,P.,P.,P. hasSizerDesc=false parents=DIV.dc-description>DIV.>DIV.>DIV.block-language-datacorejsx>DIV.el-pre
13:45:33.492 PP Notes/Humans.md cls= wrapper=false embed=null sizer=false connected=false kids=P.,P. hasSizerDesc=false parents=DIV.dc-description>DIV.>DIV.>DIV.block-language-datacorejsx>DIV.el-pre
13:45:33.493 PP Notes/Kitsune.md cls= wrapper=false embed=null sizer=false connected=false kids=P.,P.,P.,P.,P.,P.,P.,P.,P.,P.,P.,P.,P. hasSizerDesc=false parents=DIV.dc-description>DIV.>DIV.>DIV.block-language-datacorejsx>DIV.el-pre
13:45:33.493 PP Notes/Nagaji.md cls= wrapper=false embed=null sizer=false connected=false kids=P.,P.,P.,P.,P.,P.,P. hasSizerDesc=false parents=DIV.dc-description>DIV.>DIV.>DIV.block-language-datacorejsx>DIV.el-pre
13:45:33.494 PP Notes/Orcs.md cls= wrapper=false embed=null sizer=false connected=false kids=P.,P.,P.,P. hasSizerDesc=false parents=DIV.dc-description>DIV.>DIV.>DIV.block-language-datacorejsx>DIV.el-pre
13:45:33.494 PP Notes/Tieflings.md cls= wrapper=false embed=null sizer=false connected=false kids=P.,P.,P.,P. hasSizerDesc=false parents=DIV.dc-description>DIV.>DIV.>DIV.block-language-datacorejsx>DIV.el-pre
13:45:33.495 PP Notes/Astya.md cls= wrapper=false embed=null sizer=true connected=true kids=P.,P.,P. hasSizerDesc=false parents=DIV.dc-description>DIV.>DIV.>DIV.block-language-datacorejsx>DIV.el-pre>DIV.markdown-preview-sizer.markdown-preview-section
13:45:33.495 V schedule render {"reason":"postprocessor","sourcePath":"Notes/Astya.md","hadPendingTimer":false,"sizerChildren":16}
13:45:33.495 PP Notes/Garotha.md cls= wrapper=false embed=null sizer=true connected=true kids=P.,P.,P. hasSizerDesc=false parents=DIV.dc-description>DIV.>DIV.>DIV.block-language-datacorejsx>DIV.el-pre>DIV.markdown-preview-sizer.markdown-preview-section
13:45:33.495 V schedule render {"reason":"postprocessor","sourcePath":"Notes/Garotha.md","hadPendingTimer":true,"sizerChildren":16}
13:45:33.496 PP Notes/Harath.md cls= wrapper=false embed=null sizer=true connected=true kids=P.,P.,P.,P.,P. hasSizerDesc=false parents=DIV.dc-description>DIV.>DIV.>DIV.block-language-datacorejsx>DIV.el-pre>DIV.markdown-preview-sizer.markdown-preview-section
13:45:33.496 V schedule render {"reason":"postprocessor","sourcePath":"Notes/Harath.md","hadPendingTimer":true,"sizerChildren":16}
13:45:33.496 PP Notes/Illithia.md cls= wrapper=false embed=null sizer=true connected=true kids=P.,P.,P. hasSizerDesc=false parents=DIV.dc-description>DIV.>DIV.>DIV.block-language-datacorejsx>DIV.el-pre>DIV.markdown-preview-sizer.markdown-preview-section
13:45:33.496 V schedule render {"reason":"postprocessor","sourcePath":"Notes/Illithia.md","hadPendingTimer":true,"sizerChildren":16}
13:45:33.497 PP Notes/Isle of Rivers.md cls= wrapper=false embed=null sizer=true connected=true kids=P.,P.,P. hasSizerDesc=false parents=DIV.dc-description>DIV.>DIV.>DIV.block-language-datacorejsx>DIV.el-pre>DIV.markdown-preview-sizer.markdown-preview-section
13:45:33.497 V schedule render {"reason":"postprocessor","sourcePath":"Notes/Isle of Rivers.md","hadPendingTimer":true,"sizerChildren":16}
13:45:33.497 PP Notes/Na-Boa.md cls= wrapper=false embed=null sizer=true connected=true kids=P.,P.,P. hasSizerDesc=false parents=DIV.dc-description>DIV.>DIV.>DIV.block-language-datacorejsx>DIV.el-pre>DIV.markdown-preview-sizer.markdown-preview-section
13:45:33.497 V schedule render {"reason":"postprocessor","sourcePath":"Notes/Na-Boa.md","hadPendingTimer":true,"sizerChildren":16}
13:45:33.498 PP Notes/Tasnan.md cls= wrapper=false embed=null sizer=true connected=true kids=P.,P.,P.,P.,P.,P.,P.,P.,P. hasSizerDesc=false parents=DIV.dc-description>DIV.>DIV.>DIV.block-language-datacorejsx>DIV.el-pre>DIV.markdown-preview-sizer.markdown-preview-section
13:45:33.498 V schedule render {"reason":"postprocessor","sourcePath":"Notes/Tasnan.md","hadPendingTimer":true,"sizerChildren":16}
13:45:33.499 PP Notes/The Bodin Union.md cls= wrapper=false embed=null sizer=true connected=true kids=P.,P.,P. hasSizerDesc=false parents=DIV.dc-description>DIV.>DIV.>DIV.block-language-datacorejsx>DIV.el-pre>DIV.markdown-preview-sizer.markdown-preview-section
13:45:33.499 V schedule render {"reason":"postprocessor","sourcePath":"Notes/The Bodin Union.md","hadPendingTimer":true,"sizerChildren":16}
13:45:33.500 PP Notes/The Breezes.md cls= wrapper=false embed=null sizer=true connected=true kids=P.,P.,P.,P. hasSizerDesc=false parents=DIV.dc-description>DIV.>DIV.>DIV.block-language-datacorejsx>DIV.el-pre>DIV.markdown-preview-sizer.markdown-preview-section
13:45:33.500 V schedule render {"reason":"postprocessor","sourcePath":"Notes/The Breezes.md","hadPendingTimer":true,"sizerChildren":16}
13:45:33.500 PP Notes/The Hassan Dynasty.md cls= wrapper=false embed=null sizer=true connected=true kids=P.,P.,P.,P.,P.,P. hasSizerDesc=false parents=DIV.dc-description>DIV.>DIV.>DIV.block-language-datacorejsx>DIV.el-pre>DIV.markdown-preview-sizer.markdown-preview-section
13:45:33.500 V schedule render {"reason":"postprocessor","sourcePath":"Notes/The Hassan Dynasty.md","hadPendingTimer":true,"sizerChildren":16}
13:45:33.502 PP Notes/Dwarves.md cls= wrapper=false embed=null sizer=false connected=false kids=P.,P.,P.,P.,P.,P.,P.,P.,H3.,P.,P.,P.,P.,P.,P.,P.,P.,H3.,P.,P.,P.,P.,P.,P. hasSizerDesc=false parents=DIV.dc-description>DIV.>DIV.>DIV.block-language-datacorejsx>DIV.el-pre
13:45:33.568 V render start {"reason":"postprocessor","token":208,"sourceHint":"Notes/The Hassan Dynasty.md","sizerConnected":true,"sizerChildren":16}
13:45:33.568 V render found no marker regions {"sourcePath":"Notes/The Hassan Dynasty.md"}
13:45:34.102 PP 📋 Jobs.md cls=el-h1 wrapper=false embed=null sizer=false connected=false kids=H1. hasSizerDesc=false parents=
13:45:34.102 V schedule render {"reason":"postprocessor","sourcePath":"📋 Jobs.md","hadPendingTimer":false,"sizerChildren":0}
13:45:34.104 PP 📋 Jobs.md cls=el-pre wrapper=false embed=null sizer=false connected=false kids=DIV.block-language-datacorejsx hasSizerDesc=false parents=
13:45:34.104 V schedule render {"reason":"postprocessor","sourcePath":"📋 Jobs.md","hadPendingTimer":true,"sizerChildren":0}
13:45:34.134 V render start {"reason":"postprocessor","token":209,"sourceHint":"📋 Jobs.md","sizerConnected":true,"sizerChildren":5}
13:45:34.134 V render found no marker regions {"sourcePath":"📋 Jobs.md"}
13:45:34.140 V schedule render {"reason":"layout-change","sourcePath":"📋 Jobs.md","hadPendingTimer":false,"sizerChildren":5}
13:45:34.190 PP Notes/Caravan Job.md cls= wrapper=false embed=null sizer=true connected=true kids=P.,P.,P.,P. hasSizerDesc=false parents=DIV.dc-description>DIV.>DIV.>DIV.>DIV.block-language-datacorejsx>DIV.el-pre
13:45:34.190 V schedule render {"reason":"postprocessor","sourcePath":"Notes/Caravan Job.md","hadPendingTimer":true,"sizerChildren":5}
13:45:34.190 PP Notes/Clear Keep Clearwater.md cls= wrapper=false embed=null sizer=true connected=true kids=P.,P. hasSizerDesc=false parents=DIV.dc-description>DIV.>DIV.>DIV.>DIV.block-language-datacorejsx>DIV.el-pre
13:45:34.190 V schedule render {"reason":"postprocessor","sourcePath":"Notes/Clear Keep Clearwater.md","hadPendingTimer":true,"sizerChildren":5}
13:45:34.191 PP Notes/Beast Hunt.md cls= wrapper=false embed=null sizer=true connected=true kids=P.,P.,H2.,P.,P. hasSizerDesc=false parents=DIV.dc-description>DIV.>DIV.>DIV.>DIV.block-language-datacorejsx>DIV.el-pre
13:45:34.191 V schedule render {"reason":"postprocessor","sourcePath":"Notes/Beast Hunt.md","hadPendingTimer":true,"sizerChildren":5}
13:45:34.192 PP Notes/Incendiary Dreams.md cls= wrapper=false embed=null sizer=true connected=true kids=P.,P.,H2.,P. hasSizerDesc=false parents=DIV.dc-description>DIV.>DIV.>DIV.>DIV.block-language-datacorejsx>DIV.el-pre
13:45:34.192 V schedule render {"reason":"postprocessor","sourcePath":"Notes/Incendiary Dreams.md","hadPendingTimer":true,"sizerChildren":5}
13:45:34.201 V render start {"reason":"postprocessor","token":210,"sourceHint":"Notes/Incendiary Dreams.md","sizerConnected":true,"sizerChildren":5}
13:45:34.201 V render found no marker regions {"sourcePath":"Notes/Incendiary Dreams.md"}
13:45:34.935 PP Notes/Beast Hunt.md cls=el-pre mod-frontmatter mod-ui wrapper=false embed=null sizer=false connected=false kids=PRE.frontmatter hasSizerDesc=false parents=
13:45:34.936 PP Notes/Beast Hunt.md cls=el-h1 wrapper=false embed=null sizer=false connected=false kids=H1. hasSizerDesc=false parents=
13:45:34.936 PP Notes/Beast Hunt.md cls=el-p wrapper=false embed=null sizer=false connected=false kids=P. hasSizerDesc=false parents=
13:45:34.938 PP Notes/Beast Hunt.md cls=el-p wrapper=false embed=null sizer=false connected=false kids=P. hasSizerDesc=false parents=
13:45:34.938 PP Notes/Beast Hunt.md cls=el-h2 wrapper=false embed=null sizer=false connected=false kids=H2. hasSizerDesc=false parents=
13:45:34.938 PP Notes/Beast Hunt.md cls=el-p wrapper=false embed=null sizer=false connected=false kids=P. hasSizerDesc=false parents=
13:45:34.938 PP Notes/Beast Hunt.md cls=el-p wrapper=false embed=null sizer=false connected=false kids=P. hasSizerDesc=false parents=
13:45:37.191 PP Notes/Dawn's Promise.md cls=el-pre mod-frontmatter mod-ui wrapper=false embed=null sizer=false connected=false kids=PRE.frontmatter hasSizerDesc=false parents=
13:45:37.192 PP Notes/Dawn's Promise.md cls=el-h1 wrapper=false embed=null sizer=false connected=false kids=H1. hasSizerDesc=false parents=
13:45:37.192 PP Notes/Dawn's Promise.md cls=el-p wrapper=false embed=null sizer=false connected=false kids=P. hasSizerDesc=false parents=
13:45:37.193 PP Notes/Dawn's Promise.md cls=el-h2 wrapper=false embed=null sizer=false connected=false kids=H2. hasSizerDesc=false parents=
13:45:37.193 PP Notes/Dawn's Promise.md cls=el-ul wrapper=false embed=null sizer=false connected=false kids=UL.has-list-bullet hasSizerDesc=false parents=
13:45:37.194 PP Notes/Dawn's Promise.md cls=el-h2 wrapper=false embed=null sizer=false connected=false kids=H2. hasSizerDesc=false parents=
13:45:37.194 PP Notes/Dawn's Promise.md cls=el-ul wrapper=false embed=null sizer=false connected=false kids=UL.has-list-bullet hasSizerDesc=false parents=
13:45:37.194 PP Notes/Dawn's Promise.md cls=el-h2 wrapper=false embed=null sizer=false connected=false kids=H2. hasSizerDesc=false parents=
13:45:37.195 PP Notes/Dawn's Promise.md cls=el-h5 wrapper=false embed=null sizer=false connected=false kids=H5. hasSizerDesc=false parents=
13:45:37.195 PP Notes/Dawn's Promise.md cls=el-ul wrapper=false embed=null sizer=false connected=false kids=UL.has-list-bullet hasSizerDesc=false parents=
13:45:37.195 PP Notes/Dawn's Promise.md cls=el-h5 wrapper=false embed=null sizer=false connected=false kids=H5. hasSizerDesc=false parents=
13:45:37.195 PP Notes/Dawn's Promise.md cls=el-ul wrapper=false embed=null sizer=false connected=false kids=UL.has-list-bullet hasSizerDesc=false parents=
13:45:42.579 PP Notes/Caravan Job.md cls=el-pre mod-frontmatter mod-ui wrapper=false embed=null sizer=false connected=false kids=PRE.frontmatter hasSizerDesc=false parents=
13:45:42.580 PP Notes/Caravan Job.md cls=el-h1 wrapper=false embed=null sizer=false connected=false kids=H1. hasSizerDesc=false parents=
13:45:42.580 PP Notes/Caravan Job.md cls=el-p wrapper=false embed=null sizer=false connected=false kids=P. hasSizerDesc=false parents=
13:45:42.580 PP Notes/Caravan Job.md cls=el-p wrapper=false embed=null sizer=false connected=false kids=P. hasSizerDesc=false parents=
13:45:42.581 PP Notes/Caravan Job.md cls=el-p wrapper=false embed=null sizer=false connected=false kids=P. hasSizerDesc=false parents=
13:45:42.581 PP Notes/Caravan Job.md cls=el-p wrapper=false embed=null sizer=false connected=false kids=P. hasSizerDesc=false parents=
13:46:55.610 PP  cls=setting-item-description wrapper=false embed=null sizer=false connected=true kids=P. hasSizerDesc=false parents=DIV.setting-item-info>DIV.setting-item.style-settings-info-text>DIV.style-settings-container>DIV.style-settings-container>DIV.>DIV.vertical-tab-content
13:46:55.610 PP  cls=setting-item-description wrapper=false embed=null sizer=false connected=true kids=P. hasSizerDesc=false parents=DIV.setting-item-info>DIV.setting-item.style-settings-info-text>DIV.style-settings-container>DIV.style-settings-container>DIV.>DIV.vertical-tab-content
13:46:55.611 PP  cls=setting-item-description wrapper=false embed=null sizer=false connected=true kids=P. hasSizerDesc=false parents=DIV.setting-item-info>DIV.setting-item.style-settings-info-text>DIV.style-settings-container>DIV.style-settings-container>DIV.>DIV.vertical-tab-content
13:47:00.587 PP  cls=setting-item-description wrapper=false embed=null sizer=false connected=true kids=P. hasSizerDesc=false parents=DIV.setting-item-info>DIV.setting-item.style-settings-info-text>DIV.style-settings-container>DIV.style-settings-container>DIV.style-settings-container>DIV.
13:47:38.990 PP 🌎 Ekoris.md cls=el-pre mod-frontmatter mod-ui wrapper=false embed=null sizer=false connected=false kids=PRE.frontmatter hasSizerDesc=false parents=
13:47:38.990 V schedule render {"reason":"postprocessor","sourcePath":"🌎 Ekoris.md","hadPendingTimer":false,"sizerChildren":0}
13:47:38.991 PP 🌎 Ekoris.md cls=el-h1 wrapper=false embed=null sizer=false connected=false kids=H1. hasSizerDesc=false parents=
13:47:38.991 V schedule render {"reason":"postprocessor","sourcePath":"🌎 Ekoris.md","hadPendingTimer":true,"sizerChildren":0}
13:47:38.991 PP 🌎 Ekoris.md cls=el-p wrapper=false embed=null sizer=false connected=false kids=P. hasSizerDesc=false parents=
13:47:38.991 V schedule render {"reason":"postprocessor","sourcePath":"🌎 Ekoris.md","hadPendingTimer":true,"sizerChildren":0}
13:47:38.991 PP 🌎 Ekoris.md cls=el-p wrapper=false embed=null sizer=false connected=false kids=P. hasSizerDesc=false parents=
13:47:38.991 V schedule render {"reason":"postprocessor","sourcePath":"🌎 Ekoris.md","hadPendingTimer":true,"sizerChildren":0}
13:47:38.991 PP 🌎 Ekoris.md cls=el-p wrapper=false embed=null sizer=false connected=false kids=P. hasSizerDesc=false parents=
13:47:38.991 V schedule render {"reason":"postprocessor","sourcePath":"🌎 Ekoris.md","hadPendingTimer":true,"sizerChildren":0}
13:47:38.992 PP 🌎 Ekoris.md cls=el-p wrapper=false embed=null sizer=false connected=false kids=P. hasSizerDesc=false parents=
13:47:38.992 V schedule render {"reason":"postprocessor","sourcePath":"🌎 Ekoris.md","hadPendingTimer":true,"sizerChildren":0}
13:47:38.992 PP 🌎 Ekoris.md cls=el-p wrapper=false embed=null sizer=false connected=false kids=P. hasSizerDesc=false parents=
13:47:38.992 V schedule render {"reason":"postprocessor","sourcePath":"🌎 Ekoris.md","hadPendingTimer":true,"sizerChildren":0}
13:47:38.992 PP 🌎 Ekoris.md cls=el-h1 wrapper=false embed=null sizer=false connected=false kids=H1. hasSizerDesc=false parents=
13:47:38.992 V schedule render {"reason":"postprocessor","sourcePath":"🌎 Ekoris.md","hadPendingTimer":true,"sizerChildren":0}
13:47:38.992 PP 🌎 Ekoris.md cls=el-p wrapper=false embed=null sizer=false connected=false kids=P. hasSizerDesc=false parents=
13:47:38.992 V schedule render {"reason":"postprocessor","sourcePath":"🌎 Ekoris.md","hadPendingTimer":true,"sizerChildren":0}
13:47:38.992 PP 🌎 Ekoris.md cls=el-p wrapper=false embed=null sizer=false connected=false kids=P. hasSizerDesc=false parents=
13:47:38.992 V schedule render {"reason":"postprocessor","sourcePath":"🌎 Ekoris.md","hadPendingTimer":true,"sizerChildren":0}
13:47:38.993 PP 🌎 Ekoris.md cls=el-table wrapper=false embed=null sizer=false connected=false kids=TABLE. hasSizerDesc=false parents=
13:47:38.993 V schedule render {"reason":"postprocessor","sourcePath":"🌎 Ekoris.md","hadPendingTimer":true,"sizerChildren":0}
13:47:38.993 PP 🌎 Ekoris.md cls=el-h1 wrapper=false embed=null sizer=false connected=false kids=H1. hasSizerDesc=false parents=
13:47:38.993 V schedule render {"reason":"postprocessor","sourcePath":"🌎 Ekoris.md","hadPendingTimer":true,"sizerChildren":0}
13:47:38.994 PP 🌎 Ekoris.md cls=el-pre wrapper=false embed=null sizer=false connected=false kids=DIV.block-language-datacorejsx hasSizerDesc=false parents=
13:47:38.994 V schedule render {"reason":"postprocessor","sourcePath":"🌎 Ekoris.md","hadPendingTimer":true,"sizerChildren":0}
13:47:38.994 PP 🌎 Ekoris.md cls=el-h1 wrapper=false embed=null sizer=false connected=false kids=H1. hasSizerDesc=false parents=
13:47:38.994 V schedule render {"reason":"postprocessor","sourcePath":"🌎 Ekoris.md","hadPendingTimer":true,"sizerChildren":0}
13:47:38.995 PP 🌎 Ekoris.md cls=el-pre wrapper=false embed=null sizer=false connected=false kids=DIV.block-language-datacorejsx hasSizerDesc=false parents=
13:47:38.995 V schedule render {"reason":"postprocessor","sourcePath":"🌎 Ekoris.md","hadPendingTimer":true,"sizerChildren":0}
13:47:39.062 V render start {"reason":"postprocessor","token":211,"sourceHint":"🌎 Ekoris.md","sizerConnected":true,"sizerChildren":18}
13:47:39.062 V render found no marker regions {"sourcePath":"🌎 Ekoris.md"}
13:47:39.105 V schedule render {"reason":"layout-change","sourcePath":"🌎 Ekoris.md","hadPendingTimer":false,"sizerChildren":16}
13:47:39.428 V render start {"reason":"layout-change","token":212,"sourceHint":"🌎 Ekoris.md","sizerConnected":true,"sizerChildren":16}
13:47:39.428 V render found no marker regions {"sourcePath":"🌎 Ekoris.md"}
13:47:39.502 PP Notes/Aasimar.md cls= wrapper=false embed=null sizer=false connected=false kids=P.,P.,P.,P. hasSizerDesc=false parents=DIV.dc-description>DIV.>DIV.>DIV.block-language-datacorejsx>DIV.el-pre
13:47:39.504 PP Notes/Catfolk.md cls= wrapper=false embed=null sizer=false connected=false kids=P.,P.,P.,P.,P.,P. hasSizerDesc=false parents=DIV.dc-description>DIV.>DIV.>DIV.block-language-datacorejsx>DIV.el-pre
13:47:39.510 PP Notes/Drow.md cls= wrapper=false embed=null sizer=false connected=false kids=P.,P.,P.,P.,P.,P.,P.,P.,P. hasSizerDesc=false parents=DIV.dc-description>DIV.>DIV.>DIV.block-language-datacorejsx>DIV.el-pre
13:47:39.511 PP Notes/Star Elves.md cls= wrapper=false embed=null sizer=false connected=false kids=P.,P.,P.,P.,P. hasSizerDesc=false parents=DIV.dc-description>DIV.>DIV.>DIV.block-language-datacorejsx>DIV.el-pre
13:47:39.511 PP Notes/Sun Elves.md cls= wrapper=false embed=null sizer=false connected=false kids=P.,P.,P.,P.,P. hasSizerDesc=false parents=DIV.dc-description>DIV.>DIV.>DIV.block-language-datacorejsx>DIV.el-pre
13:47:39.512 PP Notes/Wild Elves.md cls= wrapper=false embed=null sizer=false connected=false kids=P.,P.,P.,P.,P.,P.,P. hasSizerDesc=false parents=DIV.dc-description>DIV.>DIV.>DIV.block-language-datacorejsx>DIV.el-pre
13:47:39.513 PP Notes/Gnolls.md cls= wrapper=false embed=null sizer=false connected=false kids=P.,P.,P.,P.,P.,P.,P.,P.,P. hasSizerDesc=false parents=DIV.dc-description>DIV.>DIV.>DIV.block-language-datacorejsx>DIV.el-pre
13:47:39.513 PP Notes/Humans.md cls= wrapper=false embed=null sizer=false connected=false kids=P.,P. hasSizerDesc=false parents=DIV.dc-description>DIV.>DIV.>DIV.block-language-datacorejsx>DIV.el-pre
13:47:39.515 PP Notes/Kitsune.md cls= wrapper=false embed=null sizer=false connected=false kids=P.,P.,P.,P.,P.,P.,P.,P.,P.,P.,P.,P.,P. hasSizerDesc=false parents=DIV.dc-description>DIV.>DIV.>DIV.block-language-datacorejsx>DIV.el-pre
13:47:39.515 PP Notes/Nagaji.md cls= wrapper=false embed=null sizer=false connected=false kids=P.,P.,P.,P.,P.,P.,P. hasSizerDesc=false parents=DIV.dc-description>DIV.>DIV.>DIV.block-language-datacorejsx>DIV.el-pre
13:47:39.516 PP Notes/Orcs.md cls= wrapper=false embed=null sizer=false connected=false kids=P.,P.,P.,P. hasSizerDesc=false parents=DIV.dc-description>DIV.>DIV.>DIV.block-language-datacorejsx>DIV.el-pre
13:47:39.516 PP Notes/Tieflings.md cls= wrapper=false embed=null sizer=false connected=false kids=P.,P.,P.,P. hasSizerDesc=false parents=DIV.dc-description>DIV.>DIV.>DIV.block-language-datacorejsx>DIV.el-pre
13:47:39.516 PP Notes/Astya.md cls= wrapper=false embed=null sizer=true connected=true kids=P.,P.,P. hasSizerDesc=false parents=DIV.dc-description>DIV.>DIV.>DIV.block-language-datacorejsx>DIV.el-pre>DIV.markdown-preview-sizer.markdown-preview-section
13:47:39.516 V schedule render {"reason":"postprocessor","sourcePath":"Notes/Astya.md","hadPendingTimer":false,"sizerChildren":16}
13:47:39.517 PP Notes/Garotha.md cls= wrapper=false embed=null sizer=true connected=true kids=P.,P.,P. hasSizerDesc=false parents=DIV.dc-description>DIV.>DIV.>DIV.block-language-datacorejsx>DIV.el-pre>DIV.markdown-preview-sizer.markdown-preview-section
13:47:39.517 V schedule render {"reason":"postprocessor","sourcePath":"Notes/Garotha.md","hadPendingTimer":true,"sizerChildren":16}
13:47:39.517 PP Notes/Harath.md cls= wrapper=false embed=null sizer=true connected=true kids=P.,P.,P.,P.,P. hasSizerDesc=false parents=DIV.dc-description>DIV.>DIV.>DIV.block-language-datacorejsx>DIV.el-pre>DIV.markdown-preview-sizer.markdown-preview-section
13:47:39.517 V schedule render {"reason":"postprocessor","sourcePath":"Notes/Harath.md","hadPendingTimer":true,"sizerChildren":16}
13:47:39.517 PP Notes/Illithia.md cls= wrapper=false embed=null sizer=true connected=true kids=P.,P.,P. hasSizerDesc=false parents=DIV.dc-description>DIV.>DIV.>DIV.block-language-datacorejsx>DIV.el-pre>DIV.markdown-preview-sizer.markdown-preview-section
13:47:39.517 V schedule render {"reason":"postprocessor","sourcePath":"Notes/Illithia.md","hadPendingTimer":true,"sizerChildren":16}
13:47:39.518 PP Notes/Isle of Rivers.md cls= wrapper=false embed=null sizer=true connected=true kids=P.,P.,P. hasSizerDesc=false parents=DIV.dc-description>DIV.>DIV.>DIV.block-language-datacorejsx>DIV.el-pre>DIV.markdown-preview-sizer.markdown-preview-section
13:47:39.518 V schedule render {"reason":"postprocessor","sourcePath":"Notes/Isle of Rivers.md","hadPendingTimer":true,"sizerChildren":16}
13:47:39.519 PP Notes/Na-Boa.md cls= wrapper=false embed=null sizer=true connected=true kids=P.,P.,P. hasSizerDesc=false parents=DIV.dc-description>DIV.>DIV.>DIV.block-language-datacorejsx>DIV.el-pre>DIV.markdown-preview-sizer.markdown-preview-section
13:47:39.519 V schedule render {"reason":"postprocessor","sourcePath":"Notes/Na-Boa.md","hadPendingTimer":true,"sizerChildren":16}
13:47:39.520 PP Notes/Tasnan.md cls= wrapper=false embed=null sizer=true connected=true kids=P.,P.,P.,P.,P.,P.,P.,P.,P. hasSizerDesc=false parents=DIV.dc-description>DIV.>DIV.>DIV.block-language-datacorejsx>DIV.el-pre>DIV.markdown-preview-sizer.markdown-preview-section
13:47:39.520 V schedule render {"reason":"postprocessor","sourcePath":"Notes/Tasnan.md","hadPendingTimer":true,"sizerChildren":16}
13:47:39.520 PP Notes/The Bodin Union.md cls= wrapper=false embed=null sizer=true connected=true kids=P.,P.,P. hasSizerDesc=false parents=DIV.dc-description>DIV.>DIV.>DIV.block-language-datacorejsx>DIV.el-pre>DIV.markdown-preview-sizer.markdown-preview-section
13:47:39.520 V schedule render {"reason":"postprocessor","sourcePath":"Notes/The Bodin Union.md","hadPendingTimer":true,"sizerChildren":16}
13:47:39.521 PP Notes/The Breezes.md cls= wrapper=false embed=null sizer=true connected=true kids=P.,P.,P.,P. hasSizerDesc=false parents=DIV.dc-description>DIV.>DIV.>DIV.block-language-datacorejsx>DIV.el-pre>DIV.markdown-preview-sizer.markdown-preview-section
13:47:39.521 V schedule render {"reason":"postprocessor","sourcePath":"Notes/The Breezes.md","hadPendingTimer":true,"sizerChildren":16}
13:47:39.522 PP Notes/The Hassan Dynasty.md cls= wrapper=false embed=null sizer=true connected=true kids=P.,P.,P.,P.,P.,P. hasSizerDesc=false parents=DIV.dc-description>DIV.>DIV.>DIV.block-language-datacorejsx>DIV.el-pre>DIV.markdown-preview-sizer.markdown-preview-section
13:47:39.522 V schedule render {"reason":"postprocessor","sourcePath":"Notes/The Hassan Dynasty.md","hadPendingTimer":true,"sizerChildren":16}
13:47:39.524 PP Notes/Dwarves.md cls= wrapper=false embed=null sizer=false connected=false kids=P.,P.,P.,P.,P.,P.,P.,P.,H3.,P.,P.,P.,P.,P.,P.,P.,P.,H3.,P.,P.,P.,P.,P.,P. hasSizerDesc=false parents=DIV.dc-description>DIV.>DIV.>DIV.block-language-datacorejsx>DIV.el-pre
13:47:39.581 V render start {"reason":"postprocessor","token":213,"sourceHint":"Notes/The Hassan Dynasty.md","sizerConnected":true,"sizerChildren":16}
13:47:39.581 V render found no marker regions {"sourcePath":"Notes/The Hassan Dynasty.md"}
13:47:53.921 PP Notes/Aasimar.md cls=el-pre mod-frontmatter mod-ui wrapper=false embed=null sizer=false connected=false kids=PRE.frontmatter hasSizerDesc=false parents=
13:47:53.922 PP Notes/Aasimar.md cls=el-h1 wrapper=false embed=null sizer=false connected=false kids=H1. hasSizerDesc=false parents=
13:47:53.922 PP Notes/Aasimar.md cls=el-p wrapper=false embed=null sizer=false connected=false kids=P. hasSizerDesc=false parents=
13:47:53.922 PP Notes/Aasimar.md cls=el-p wrapper=false embed=null sizer=false connected=false kids=P. hasSizerDesc=false parents=
13:47:53.922 PP Notes/Aasimar.md cls=el-p wrapper=false embed=null sizer=false connected=false kids=P. hasSizerDesc=false parents=
13:47:53.922 PP Notes/Aasimar.md cls=el-p wrapper=false embed=null sizer=false connected=false kids=P. hasSizerDesc=false parents=
13:48:38.993 V schedule render {"reason":"layout-change","sourcePath":"🌎 Ekoris.md","hadPendingTimer":false,"sizerChildren":3}
13:48:39.177 V render start {"reason":"layout-change","token":214,"sourceHint":"🌎 Ekoris.md","sizerConnected":true,"sizerChildren":3}
13:48:39.177 V render found no marker regions {"sourcePath":"🌎 Ekoris.md"}
13:48:43.993 V schedule render {"reason":"file-modified","sourcePath":"🌎 Ekoris.md","hadPendingTimer":false,"sizerChildren":3}
13:48:44.144 V render start {"reason":"file-modified","token":215,"sourceHint":"🌎 Ekoris.md","sizerConnected":true,"sizerChildren":3}
13:48:44.144 V render found no marker regions {"sourcePath":"🌎 Ekoris.md"}
13:48:47.781 V schedule render {"reason":"file-modified","sourcePath":"🌎 Ekoris.md","hadPendingTimer":false,"sizerChildren":3}
13:48:47.826 PP 🌎 Ekoris.md cls=el-pre wrapper=false embed=null sizer=false connected=false kids=DIV.block-language-datacorejsx hasSizerDesc=false parents=
13:48:47.826 V schedule render {"reason":"postprocessor","sourcePath":"🌎 Ekoris.md","hadPendingTimer":true,"sizerChildren":3}
13:48:47.827 PP 🌎 Ekoris.md cls=el-pre wrapper=false embed=null sizer=false connected=false kids=DIV.block-language-datacorejsx hasSizerDesc=false parents=
13:48:47.827 V schedule render {"reason":"postprocessor","sourcePath":"🌎 Ekoris.md","hadPendingTimer":true,"sizerChildren":3}
13:48:47.904 V render start {"reason":"postprocessor","token":216,"sourceHint":"🌎 Ekoris.md","sizerConnected":true,"sizerChildren":10}
13:48:47.905 V render found no marker regions {"sourcePath":"🌎 Ekoris.md"}
13:48:47.933 V schedule render {"reason":"layout-change","sourcePath":"🌎 Ekoris.md","hadPendingTimer":false,"sizerChildren":10}
13:48:48.248 V render start {"reason":"layout-change","token":217,"sourceHint":"🌎 Ekoris.md","sizerConnected":true,"sizerChildren":10}
13:48:48.248 V render found no marker regions {"sourcePath":"🌎 Ekoris.md"}
13:48:48.295 PP Notes/Aasimar.md cls= wrapper=false embed=null sizer=true connected=true kids=P.,P.,P.,P. hasSizerDesc=false parents=DIV.dc-description>DIV.>DIV.>DIV.block-language-datacorejsx>DIV.el-pre>DIV.markdown-preview-sizer.markdown-preview-section
13:48:48.295 V schedule render {"reason":"postprocessor","sourcePath":"Notes/Aasimar.md","hadPendingTimer":false,"sizerChildren":10}
13:48:48.296 PP Notes/Catfolk.md cls= wrapper=false embed=null sizer=true connected=true kids=P.,P.,P.,P.,P.,P. hasSizerDesc=false parents=DIV.dc-description>DIV.>DIV.>DIV.block-language-datacorejsx>DIV.el-pre>DIV.markdown-preview-sizer.markdown-preview-section
13:48:48.296 V schedule render {"reason":"postprocessor","sourcePath":"Notes/Catfolk.md","hadPendingTimer":true,"sizerChildren":10}
13:48:48.297 PP Notes/Drow.md cls= wrapper=false embed=null sizer=true connected=true kids=P.,P.,P.,P.,P.,P.,P.,P.,P. hasSizerDesc=false parents=DIV.dc-description>DIV.>DIV.>DIV.block-language-datacorejsx>DIV.el-pre>DIV.markdown-preview-sizer.markdown-preview-section
13:48:48.297 V schedule render {"reason":"postprocessor","sourcePath":"Notes/Drow.md","hadPendingTimer":true,"sizerChildren":10}
13:48:48.297 PP Notes/Star Elves.md cls= wrapper=false embed=null sizer=true connected=true kids=P.,P.,P.,P.,P. hasSizerDesc=false parents=DIV.dc-description>DIV.>DIV.>DIV.block-language-datacorejsx>DIV.el-pre>DIV.markdown-preview-sizer.markdown-preview-section
13:48:48.297 V schedule render {"reason":"postprocessor","sourcePath":"Notes/Star Elves.md","hadPendingTimer":true,"sizerChildren":10}
13:48:48.297 PP Notes/Sun Elves.md cls= wrapper=false embed=null sizer=true connected=true kids=P.,P.,P.,P.,P. hasSizerDesc=false parents=DIV.dc-description>DIV.>DIV.>DIV.block-language-datacorejsx>DIV.el-pre>DIV.markdown-preview-sizer.markdown-preview-section
13:48:48.297 V schedule render {"reason":"postprocessor","sourcePath":"Notes/Sun Elves.md","hadPendingTimer":true,"sizerChildren":10}
13:48:48.298 PP Notes/Wild Elves.md cls= wrapper=false embed=null sizer=true connected=true kids=P.,P.,P.,P.,P.,P.,P. hasSizerDesc=false parents=DIV.dc-description>DIV.>DIV.>DIV.block-language-datacorejsx>DIV.el-pre>DIV.markdown-preview-sizer.markdown-preview-section
13:48:48.298 V schedule render {"reason":"postprocessor","sourcePath":"Notes/Wild Elves.md","hadPendingTimer":true,"sizerChildren":10}
13:48:48.299 PP Notes/Gnolls.md cls= wrapper=false embed=null sizer=true connected=true kids=P.,P.,P.,P.,P.,P.,P.,P.,P. hasSizerDesc=false parents=DIV.dc-description>DIV.>DIV.>DIV.block-language-datacorejsx>DIV.el-pre>DIV.markdown-preview-sizer.markdown-preview-section
13:48:48.299 V schedule render {"reason":"postprocessor","sourcePath":"Notes/Gnolls.md","hadPendingTimer":true,"sizerChildren":10}
13:48:48.299 PP Notes/Humans.md cls= wrapper=false embed=null sizer=true connected=true kids=P.,P. hasSizerDesc=false parents=DIV.dc-description>DIV.>DIV.>DIV.block-language-datacorejsx>DIV.el-pre>DIV.markdown-preview-sizer.markdown-preview-section
13:48:48.299 V schedule render {"reason":"postprocessor","sourcePath":"Notes/Humans.md","hadPendingTimer":true,"sizerChildren":10}
13:48:48.300 PP Notes/Kitsune.md cls= wrapper=false embed=null sizer=true connected=true kids=P.,P.,P.,P.,P.,P.,P.,P.,P.,P.,P.,P.,P. hasSizerDesc=false parents=DIV.dc-description>DIV.>DIV.>DIV.block-language-datacorejsx>DIV.el-pre>DIV.markdown-preview-sizer.markdown-preview-section
13:48:48.300 V schedule render {"reason":"postprocessor","sourcePath":"Notes/Kitsune.md","hadPendingTimer":true,"sizerChildren":10}
13:48:48.301 PP Notes/Nagaji.md cls= wrapper=false embed=null sizer=true connected=true kids=P.,P.,P.,P.,P.,P.,P. hasSizerDesc=false parents=DIV.dc-description>DIV.>DIV.>DIV.block-language-datacorejsx>DIV.el-pre>DIV.markdown-preview-sizer.markdown-preview-section
13:48:48.301 V schedule render {"reason":"postprocessor","sourcePath":"Notes/Nagaji.md","hadPendingTimer":true,"sizerChildren":10}
13:48:48.301 PP Notes/Orcs.md cls= wrapper=false embed=null sizer=true connected=true kids=P.,P.,P.,P. hasSizerDesc=false parents=DIV.dc-description>DIV.>DIV.>DIV.block-language-datacorejsx>DIV.el-pre>DIV.markdown-preview-sizer.markdown-preview-section
13:48:48.301 V schedule render {"reason":"postprocessor","sourcePath":"Notes/Orcs.md","hadPendingTimer":true,"sizerChildren":10}
13:48:48.301 PP Notes/Tieflings.md cls= wrapper=false embed=null sizer=true connected=true kids=P.,P.,P.,P. hasSizerDesc=false parents=DIV.dc-description>DIV.>DIV.>DIV.block-language-datacorejsx>DIV.el-pre>DIV.markdown-preview-sizer.markdown-preview-section
13:48:48.301 V schedule render {"reason":"postprocessor","sourcePath":"Notes/Tieflings.md","hadPendingTimer":true,"sizerChildren":10}
13:48:48.302 PP Notes/Astya.md cls= wrapper=false embed=null sizer=true connected=true kids=P.,P.,P. hasSizerDesc=false parents=DIV.dc-description>DIV.>DIV.>DIV.block-language-datacorejsx>DIV.el-pre>DIV.markdown-preview-sizer.markdown-preview-section
13:48:48.302 V schedule render {"reason":"postprocessor","sourcePath":"Notes/Astya.md","hadPendingTimer":true,"sizerChildren":10}
13:48:48.303 PP Notes/Garotha.md cls= wrapper=false embed=null sizer=true connected=true kids=P.,P.,P. hasSizerDesc=false parents=DIV.dc-description>DIV.>DIV.>DIV.block-language-datacorejsx>DIV.el-pre>DIV.markdown-preview-sizer.markdown-preview-section
13:48:48.303 V schedule render {"reason":"postprocessor","sourcePath":"Notes/Garotha.md","hadPendingTimer":true,"sizerChildren":10}
13:48:48.303 PP Notes/Harath.md cls= wrapper=false embed=null sizer=true connected=true kids=P.,P.,P.,P.,P. hasSizerDesc=false parents=DIV.dc-description>DIV.>DIV.>DIV.block-language-datacorejsx>DIV.el-pre>DIV.markdown-preview-sizer.markdown-preview-section
13:48:48.303 V schedule render {"reason":"postprocessor","sourcePath":"Notes/Harath.md","hadPendingTimer":true,"sizerChildren":10}
13:48:48.303 PP Notes/Illithia.md cls= wrapper=false embed=null sizer=true connected=true kids=P.,P.,P. hasSizerDesc=false parents=DIV.dc-description>DIV.>DIV.>DIV.block-language-datacorejsx>DIV.el-pre>DIV.markdown-preview-sizer.markdown-preview-section
13:48:48.303 V schedule render {"reason":"postprocessor","sourcePath":"Notes/Illithia.md","hadPendingTimer":true,"sizerChildren":10}
13:48:48.304 PP Notes/Isle of Rivers.md cls= wrapper=false embed=null sizer=true connected=true kids=P.,P.,P. hasSizerDesc=false parents=DIV.dc-description>DIV.>DIV.>DIV.block-language-datacorejsx>DIV.el-pre>DIV.markdown-preview-sizer.markdown-preview-section
13:48:48.304 V schedule render {"reason":"postprocessor","sourcePath":"Notes/Isle of Rivers.md","hadPendingTimer":true,"sizerChildren":10}
13:48:48.304 PP Notes/Na-Boa.md cls= wrapper=false embed=null sizer=true connected=true kids=P.,P.,P. hasSizerDesc=false parents=DIV.dc-description>DIV.>DIV.>DIV.block-language-datacorejsx>DIV.el-pre>DIV.markdown-preview-sizer.markdown-preview-section
13:48:48.304 V schedule render {"reason":"postprocessor","sourcePath":"Notes/Na-Boa.md","hadPendingTimer":true,"sizerChildren":10}
13:48:48.305 PP Notes/Tasnan.md cls= wrapper=false embed=null sizer=true connected=true kids=P.,P.,P.,P.,P.,P.,P.,P.,P. hasSizerDesc=false parents=DIV.dc-description>DIV.>DIV.>DIV.block-language-datacorejsx>DIV.el-pre>DIV.markdown-preview-sizer.markdown-preview-section
13:48:48.305 V schedule render {"reason":"postprocessor","sourcePath":"Notes/Tasnan.md","hadPendingTimer":true,"sizerChildren":10}
13:48:48.306 PP Notes/The Bodin Union.md cls= wrapper=false embed=null sizer=true connected=true kids=P.,P.,P. hasSizerDesc=false parents=DIV.dc-description>DIV.>DIV.>DIV.block-language-datacorejsx>DIV.el-pre>DIV.markdown-preview-sizer.markdown-preview-section
13:48:48.306 V schedule render {"reason":"postprocessor","sourcePath":"Notes/The Bodin Union.md","hadPendingTimer":true,"sizerChildren":10}
13:48:48.306 PP Notes/The Breezes.md cls= wrapper=false embed=null sizer=true connected=true kids=P.,P.,P.,P. hasSizerDesc=false parents=DIV.dc-description>DIV.>DIV.>DIV.block-language-datacorejsx>DIV.el-pre>DIV.markdown-preview-sizer.markdown-preview-section
13:48:48.306 V schedule render {"reason":"postprocessor","sourcePath":"Notes/The Breezes.md","hadPendingTimer":true,"sizerChildren":10}
13:48:48.307 PP Notes/The Hassan Dynasty.md cls= wrapper=false embed=null sizer=true connected=true kids=P.,P.,P.,P.,P.,P. hasSizerDesc=false parents=DIV.dc-description>DIV.>DIV.>DIV.block-language-datacorejsx>DIV.el-pre>DIV.markdown-preview-sizer.markdown-preview-section
13:48:48.307 V schedule render {"reason":"postprocessor","sourcePath":"Notes/The Hassan Dynasty.md","hadPendingTimer":true,"sizerChildren":10}
13:48:48.309 PP Notes/Dwarves.md cls= wrapper=false embed=null sizer=true connected=true kids=P.,P.,P.,P.,P.,P.,P.,P.,H3.,P.,P.,P.,P.,P.,P.,P.,P.,H3.,P.,P.,P.,P.,P.,P. hasSizerDesc=false parents=DIV.dc-description>DIV.>DIV.>DIV.block-language-datacorejsx>DIV.el-pre>DIV.markdown-preview-sizer.markdown-preview-section
13:48:48.309 V schedule render {"reason":"postprocessor","sourcePath":"Notes/Dwarves.md","hadPendingTimer":true,"sizerChildren":10}
13:48:48.334 V render start {"reason":"postprocessor","token":218,"sourceHint":"Notes/Dwarves.md","sizerConnected":true,"sizerChildren":10}
13:48:48.334 V render found no marker regions {"sourcePath":"Notes/Dwarves.md"}
13:48:48.646 PP Notes/Illithia.md cls=el-pre mod-frontmatter mod-ui wrapper=false embed=null sizer=false connected=false kids=PRE.frontmatter hasSizerDesc=false parents=
13:48:48.646 PP Notes/Illithia.md cls=el-h1 wrapper=false embed=null sizer=false connected=false kids=H1. hasSizerDesc=false parents=
13:48:48.646 PP Notes/Illithia.md cls=el-p wrapper=false embed=null sizer=false connected=false kids=P. hasSizerDesc=false parents=
13:48:48.647 PP Notes/Illithia.md cls=el-p wrapper=false embed=null sizer=false connected=false kids=P. hasSizerDesc=false parents=
13:48:48.647 PP Notes/Illithia.md cls=el-p wrapper=false embed=null sizer=false connected=false kids=P. hasSizerDesc=false parents=
13:50:33.765 PP Notes/The Hassan Dynasty.md cls=el-pre mod-frontmatter mod-ui wrapper=false embed=null sizer=false connected=false kids=PRE.frontmatter hasSizerDesc=false parents=
13:50:33.766 PP Notes/The Hassan Dynasty.md cls=el-h1 wrapper=false embed=null sizer=false connected=false kids=H1. hasSizerDesc=false parents=
13:50:33.766 PP Notes/The Hassan Dynasty.md cls=el-p wrapper=false embed=null sizer=false connected=false kids=P. hasSizerDesc=false parents=
13:50:33.766 PP Notes/The Hassan Dynasty.md cls=el-p wrapper=false embed=null sizer=false connected=false kids=P. hasSizerDesc=false parents=
13:50:33.767 PP Notes/The Hassan Dynasty.md cls=el-p wrapper=false embed=null sizer=false connected=false kids=P. hasSizerDesc=false parents=
13:50:33.767 PP Notes/The Hassan Dynasty.md cls=el-p wrapper=false embed=null sizer=false connected=false kids=P. hasSizerDesc=false parents=
13:50:33.767 PP Notes/The Hassan Dynasty.md cls=el-p wrapper=false embed=null sizer=false connected=false kids=P. hasSizerDesc=false parents=
13:50:33.767 PP Notes/The Hassan Dynasty.md cls=el-p wrapper=false embed=null sizer=false connected=false kids=P. hasSizerDesc=false parents=
14:08:22.934 PP 📋 Jobs.md cls=el-h1 wrapper=false embed=null sizer=false connected=false kids=H1. hasSizerDesc=false parents=
14:08:22.934 V schedule render {"reason":"postprocessor","sourcePath":"📋 Jobs.md","hadPendingTimer":false,"sizerChildren":0}
14:08:22.936 PP 📋 Jobs.md cls=el-pre wrapper=false embed=null sizer=false connected=false kids=DIV.block-language-datacorejsx hasSizerDesc=false parents=
14:08:22.936 V schedule render {"reason":"postprocessor","sourcePath":"📋 Jobs.md","hadPendingTimer":true,"sizerChildren":0}
14:08:22.964 V render start {"reason":"postprocessor","token":219,"sourceHint":"📋 Jobs.md","sizerConnected":true,"sizerChildren":5}
14:08:22.964 V render found no marker regions {"sourcePath":"📋 Jobs.md"}
14:08:22.971 V schedule render {"reason":"layout-change","sourcePath":"📋 Jobs.md","hadPendingTimer":false,"sizerChildren":5}
14:08:23.276 V render start {"reason":"layout-change","token":220,"sourceHint":"📋 Jobs.md","sizerConnected":true,"sizerChildren":5}
14:08:23.276 V render found no marker regions {"sourcePath":"📋 Jobs.md"}
14:08:23.363 PP Notes/Caravan Job.md cls= wrapper=false embed=null sizer=true connected=true kids=P.,P.,P.,P. hasSizerDesc=false parents=DIV.dc-description>DIV.>DIV.>DIV.>DIV.block-language-datacorejsx>DIV.el-pre
14:08:23.363 V schedule render {"reason":"postprocessor","sourcePath":"Notes/Caravan Job.md","hadPendingTimer":false,"sizerChildren":5}
14:08:23.364 PP Notes/Clear Keep Clearwater.md cls= wrapper=false embed=null sizer=true connected=true kids=P.,P. hasSizerDesc=false parents=DIV.dc-description>DIV.>DIV.>DIV.>DIV.block-language-datacorejsx>DIV.el-pre
14:08:23.364 V schedule render {"reason":"postprocessor","sourcePath":"Notes/Clear Keep Clearwater.md","hadPendingTimer":true,"sizerChildren":5}
14:08:23.365 PP Notes/Beast Hunt.md cls= wrapper=false embed=null sizer=true connected=true kids=P.,P.,H2.,P.,P. hasSizerDesc=false parents=DIV.dc-description>DIV.>DIV.>DIV.>DIV.block-language-datacorejsx>DIV.el-pre
14:08:23.365 V schedule render {"reason":"postprocessor","sourcePath":"Notes/Beast Hunt.md","hadPendingTimer":true,"sizerChildren":5}
14:08:23.365 PP Notes/Incendiary Dreams.md cls= wrapper=false embed=null sizer=true connected=true kids=P.,P.,H2.,P. hasSizerDesc=false parents=DIV.dc-description>DIV.>DIV.>DIV.>DIV.block-language-datacorejsx>DIV.el-pre
14:08:23.365 V schedule render {"reason":"postprocessor","sourcePath":"Notes/Incendiary Dreams.md","hadPendingTimer":true,"sizerChildren":5}
14:08:23.377 V render start {"reason":"postprocessor","token":221,"sourceHint":"Notes/Incendiary Dreams.md","sizerConnected":true,"sizerChildren":5}
14:08:23.377 V render found no marker regions {"sourcePath":"Notes/Incendiary Dreams.md"}
14:08:30.914 PP Notes/Clear Keep Clearwater.md cls=el-pre mod-frontmatter mod-ui wrapper=false embed=null sizer=false connected=false kids=PRE.frontmatter hasSizerDesc=false parents=
14:08:30.915 PP Notes/Clear Keep Clearwater.md cls=el-h1 wrapper=false embed=null sizer=false connected=false kids=H1. hasSizerDesc=false parents=
14:08:30.915 PP Notes/Clear Keep Clearwater.md cls=el-p wrapper=false embed=null sizer=false connected=false kids=P. hasSizerDesc=false parents=
14:08:30.917 PP Notes/Clear Keep Clearwater.md cls=el-p wrapper=false embed=null sizer=false connected=false kids=P. hasSizerDesc=false parents=
14:08:31.230 PP Notes/Clear Keep Clearwater.md cls=el-pre mod-frontmatter mod-ui wrapper=false embed=null sizer=false connected=false kids=PRE.frontmatter hasSizerDesc=false parents=
14:08:31.230 V schedule render {"reason":"postprocessor","sourcePath":"Notes/Clear Keep Clearwater.md","hadPendingTimer":false,"sizerChildren":0}
14:08:31.230 PP Notes/Clear Keep Clearwater.md cls=el-h1 wrapper=false embed=null sizer=false connected=false kids=H1. hasSizerDesc=false parents=
14:08:31.230 V schedule render {"reason":"postprocessor","sourcePath":"Notes/Clear Keep Clearwater.md","hadPendingTimer":true,"sizerChildren":0}
14:08:31.231 PP Notes/Clear Keep Clearwater.md cls=el-p wrapper=false embed=null sizer=false connected=false kids=P. hasSizerDesc=false parents=
14:08:31.231 V schedule render {"reason":"postprocessor","sourcePath":"Notes/Clear Keep Clearwater.md","hadPendingTimer":true,"sizerChildren":0}
14:08:31.231 PP Notes/Clear Keep Clearwater.md cls=el-p wrapper=false embed=null sizer=false connected=false kids=P. hasSizerDesc=false parents=
14:08:31.231 V schedule render {"reason":"postprocessor","sourcePath":"Notes/Clear Keep Clearwater.md","hadPendingTimer":true,"sizerChildren":0}
14:08:31.324 V render start {"reason":"postprocessor","token":222,"sourceHint":"Notes/Clear Keep Clearwater.md","sizerConnected":true,"sizerChildren":7}
14:08:31.324 V render found no marker regions {"sourcePath":"Notes/Clear Keep Clearwater.md"}
14:08:31.354 V schedule render {"reason":"layout-change","sourcePath":"Notes/Clear Keep Clearwater.md","hadPendingTimer":false,"sizerChildren":7}
14:08:31.637 V render start {"reason":"layout-change","token":223,"sourceHint":"Notes/Clear Keep Clearwater.md","sizerConnected":true,"sizerChildren":7}
14:08:31.637 V render found no marker regions {"sourcePath":"Notes/Clear Keep Clearwater.md"}
14:08:43.877 PP 📋 Jobs.md cls=el-h1 wrapper=false embed=null sizer=false connected=false kids=H1. hasSizerDesc=false parents=
14:08:43.877 V schedule render {"reason":"postprocessor","sourcePath":"📋 Jobs.md","hadPendingTimer":false,"sizerChildren":0}
14:08:43.880 PP 📋 Jobs.md cls=el-pre wrapper=false embed=null sizer=false connected=false kids=DIV.block-language-datacorejsx hasSizerDesc=false parents=
14:08:43.880 V schedule render {"reason":"postprocessor","sourcePath":"📋 Jobs.md","hadPendingTimer":true,"sizerChildren":0}
14:08:43.919 V render start {"reason":"postprocessor","token":224,"sourceHint":"📋 Jobs.md","sizerConnected":true,"sizerChildren":5}
14:08:43.919 V render found no marker regions {"sourcePath":"📋 Jobs.md"}
14:08:44.023 V schedule render {"reason":"layout-change","sourcePath":"📋 Jobs.md","hadPendingTimer":false,"sizerChildren":5}
14:08:44.424 V render start {"reason":"layout-change","token":225,"sourceHint":"📋 Jobs.md","sizerConnected":true,"sizerChildren":5}
14:08:44.424 V render found no marker regions {"sourcePath":"📋 Jobs.md"}
14:08:44.491 PP Notes/Caravan Job.md cls= wrapper=false embed=null sizer=true connected=true kids=P.,P.,P.,P. hasSizerDesc=false parents=DIV.dc-description>DIV.>DIV.>DIV.>DIV.block-language-datacorejsx>DIV.el-pre
14:08:44.491 V schedule render {"reason":"postprocessor","sourcePath":"Notes/Caravan Job.md","hadPendingTimer":false,"sizerChildren":5}
14:08:44.492 PP Notes/Clear Keep Clearwater.md cls= wrapper=false embed=null sizer=true connected=true kids=P.,P. hasSizerDesc=false parents=DIV.dc-description>DIV.>DIV.>DIV.>DIV.block-language-datacorejsx>DIV.el-pre
14:08:44.492 V schedule render {"reason":"postprocessor","sourcePath":"Notes/Clear Keep Clearwater.md","hadPendingTimer":true,"sizerChildren":5}
14:08:44.492 PP Notes/Beast Hunt.md cls= wrapper=false embed=null sizer=true connected=true kids=P.,P.,H2.,P.,P. hasSizerDesc=false parents=DIV.dc-description>DIV.>DIV.>DIV.>DIV.block-language-datacorejsx>DIV.el-pre
14:08:44.492 V schedule render {"reason":"postprocessor","sourcePath":"Notes/Beast Hunt.md","hadPendingTimer":true,"sizerChildren":5}
14:08:44.494 PP Notes/Incendiary Dreams.md cls= wrapper=false embed=null sizer=true connected=true kids=P.,P.,H2.,P. hasSizerDesc=false parents=DIV.dc-description>DIV.>DIV.>DIV.>DIV.block-language-datacorejsx>DIV.el-pre
14:08:44.494 V schedule render {"reason":"postprocessor","sourcePath":"Notes/Incendiary Dreams.md","hadPendingTimer":true,"sizerChildren":5}
14:08:44.523 V render start {"reason":"postprocessor","token":226,"sourceHint":"Notes/Incendiary Dreams.md","sizerConnected":true,"sizerChildren":5}
14:08:44.524 V render found no marker regions {"sourcePath":"Notes/Incendiary Dreams.md"}
14:08:49.522 PP Notes/Clear Keep Clearwater.md cls=el-pre mod-frontmatter mod-ui wrapper=false embed=null sizer=false connected=false kids=PRE.frontmatter hasSizerDesc=false parents=
14:08:49.523 PP Notes/Clear Keep Clearwater.md cls=el-h1 wrapper=false embed=null sizer=false connected=false kids=H1. hasSizerDesc=false parents=
14:08:49.523 PP Notes/Clear Keep Clearwater.md cls=el-p wrapper=false embed=null sizer=false connected=false kids=P. hasSizerDesc=false parents=
14:08:49.524 PP Notes/Clear Keep Clearwater.md cls=el-p wrapper=false embed=null sizer=false connected=false kids=P. hasSizerDesc=false parents=
14:08:49.690 PP Notes/Clear Keep Clearwater.md cls=el-pre mod-frontmatter mod-ui wrapper=false embed=null sizer=false connected=false kids=PRE.frontmatter hasSizerDesc=false parents=
14:08:49.690 V schedule render {"reason":"postprocessor","sourcePath":"Notes/Clear Keep Clearwater.md","hadPendingTimer":false,"sizerChildren":0}
14:08:49.690 PP Notes/Clear Keep Clearwater.md cls=el-h1 wrapper=false embed=null sizer=false connected=false kids=H1. hasSizerDesc=false parents=
14:08:49.690 V schedule render {"reason":"postprocessor","sourcePath":"Notes/Clear Keep Clearwater.md","hadPendingTimer":true,"sizerChildren":0}
14:08:49.690 PP Notes/Clear Keep Clearwater.md cls=el-p wrapper=false embed=null sizer=false connected=false kids=P. hasSizerDesc=false parents=
14:08:49.690 V schedule render {"reason":"postprocessor","sourcePath":"Notes/Clear Keep Clearwater.md","hadPendingTimer":true,"sizerChildren":0}
14:08:49.690 PP Notes/Clear Keep Clearwater.md cls=el-p wrapper=false embed=null sizer=false connected=false kids=P. hasSizerDesc=false parents=
14:08:49.690 V schedule render {"reason":"postprocessor","sourcePath":"Notes/Clear Keep Clearwater.md","hadPendingTimer":true,"sizerChildren":0}
14:08:49.739 V render start {"reason":"postprocessor","token":227,"sourceHint":"Notes/Clear Keep Clearwater.md","sizerConnected":true,"sizerChildren":7}
14:08:49.739 V render found no marker regions {"sourcePath":"Notes/Clear Keep Clearwater.md"}
14:08:49.783 V schedule render {"reason":"layout-change","sourcePath":"Notes/Clear Keep Clearwater.md","hadPendingTimer":false,"sizerChildren":7}
14:08:50.142 V render start {"reason":"layout-change","token":228,"sourceHint":"Notes/Clear Keep Clearwater.md","sizerConnected":true,"sizerChildren":7}
14:08:50.142 V render found no marker regions {"sourcePath":"Notes/Clear Keep Clearwater.md"}
14:09:01.651 PP Notes/Clear Keep Clearwater.md cls=el-pre mod-frontmatter mod-ui wrapper=false embed=null sizer=false connected=false kids=PRE.frontmatter hasSizerDesc=false parents=
14:09:01.651 V schedule render {"reason":"postprocessor","sourcePath":"Notes/Clear Keep Clearwater.md","hadPendingTimer":false,"sizerChildren":7}
14:09:01.709 V render start {"reason":"postprocessor","token":229,"sourceHint":"Notes/Clear Keep Clearwater.md","sizerConnected":true,"sizerChildren":7}
14:09:01.709 V render found no marker regions {"sourcePath":"Notes/Clear Keep Clearwater.md"}
14:09:01.716 V schedule render {"reason":"file-modified","sourcePath":"Notes/Clear Keep Clearwater.md","hadPendingTimer":false,"sizerChildren":7}
14:09:01.869 V render start {"reason":"file-modified","token":230,"sourceHint":"Notes/Clear Keep Clearwater.md","sizerConnected":true,"sizerChildren":7}
14:09:01.869 V render found no marker regions {"sourcePath":"Notes/Clear Keep Clearwater.md"}
14:09:08.444 PP Notes/Clear Keep Clearwater.md cls=el-pre mod-frontmatter mod-ui wrapper=false embed=null sizer=false connected=false kids=PRE.frontmatter hasSizerDesc=false parents=
14:09:08.444 V schedule render {"reason":"postprocessor","sourcePath":"Notes/Clear Keep Clearwater.md","hadPendingTimer":false,"sizerChildren":7}
14:09:08.463 V render start {"reason":"postprocessor","token":231,"sourceHint":"Notes/Clear Keep Clearwater.md","sizerConnected":true,"sizerChildren":7}
14:09:08.464 V render found no marker regions {"sourcePath":"Notes/Clear Keep Clearwater.md"}
14:09:08.501 V schedule render {"reason":"file-modified","sourcePath":"Notes/Clear Keep Clearwater.md","hadPendingTimer":false,"sizerChildren":7}
14:09:08.652 V render start {"reason":"file-modified","token":232,"sourceHint":"Notes/Clear Keep Clearwater.md","sizerConnected":true,"sizerChildren":7}
14:09:08.652 V render found no marker regions {"sourcePath":"Notes/Clear Keep Clearwater.md"}
14:09:11.563 PP Notes/Clear Keep Clearwater.md cls=el-pre mod-frontmatter mod-ui wrapper=false embed=null sizer=false connected=false kids=PRE.frontmatter hasSizerDesc=false parents=
14:09:11.563 V schedule render {"reason":"postprocessor","sourcePath":"Notes/Clear Keep Clearwater.md","hadPendingTimer":false,"sizerChildren":7}
14:09:11.585 V render start {"reason":"postprocessor","token":233,"sourceHint":"Notes/Clear Keep Clearwater.md","sizerConnected":true,"sizerChildren":7}
14:09:11.585 V render found no marker regions {"sourcePath":"Notes/Clear Keep Clearwater.md"}
14:09:11.625 V schedule render {"reason":"file-modified","sourcePath":"Notes/Clear Keep Clearwater.md","hadPendingTimer":false,"sizerChildren":7}
14:09:11.776 V render start {"reason":"file-modified","token":234,"sourceHint":"Notes/Clear Keep Clearwater.md","sizerConnected":true,"sizerChildren":7}
14:09:11.776 V render found no marker regions {"sourcePath":"Notes/Clear Keep Clearwater.md"}
14:09:24.917 V schedule render {"reason":"file-modified","sourcePath":"Notes/Clear Keep Clearwater.md","hadPendingTimer":false,"sizerChildren":7}
14:09:24.920 PP Notes/Clear Keep Clearwater.md cls=el-pre mod-frontmatter mod-ui wrapper=false embed=null sizer=false connected=false kids=PRE.frontmatter hasSizerDesc=false parents=
14:09:24.920 V schedule render {"reason":"postprocessor","sourcePath":"Notes/Clear Keep Clearwater.md","hadPendingTimer":true,"sizerChildren":7}
14:09:24.972 V render start {"reason":"postprocessor","token":235,"sourceHint":"Notes/Clear Keep Clearwater.md","sizerConnected":true,"sizerChildren":7}
14:09:24.972 V render found no marker regions {"sourcePath":"Notes/Clear Keep Clearwater.md"}
14:09:34.284 V schedule render {"reason":"layout-change","sourcePath":"Notes/Clear Keep Clearwater.md","hadPendingTimer":false,"sizerChildren":7}
14:09:34.435 V render start {"reason":"layout-change","token":236,"sourceHint":"Notes/Clear Keep Clearwater.md","sizerConnected":true,"sizerChildren":7}
14:09:34.435 V render found no marker regions {"sourcePath":"Notes/Clear Keep Clearwater.md"}
14:09:37.673 V schedule render {"reason":"file-modified","sourcePath":"Notes/Clear Keep Clearwater.md","hadPendingTimer":false,"sizerChildren":7}
14:09:37.824 V render start {"reason":"file-modified","token":237,"sourceHint":"Notes/Clear Keep Clearwater.md","sizerConnected":true,"sizerChildren":7}
14:09:37.825 V render found no marker regions {"sourcePath":"Notes/Clear Keep Clearwater.md"}
14:09:39.843 V schedule render {"reason":"file-modified","sourcePath":"Notes/Clear Keep Clearwater.md","hadPendingTimer":false,"sizerChildren":7}
14:09:39.994 V render start {"reason":"file-modified","token":238,"sourceHint":"Notes/Clear Keep Clearwater.md","sizerConnected":true,"sizerChildren":7}
14:09:39.994 V render found no marker regions {"sourcePath":"Notes/Clear Keep Clearwater.md"}
14:09:41.870 V schedule render {"reason":"file-modified","sourcePath":"Notes/Clear Keep Clearwater.md","hadPendingTimer":false,"sizerChildren":7}
14:09:42.035 V render start {"reason":"file-modified","token":239,"sourceHint":"Notes/Clear Keep Clearwater.md","sizerConnected":true,"sizerChildren":7}
14:09:42.036 V render found no marker regions {"sourcePath":"Notes/Clear Keep Clearwater.md"}
14:09:44.027 V schedule render {"reason":"file-modified","sourcePath":"Notes/Clear Keep Clearwater.md","hadPendingTimer":false,"sizerChildren":7}
14:09:44.179 V render start {"reason":"file-modified","token":240,"sourceHint":"Notes/Clear Keep Clearwater.md","sizerConnected":true,"sizerChildren":7}
14:09:44.179 V render found no marker regions {"sourcePath":"Notes/Clear Keep Clearwater.md"}
14:09:46.635 V schedule render {"reason":"file-modified","sourcePath":"Notes/Clear Keep Clearwater.md","hadPendingTimer":false,"sizerChildren":7}
14:09:46.787 V render start {"reason":"file-modified","token":241,"sourceHint":"Notes/Clear Keep Clearwater.md","sizerConnected":true,"sizerChildren":7}
14:09:46.787 V render found no marker regions {"sourcePath":"Notes/Clear Keep Clearwater.md"}
14:09:50.209 V schedule render {"reason":"file-modified","sourcePath":"Notes/Clear Keep Clearwater.md","hadPendingTimer":false,"sizerChildren":7}
14:09:50.246 PP Notes/Clear Keep Clearwater.md cls=el-h2 wrapper=false embed=null sizer=false connected=false kids=H2. hasSizerDesc=false parents=
14:09:50.246 V schedule render {"reason":"postprocessor","sourcePath":"Notes/Clear Keep Clearwater.md","hadPendingTimer":true,"sizerChildren":7}
14:09:50.357 V render start {"reason":"postprocessor","token":242,"sourceHint":"Notes/Clear Keep Clearwater.md","sizerConnected":true,"sizerChildren":8}
14:09:50.357 V render found no marker regions {"sourcePath":"Notes/Clear Keep Clearwater.md"}
14:09:50.359 V schedule render {"reason":"layout-change","sourcePath":"Notes/Clear Keep Clearwater.md","hadPendingTimer":false,"sizerChildren":8}
14:09:50.553 V render start {"reason":"layout-change","token":243,"sourceHint":"Notes/Clear Keep Clearwater.md","sizerConnected":true,"sizerChildren":8}
14:09:50.553 V render found no marker regions {"sourcePath":"Notes/Clear Keep Clearwater.md"}
14:09:52.339 PP Sessions/2026-10-04.md cls=el-h1 wrapper=false embed=null sizer=false connected=false kids=H1. hasSizerDesc=false parents=
14:09:52.339 PP Sessions/2026-10-04.md cls=el-p wrapper=false embed=null sizer=false connected=false kids=P. hasSizerDesc=false parents=
14:09:52.343 PP Sessions/2026-10-04.md cls=el-ul wrapper=false embed=null sizer=false connected=false kids=UL.has-list-bullet hasSizerDesc=false parents=
14:09:54.273 PP Sessions/2026-10-04.md cls=el-h1 wrapper=false embed=null sizer=false connected=false kids=H1. hasSizerDesc=false parents=
14:09:54.274 V schedule render {"reason":"postprocessor","sourcePath":"Sessions/2026-10-04.md","hadPendingTimer":false,"sizerChildren":0}
14:09:54.274 PP Sessions/2026-10-04.md cls=el-p wrapper=false embed=null sizer=false connected=false kids=P. hasSizerDesc=false parents=
14:09:54.274 V schedule render {"reason":"postprocessor","sourcePath":"Sessions/2026-10-04.md","hadPendingTimer":true,"sizerChildren":0}
14:09:54.276 PP Sessions/2026-10-04.md cls=el-ul wrapper=false embed=null sizer=false connected=false kids=UL.has-list-bullet hasSizerDesc=false parents=
14:09:54.276 V schedule render {"reason":"postprocessor","sourcePath":"Sessions/2026-10-04.md","hadPendingTimer":true,"sizerChildren":0}
14:09:54.347 V render start {"reason":"postprocessor","token":244,"sourceHint":"Sessions/2026-10-04.md","sizerConnected":true,"sizerChildren":6}
14:09:54.348 V render found no marker regions {"sourcePath":"Sessions/2026-10-04.md"}
14:09:54.382 V schedule render {"reason":"layout-change","sourcePath":"Sessions/2026-10-04.md","hadPendingTimer":false,"sizerChildren":6}
14:09:54.675 V render start {"reason":"layout-change","token":245,"sourceHint":"Sessions/2026-10-04.md","sizerConnected":true,"sizerChildren":6}
14:09:54.675 V render found no marker regions {"sourcePath":"Sessions/2026-10-04.md"}
14:09:56.239 V schedule render {"reason":"layout-change","sourcePath":"Sessions/2026-10-04.md","hadPendingTimer":false,"sizerChildren":6}
14:09:56.389 V render start {"reason":"layout-change","token":246,"sourceHint":"Sessions/2026-10-04.md","sizerConnected":true,"sizerChildren":6}
14:09:56.389 V render found no marker regions {"sourcePath":"Sessions/2026-10-04.md"}
14:10:01.395 V schedule render {"reason":"file-modified","sourcePath":"Sessions/2026-10-04.md","hadPendingTimer":false,"sizerChildren":6}
14:10:01.546 V render start {"reason":"file-modified","token":247,"sourceHint":"Sessions/2026-10-04.md","sizerConnected":true,"sizerChildren":6}
14:10:01.547 V render found no marker regions {"sourcePath":"Sessions/2026-10-04.md"}
14:10:03.496 V schedule render {"reason":"file-modified","sourcePath":"Sessions/2026-10-04.md","hadPendingTimer":false,"sizerChildren":6}
14:10:03.646 V render start {"reason":"file-modified","token":248,"sourceHint":"Sessions/2026-10-04.md","sizerConnected":true,"sizerChildren":6}
14:10:03.646 V render found no marker regions {"sourcePath":"Sessions/2026-10-04.md"}
14:10:05.323 V schedule render {"reason":"file-modified","sourcePath":"Sessions/2026-10-04.md","hadPendingTimer":false,"sizerChildren":6}
14:10:05.366 PP Sessions/2026-10-04.md cls=el-ul wrapper=false embed=null sizer=false connected=false kids=UL.has-list-bullet hasSizerDesc=false parents=
14:10:05.366 V schedule render {"reason":"postprocessor","sourcePath":"Sessions/2026-10-04.md","hadPendingTimer":true,"sizerChildren":6}
14:10:05.464 V render start {"reason":"postprocessor","token":249,"sourceHint":"Sessions/2026-10-04.md","sizerConnected":true,"sizerChildren":6}
14:10:05.464 V render found no marker regions {"sourcePath":"Sessions/2026-10-04.md"}
14:10:05.465 V schedule render {"reason":"layout-change","sourcePath":"Sessions/2026-10-04.md","hadPendingTimer":false,"sizerChildren":6}
14:10:05.635 V render start {"reason":"layout-change","token":250,"sourceHint":"Sessions/2026-10-04.md","sizerConnected":true,"sizerChildren":6}
14:10:05.635 V render found no marker regions {"sourcePath":"Sessions/2026-10-04.md"}
14:10:05.741 PP Notes/Clear Keep Clearwater.md cls=el-pre mod-frontmatter mod-ui wrapper=false embed=null sizer=false connected=false kids=PRE.frontmatter hasSizerDesc=false parents=
14:10:05.742 PP Notes/Clear Keep Clearwater.md cls=el-h1 wrapper=false embed=null sizer=false connected=false kids=H1. hasSizerDesc=false parents=
14:10:05.742 PP Notes/Clear Keep Clearwater.md cls=el-p wrapper=false embed=null sizer=false connected=false kids=P. hasSizerDesc=false parents=
14:10:05.742 PP Notes/Clear Keep Clearwater.md cls=el-p wrapper=false embed=null sizer=false connected=false kids=P. hasSizerDesc=false parents=
14:10:05.742 PP Notes/Clear Keep Clearwater.md cls=el-h2 wrapper=false embed=null sizer=false connected=false kids=H2. hasSizerDesc=false parents=
14:10:06.965 PP Notes/Clear Keep Clearwater.md cls=el-pre mod-frontmatter mod-ui wrapper=false embed=null sizer=false connected=false kids=PRE.frontmatter hasSizerDesc=false parents=
14:10:06.965 V schedule render {"reason":"postprocessor","sourcePath":"Notes/Clear Keep Clearwater.md","hadPendingTimer":false,"sizerChildren":0}
14:10:06.965 PP Notes/Clear Keep Clearwater.md cls=el-h1 wrapper=false embed=null sizer=false connected=false kids=H1. hasSizerDesc=false parents=
14:10:06.965 V schedule render {"reason":"postprocessor","sourcePath":"Notes/Clear Keep Clearwater.md","hadPendingTimer":true,"sizerChildren":0}
14:10:06.965 PP Notes/Clear Keep Clearwater.md cls=el-p wrapper=false embed=null sizer=false connected=false kids=P. hasSizerDesc=false parents=
14:10:06.965 V schedule render {"reason":"postprocessor","sourcePath":"Notes/Clear Keep Clearwater.md","hadPendingTimer":true,"sizerChildren":0}
14:10:06.966 PP Notes/Clear Keep Clearwater.md cls=el-p wrapper=false embed=null sizer=false connected=false kids=P. hasSizerDesc=false parents=
14:10:06.966 V schedule render {"reason":"postprocessor","sourcePath":"Notes/Clear Keep Clearwater.md","hadPendingTimer":true,"sizerChildren":0}
14:10:06.967 PP Notes/Clear Keep Clearwater.md cls=el-h2 wrapper=false embed=null sizer=false connected=false kids=H2. hasSizerDesc=false parents=
14:10:06.967 V schedule render {"reason":"postprocessor","sourcePath":"Notes/Clear Keep Clearwater.md","hadPendingTimer":true,"sizerChildren":0}
14:10:07.039 V render start {"reason":"postprocessor","token":251,"sourceHint":"Notes/Clear Keep Clearwater.md","sizerConnected":true,"sizerChildren":8}
14:10:07.039 V render found no marker regions {"sourcePath":"Notes/Clear Keep Clearwater.md"}
14:10:07.050 V schedule render {"reason":"layout-change","sourcePath":"Notes/Clear Keep Clearwater.md","hadPendingTimer":false,"sizerChildren":8}
14:10:07.340 V render start {"reason":"layout-change","token":252,"sourceHint":"Notes/Clear Keep Clearwater.md","sizerConnected":true,"sizerChildren":8}
14:10:07.340 V render found no marker regions {"sourcePath":"Notes/Clear Keep Clearwater.md"}
14:10:10.874 V schedule render {"reason":"layout-change","sourcePath":"Notes/Clear Keep Clearwater.md","hadPendingTimer":false,"sizerChildren":8}
14:10:11.025 V render start {"reason":"layout-change","token":253,"sourceHint":"Notes/Clear Keep Clearwater.md","sizerConnected":true,"sizerChildren":8}
14:10:11.025 V render found no marker regions {"sourcePath":"Notes/Clear Keep Clearwater.md"}
14:10:17.385 V schedule render {"reason":"file-modified","sourcePath":"Notes/Clear Keep Clearwater.md","hadPendingTimer":false,"sizerChildren":8}
14:10:17.536 V render start {"reason":"file-modified","token":254,"sourceHint":"Notes/Clear Keep Clearwater.md","sizerConnected":true,"sizerChildren":8}
14:10:17.537 V render found no marker regions {"sourcePath":"Notes/Clear Keep Clearwater.md"}
14:10:17.969 PP Notes/Clear Keep Clearwater.md cls=el-p wrapper=false embed=null sizer=false connected=false kids=P. hasSizerDesc=false parents=
14:10:17.969 V schedule render {"reason":"postprocessor","sourcePath":"Notes/Clear Keep Clearwater.md","hadPendingTimer":false,"sizerChildren":8}
14:10:18.024 V render start {"reason":"postprocessor","token":255,"sourceHint":"Notes/Clear Keep Clearwater.md","sizerConnected":true,"sizerChildren":8}
14:10:18.024 V render found no marker regions {"sourcePath":"Notes/Clear Keep Clearwater.md"}
14:10:18.053 V schedule render {"reason":"layout-change","sourcePath":"Notes/Clear Keep Clearwater.md","hadPendingTimer":false,"sizerChildren":8}
14:10:18.215 V render start {"reason":"layout-change","token":256,"sourceHint":"Notes/Clear Keep Clearwater.md","sizerConnected":true,"sizerChildren":8}
14:10:18.215 V render found no marker regions {"sourcePath":"Notes/Clear Keep Clearwater.md"}
14:10:23.793 PP Sessions/2026-10-04.md cls=el-h1 wrapper=false embed=null sizer=false connected=false kids=H1. hasSizerDesc=false parents=
14:10:23.793 PP Sessions/2026-10-04.md cls=el-p wrapper=false embed=null sizer=false connected=false kids=P. hasSizerDesc=false parents=
14:10:23.796 PP Sessions/2026-10-04.md cls=el-ul wrapper=false embed=null sizer=false connected=false kids=UL.has-list-bullet hasSizerDesc=false parents=
14:10:24.037 PP Sessions/2026-10-04.md cls=el-h1 wrapper=false embed=null sizer=false connected=false kids=H1. hasSizerDesc=false parents=
14:10:24.037 V schedule render {"reason":"postprocessor","sourcePath":"Sessions/2026-10-04.md","hadPendingTimer":false,"sizerChildren":0}
14:10:24.037 PP Sessions/2026-10-04.md cls=el-p wrapper=false embed=null sizer=false connected=false kids=P. hasSizerDesc=false parents=
14:10:24.037 V schedule render {"reason":"postprocessor","sourcePath":"Sessions/2026-10-04.md","hadPendingTimer":true,"sizerChildren":0}
14:10:24.039 PP Sessions/2026-10-04.md cls=el-ul wrapper=false embed=null sizer=false connected=false kids=UL.has-list-bullet hasSizerDesc=false parents=
14:10:24.039 V schedule render {"reason":"postprocessor","sourcePath":"Sessions/2026-10-04.md","hadPendingTimer":true,"sizerChildren":0}
14:10:24.102 V render start {"reason":"postprocessor","token":257,"sourceHint":"Sessions/2026-10-04.md","sizerConnected":true,"sizerChildren":6}
14:10:24.102 V render found no marker regions {"sourcePath":"Sessions/2026-10-04.md"}
14:10:24.149 V schedule render {"reason":"layout-change","sourcePath":"Sessions/2026-10-04.md","hadPendingTimer":false,"sizerChildren":6}
14:10:24.454 V render start {"reason":"layout-change","token":258,"sourceHint":"Sessions/2026-10-04.md","sizerConnected":true,"sizerChildren":6}
14:10:24.454 V render found no marker regions {"sourcePath":"Sessions/2026-10-04.md"}
14:14:25.475 PP Notes/Tasnari Marines.md cls=el-pre mod-frontmatter mod-ui wrapper=false embed=null sizer=false connected=false kids=PRE.frontmatter hasSizerDesc=false parents=
14:14:25.475 V schedule render {"reason":"postprocessor","sourcePath":"Notes/Tasnari Marines.md","hadPendingTimer":false,"sizerChildren":0}
14:14:25.475 PP Notes/Tasnari Marines.md cls=el-h1 wrapper=false embed=null sizer=false connected=false kids=H1. hasSizerDesc=false parents=
14:14:25.475 V schedule render {"reason":"postprocessor","sourcePath":"Notes/Tasnari Marines.md","hadPendingTimer":true,"sizerChildren":0}
14:14:25.475 PP Notes/Tasnari Marines.md cls=el-p wrapper=false embed=null sizer=false connected=false kids=P. hasSizerDesc=false parents=
14:14:25.475 V schedule render {"reason":"postprocessor","sourcePath":"Notes/Tasnari Marines.md","hadPendingTimer":true,"sizerChildren":0}
14:14:25.475 PP Notes/Tasnari Marines.md cls=el-p wrapper=false embed=null sizer=false connected=false kids=P. hasSizerDesc=false parents=
14:14:25.475 V schedule render {"reason":"postprocessor","sourcePath":"Notes/Tasnari Marines.md","hadPendingTimer":true,"sizerChildren":0}
14:14:25.476 PP Notes/Tasnari Marines.md cls=el-p wrapper=false embed=null sizer=false connected=false kids=P. hasSizerDesc=false parents=
14:14:25.476 V schedule render {"reason":"postprocessor","sourcePath":"Notes/Tasnari Marines.md","hadPendingTimer":true,"sizerChildren":0}
14:14:25.488 V schedule render {"reason":"layout-change","sourcePath":"Notes/Tasnari Marines.md","hadPendingTimer":true,"sizerChildren":8}
14:14:25.488 V render start {"reason":"postprocessor","token":259,"sourceHint":"Notes/Tasnari Marines.md","sizerConnected":true,"sizerChildren":8}
14:14:25.488 V render found no marker regions {"sourcePath":"Notes/Tasnari Marines.md"}
14:14:28.991 PP Notes/Gnolls.md cls=el-pre mod-frontmatter mod-ui wrapper=false embed=null sizer=false connected=false kids=PRE.frontmatter hasSizerDesc=false parents=
14:14:28.992 PP Notes/Gnolls.md cls=el-h1 wrapper=false embed=null sizer=false connected=false kids=H1. hasSizerDesc=false parents=
14:14:28.992 PP Notes/Gnolls.md cls=el-p wrapper=false embed=null sizer=false connected=false kids=P. hasSizerDesc=false parents=
14:14:28.993 PP Notes/Gnolls.md cls=el-p wrapper=false embed=null sizer=false connected=false kids=P. hasSizerDesc=false parents=
14:14:28.993 PP Notes/Gnolls.md cls=el-p wrapper=false embed=null sizer=false connected=false kids=P. hasSizerDesc=false parents=
14:14:28.994 PP Notes/Gnolls.md cls=el-p wrapper=false embed=null sizer=false connected=false kids=P. hasSizerDesc=false parents=
14:14:28.995 PP Notes/Gnolls.md cls=el-p wrapper=false embed=null sizer=false connected=false kids=P. hasSizerDesc=false parents=
14:14:28.995 PP Notes/Gnolls.md cls=el-p wrapper=false embed=null sizer=false connected=false kids=P. hasSizerDesc=false parents=
14:14:28.995 PP Notes/Gnolls.md cls=el-p wrapper=false embed=null sizer=false connected=false kids=P. hasSizerDesc=false parents=
14:14:28.995 PP Notes/Gnolls.md cls=el-p wrapper=false embed=null sizer=false connected=false kids=P. hasSizerDesc=false parents=
14:14:29.007 PP Notes/Gnolls.md cls=el-p wrapper=false embed=null sizer=false connected=false kids=P. hasSizerDesc=false parents=
14:14:29.488 V schedule render {"reason":"layout-change","sourcePath":"Notes/Tasnari Marines.md","hadPendingTimer":false,"sizerChildren":8}
14:14:29.806 V render start {"reason":"layout-change","token":260,"sourceHint":"Notes/Tasnari Marines.md","sizerConnected":true,"sizerChildren":2}
14:14:29.806 V render found no marker regions {"sourcePath":"Notes/Tasnari Marines.md"}
14:14:29.818 PP Notes/Tieflings.md cls=el-pre mod-frontmatter mod-ui wrapper=false embed=null sizer=false connected=false kids=PRE.frontmatter hasSizerDesc=false parents=
14:14:29.819 PP Notes/Tieflings.md cls=el-h1 wrapper=false embed=null sizer=false connected=false kids=H1. hasSizerDesc=false parents=
14:14:29.819 PP Notes/Tieflings.md cls=el-p wrapper=false embed=null sizer=false connected=false kids=P. hasSizerDesc=false parents=
14:14:29.819 PP Notes/Tieflings.md cls=el-p wrapper=false embed=null sizer=false connected=false kids=P. hasSizerDesc=false parents=
14:14:29.819 PP Notes/Tieflings.md cls=el-p wrapper=false embed=null sizer=false connected=false kids=P. hasSizerDesc=false parents=
14:14:29.819 PP Notes/Tieflings.md cls=el-p wrapper=false embed=null sizer=false connected=false kids=P. hasSizerDesc=false parents=
14:14:29.927 V schedule render {"reason":"layout-change","sourcePath":"Notes/Tasnari Marines.md","hadPendingTimer":false,"sizerChildren":2}
14:14:30.084 V render start {"reason":"layout-change","token":261,"sourceHint":"Notes/Tasnari Marines.md","sizerConnected":true,"sizerChildren":2}
14:14:30.084 V render found no marker regions {"sourcePath":"Notes/Tasnari Marines.md"}
14:14:34.030 V schedule render {"reason":"layout-change","sourcePath":"Notes/Tasnari Marines.md","hadPendingTimer":false,"sizerChildren":2}
14:14:34.180 V render start {"reason":"layout-change","token":262,"sourceHint":"Notes/Tasnari Marines.md","sizerConnected":true,"sizerChildren":8}
14:14:34.180 V render found no marker regions {"sourcePath":"Notes/Tasnari Marines.md"}
14:15:17.813 V schedule render {"reason":"layout-change","sourcePath":"Notes/The Bone Thief.md","hadPendingTimer":false,"sizerChildren":0}
14:15:18.024 V render start {"reason":"layout-change","token":263,"sourceHint":"Notes/The Bone Thief.md","sizerConnected":true,"sizerChildren":0}
14:15:18.024 V render found no marker regions {"sourcePath":"Notes/The Bone Thief.md"}
14:15:23.519 PP Notes/The Bone Thief.md cls=el-pre mod-frontmatter mod-ui wrapper=false embed=null sizer=false connected=false kids=PRE.frontmatter hasSizerDesc=false parents=
14:15:23.519 V schedule render {"reason":"postprocessor","sourcePath":"Notes/The Bone Thief.md","hadPendingTimer":false,"sizerChildren":0}
14:15:23.519 PP Notes/The Bone Thief.md cls=el-h1 wrapper=false embed=null sizer=false connected=false kids=H1. hasSizerDesc=false parents=
14:15:23.519 V schedule render {"reason":"postprocessor","sourcePath":"Notes/The Bone Thief.md","hadPendingTimer":true,"sizerChildren":0}
14:15:23.520 PP Notes/The Bone Thief.md cls=el-p wrapper=false embed=null sizer=false connected=false kids=P. hasSizerDesc=false parents=
14:15:23.520 V schedule render {"reason":"postprocessor","sourcePath":"Notes/The Bone Thief.md","hadPendingTimer":true,"sizerChildren":0}
14:15:23.520 PP Notes/The Bone Thief.md cls=el-p wrapper=false embed=null sizer=false connected=false kids=P. hasSizerDesc=false parents=
14:15:23.520 V schedule render {"reason":"postprocessor","sourcePath":"Notes/The Bone Thief.md","hadPendingTimer":true,"sizerChildren":0}
14:15:23.610 V render start {"reason":"postprocessor","token":264,"sourceHint":"Notes/The Bone Thief.md","sizerConnected":true,"sizerChildren":7}
14:15:23.610 V render found no marker regions {"sourcePath":"Notes/The Bone Thief.md"}
14:15:23.623 V schedule render {"reason":"layout-change","sourcePath":"Notes/The Bone Thief.md","hadPendingTimer":false,"sizerChildren":7}
14:15:23.774 V render start {"reason":"layout-change","token":265,"sourceHint":"Notes/The Bone Thief.md","sizerConnected":true,"sizerChildren":7}
14:15:23.774 V render found no marker regions {"sourcePath":"Notes/The Bone Thief.md"}
14:15:24.282 V schedule render {"reason":"layout-change","sourcePath":"Notes/The Bone Thief.md","hadPendingTimer":false,"sizerChildren":7}
14:15:24.432 V render start {"reason":"layout-change","token":266,"sourceHint":"Notes/The Bone Thief.md","sizerConnected":true,"sizerChildren":7}
14:15:24.433 V render found no marker regions {"sourcePath":"Notes/The Bone Thief.md"}
14:15:25.216 V schedule render {"reason":"layout-change","sourcePath":"Notes/The Bone Thief.md","hadPendingTimer":false,"sizerChildren":7}
14:15:25.367 V render start {"reason":"layout-change","token":267,"sourceHint":"Notes/The Bone Thief.md","sizerConnected":true,"sizerChildren":7}
14:15:25.367 V render found no marker regions {"sourcePath":"Notes/The Bone Thief.md"}
14:15:27.258 V schedule render {"reason":"layout-change","sourcePath":"Notes/The Bone Thief.md","hadPendingTimer":false,"sizerChildren":7}
14:15:27.410 V render start {"reason":"layout-change","token":268,"sourceHint":"Notes/The Bone Thief.md","sizerConnected":true,"sizerChildren":7}
14:15:27.410 V render found no marker regions {"sourcePath":"Notes/The Bone Thief.md"}
14:15:37.675 V schedule render {"reason":"file-modified","sourcePath":"Notes/The Bone Thief.md","hadPendingTimer":false,"sizerChildren":7}
14:15:37.827 V render start {"reason":"file-modified","token":269,"sourceHint":"Notes/The Bone Thief.md","sizerConnected":true,"sizerChildren":7}
14:15:37.827 V render found no marker regions {"sourcePath":"Notes/The Bone Thief.md"}
14:15:47.806 V schedule render {"reason":"file-modified","sourcePath":"Notes/The Bone Thief.md","hadPendingTimer":false,"sizerChildren":7}
14:15:47.956 V render start {"reason":"file-modified","token":270,"sourceHint":"Notes/The Bone Thief.md","sizerConnected":true,"sizerChildren":7}
14:15:47.957 V render found no marker regions {"sourcePath":"Notes/The Bone Thief.md"}
14:15:50.324 V schedule render {"reason":"file-modified","sourcePath":"Notes/The Bone Thief.md","hadPendingTimer":false,"sizerChildren":7}
14:15:50.475 V render start {"reason":"file-modified","token":271,"sourceHint":"Notes/The Bone Thief.md","sizerConnected":true,"sizerChildren":7}
14:15:50.475 V render found no marker regions {"sourcePath":"Notes/The Bone Thief.md"}
14:15:53.866 V schedule render {"reason":"file-modified","sourcePath":"Notes/The Bone Thief.md","hadPendingTimer":false,"sizerChildren":7}
14:15:54.018 V render start {"reason":"file-modified","token":272,"sourceHint":"Notes/The Bone Thief.md","sizerConnected":true,"sizerChildren":7}
14:15:54.018 V render found no marker regions {"sourcePath":"Notes/The Bone Thief.md"}
14:16:46.162 V schedule render {"reason":"file-modified","sourcePath":"Notes/The Bone Thief.md","hadPendingTimer":false,"sizerChildren":7}
14:16:46.312 V render start {"reason":"file-modified","token":273,"sourceHint":"Notes/The Bone Thief.md","sizerConnected":true,"sizerChildren":7}
14:16:46.312 V render found no marker regions {"sourcePath":"Notes/The Bone Thief.md"}
14:16:49.549 V schedule render {"reason":"file-modified","sourcePath":"Notes/The Bone Thief.md","hadPendingTimer":false,"sizerChildren":7}
14:16:49.701 V render start {"reason":"file-modified","token":274,"sourceHint":"Notes/The Bone Thief.md","sizerConnected":true,"sizerChildren":7}
14:16:49.701 V render found no marker regions {"sourcePath":"Notes/The Bone Thief.md"}
14:17:12.793 V schedule render {"reason":"layout-change","sourcePath":"📋 Jobs.md","hadPendingTimer":false,"sizerChildren":0}
14:17:12.944 V render start {"reason":"layout-change","token":275,"sourceHint":"📋 Jobs.md","sizerConnected":true,"sizerChildren":0}
14:17:12.944 V render found no marker regions {"sourcePath":"📋 Jobs.md"}
14:17:19.286 V schedule render {"reason":"layout-change","sourcePath":"Templates/Job.md","hadPendingTimer":false,"sizerChildren":0}
14:17:19.437 V render start {"reason":"layout-change","token":276,"sourceHint":"Templates/Job.md","sizerConnected":true,"sizerChildren":0}
14:17:19.437 V render found no marker regions {"sourcePath":"Templates/Job.md"}
14:18:51.090 V schedule render {"reason":"file-modified","sourcePath":"Templates/Job.md","hadPendingTimer":false,"sizerChildren":0}
14:18:51.242 V render start {"reason":"file-modified","token":277,"sourceHint":"Templates/Job.md","sizerConnected":true,"sizerChildren":0}
14:18:51.242 V render found no marker regions {"sourcePath":"Templates/Job.md"}
14:18:54.016 V schedule render {"reason":"file-modified","sourcePath":"Templates/Job.md","hadPendingTimer":false,"sizerChildren":0}
14:18:54.167 V render start {"reason":"file-modified","token":278,"sourceHint":"Templates/Job.md","sizerConnected":true,"sizerChildren":0}
14:18:54.168 V render found no marker regions {"sourcePath":"Templates/Job.md"}
14:19:07.126 V schedule render {"reason":"file-modified","sourcePath":"Templates/Job.md","hadPendingTimer":false,"sizerChildren":0}
14:19:07.277 V render start {"reason":"file-modified","token":279,"sourceHint":"Templates/Job.md","sizerConnected":true,"sizerChildren":0}
14:19:07.278 V render found no marker regions {"sourcePath":"Templates/Job.md"}
14:19:35.977 V schedule render {"reason":"layout-change","sourcePath":"🏠 Home.md","hadPendingTimer":false,"sizerChildren":0}
14:19:36.128 V render start {"reason":"layout-change","token":280,"sourceHint":"🏠 Home.md","sizerConnected":true,"sizerChildren":0}
14:19:36.128 V render found no marker regions {"sourcePath":"🏠 Home.md"}
14:19:59.219 V schedule render {"reason":"layout-change","sourcePath":"Notes/A Faire's Ill Portents.md","hadPendingTimer":false,"sizerChildren":0}
14:19:59.400 V render start {"reason":"layout-change","token":281,"sourceHint":"Notes/A Faire's Ill Portents.md","sizerConnected":true,"sizerChildren":0}
14:19:59.400 V render found no marker regions {"sourcePath":"Notes/A Faire's Ill Portents.md"}
14:20:03.701 V schedule render {"reason":"layout-change","sourcePath":"🏠 Home.md","hadPendingTimer":false,"sizerChildren":0}
14:20:03.953 V render start {"reason":"layout-change","token":282,"sourceHint":"🏠 Home.md","sizerConnected":true,"sizerChildren":0}
14:20:03.953 V render found no marker regions {"sourcePath":"🏠 Home.md"}
14:20:03.966 V schedule render {"reason":"layout-change","sourcePath":"🏠 Home.md","hadPendingTimer":false,"sizerChildren":0}
14:20:04.151 V render start {"reason":"layout-change","token":283,"sourceHint":"🏠 Home.md","sizerConnected":true,"sizerChildren":0}
14:20:04.151 V render found no marker regions {"sourcePath":"🏠 Home.md"}
14:20:05.705 PP Notes/Varka.md cls=el-pre mod-frontmatter mod-ui wrapper=false embed=null sizer=false connected=false kids=PRE.frontmatter hasSizerDesc=false parents=
14:20:05.706 PP Notes/Varka.md cls=el-h1 wrapper=false embed=null sizer=false connected=false kids=H1. hasSizerDesc=false parents=
14:20:05.706 PP Notes/Varka.md cls=el-ul wrapper=false embed=null sizer=false connected=false kids=UL.has-list-bullet hasSizerDesc=false parents=
14:20:08.007 V schedule render {"reason":"layout-change","sourcePath":"Templates/Job.md","hadPendingTimer":false,"sizerChildren":0}
14:20:08.157 V render start {"reason":"layout-change","token":284,"sourceHint":"Templates/Job.md","sizerConnected":true,"sizerChildren":0}
14:20:08.158 V render found no marker regions {"sourcePath":"Templates/Job.md"}
14:20:12.312 V schedule render {"reason":"file-modified","sourcePath":"Templates/Job.md","hadPendingTimer":false,"sizerChildren":0}
14:20:12.463 V render start {"reason":"file-modified","token":285,"sourceHint":"Templates/Job.md","sizerConnected":true,"sizerChildren":0}
14:20:12.463 V render found no marker regions {"sourcePath":"Templates/Job.md"}
14:20:18.607 V schedule render {"reason":"file-modified","sourcePath":"Templates/Job.md","hadPendingTimer":false,"sizerChildren":0}
14:20:18.758 V render start {"reason":"file-modified","token":286,"sourceHint":"Templates/Job.md","sizerConnected":true,"sizerChildren":0}
14:20:18.758 V render found no marker regions {"sourcePath":"Templates/Job.md"}
14:20:22.442 V schedule render {"reason":"file-modified","sourcePath":"Templates/Job.md","hadPendingTimer":false,"sizerChildren":0}
14:20:22.593 V render start {"reason":"file-modified","token":287,"sourceHint":"Templates/Job.md","sizerConnected":true,"sizerChildren":0}
14:20:22.593 V render found no marker regions {"sourcePath":"Templates/Job.md"}
14:20:24.902 V schedule render {"reason":"file-modified","sourcePath":"Templates/Job.md","hadPendingTimer":false,"sizerChildren":0}
14:20:25.053 V render start {"reason":"file-modified","token":288,"sourceHint":"Templates/Job.md","sizerConnected":true,"sizerChildren":0}
14:20:25.053 V render found no marker regions {"sourcePath":"Templates/Job.md"}
14:20:29.281 V schedule render {"reason":"file-modified","sourcePath":"Templates/Job.md","hadPendingTimer":false,"sizerChildren":0}
14:20:29.433 V render start {"reason":"file-modified","token":289,"sourceHint":"Templates/Job.md","sizerConnected":true,"sizerChildren":0}
14:20:29.433 V render found no marker regions {"sourcePath":"Templates/Job.md"}
14:20:38.072 V schedule render {"reason":"file-modified","sourcePath":"Templates/Job.md","hadPendingTimer":false,"sizerChildren":0}
14:20:38.224 V render start {"reason":"file-modified","token":290,"sourceHint":"Templates/Job.md","sizerConnected":true,"sizerChildren":0}
14:20:38.224 V render found no marker regions {"sourcePath":"Templates/Job.md"}
14:20:40.143 V schedule render {"reason":"file-modified","sourcePath":"Templates/Job.md","hadPendingTimer":false,"sizerChildren":0}
14:20:40.295 V render start {"reason":"file-modified","token":291,"sourceHint":"Templates/Job.md","sizerConnected":true,"sizerChildren":0}
14:20:40.295 V render found no marker regions {"sourcePath":"Templates/Job.md"}
14:20:42.804 V schedule render {"reason":"file-modified","sourcePath":"Templates/Job.md","hadPendingTimer":false,"sizerChildren":0}
14:20:42.956 V render start {"reason":"file-modified","token":292,"sourceHint":"Templates/Job.md","sizerConnected":true,"sizerChildren":0}
14:20:42.956 V render found no marker regions {"sourcePath":"Templates/Job.md"}
14:20:55.042 V schedule render {"reason":"file-modified","sourcePath":"Templates/Job.md","hadPendingTimer":false,"sizerChildren":0}
14:20:55.194 V render start {"reason":"file-modified","token":293,"sourceHint":"Templates/Job.md","sizerConnected":true,"sizerChildren":0}
14:20:55.194 V render found no marker regions {"sourcePath":"Templates/Job.md"}
14:20:57.078 V schedule render {"reason":"file-modified","sourcePath":"Templates/Job.md","hadPendingTimer":false,"sizerChildren":0}
14:20:57.229 V render start {"reason":"file-modified","token":294,"sourceHint":"Templates/Job.md","sizerConnected":true,"sizerChildren":0}
14:20:57.229 V render found no marker regions {"sourcePath":"Templates/Job.md"}
14:21:11.867 V schedule render {"reason":"file-modified","sourcePath":"Templates/Job.md","hadPendingTimer":false,"sizerChildren":0}
14:21:12.019 V render start {"reason":"file-modified","token":295,"sourceHint":"Templates/Job.md","sizerConnected":true,"sizerChildren":0}
14:21:12.019 V render found no marker regions {"sourcePath":"Templates/Job.md"}
14:21:13.896 V schedule render {"reason":"file-modified","sourcePath":"Templates/Job.md","hadPendingTimer":false,"sizerChildren":0}
14:21:14.047 V render start {"reason":"file-modified","token":296,"sourceHint":"Templates/Job.md","sizerConnected":true,"sizerChildren":0}
14:21:14.047 V render found no marker regions {"sourcePath":"Templates/Job.md"}
14:21:17.204 V schedule render {"reason":"file-modified","sourcePath":"Templates/Job.md","hadPendingTimer":false,"sizerChildren":0}
14:21:17.355 V render start {"reason":"file-modified","token":297,"sourceHint":"Templates/Job.md","sizerConnected":true,"sizerChildren":0}
14:21:17.356 V render found no marker regions {"sourcePath":"Templates/Job.md"}
14:21:41.807 V schedule render {"reason":"layout-change","sourcePath":"Notes/A Faire's Ill Portents.md","hadPendingTimer":false,"sizerChildren":0}
14:21:41.999 V render start {"reason":"layout-change","token":298,"sourceHint":"Notes/A Faire's Ill Portents.md","sizerConnected":true,"sizerChildren":0}
14:21:41.999 V render found no marker regions {"sourcePath":"Notes/A Faire's Ill Portents.md"}
14:21:50.085 V schedule render {"reason":"file-modified","sourcePath":"Notes/A Faire's Ill Portents.md","hadPendingTimer":false,"sizerChildren":0}
14:21:50.114 PP Notes/A Faire's Ill Portents.md cls=el-pre mod-frontmatter mod-ui wrapper=false embed=null sizer=false connected=false kids=PRE.frontmatter hasSizerDesc=false parents=
14:21:50.114 V schedule render {"reason":"postprocessor","sourcePath":"Notes/A Faire's Ill Portents.md","hadPendingTimer":true,"sizerChildren":0}
14:21:50.115 PP Notes/A Faire's Ill Portents.md cls=el-h1 wrapper=false embed=null sizer=false connected=false kids=H1. hasSizerDesc=false parents=
14:21:50.115 V schedule render {"reason":"postprocessor","sourcePath":"Notes/A Faire's Ill Portents.md","hadPendingTimer":true,"sizerChildren":0}
14:21:50.115 PP Notes/A Faire's Ill Portents.md cls=el-p wrapper=false embed=null sizer=false connected=false kids=P. hasSizerDesc=false parents=
14:21:50.115 V schedule render {"reason":"postprocessor","sourcePath":"Notes/A Faire's Ill Portents.md","hadPendingTimer":true,"sizerChildren":0}
14:21:50.116 PP Notes/A Faire's Ill Portents.md cls=el-p wrapper=false embed=null sizer=false connected=false kids=P. hasSizerDesc=false parents=
14:21:50.116 V schedule render {"reason":"postprocessor","sourcePath":"Notes/A Faire's Ill Portents.md","hadPendingTimer":true,"sizerChildren":0}
14:21:50.116 PP Notes/A Faire's Ill Portents.md cls=el-p wrapper=false embed=null sizer=false connected=false kids=P. hasSizerDesc=false parents=
14:21:50.116 V schedule render {"reason":"postprocessor","sourcePath":"Notes/A Faire's Ill Portents.md","hadPendingTimer":true,"sizerChildren":0}
14:21:50.116 PP Notes/A Faire's Ill Portents.md cls=el-p wrapper=false embed=null sizer=false connected=false kids=P. hasSizerDesc=false parents=
14:21:50.116 V schedule render {"reason":"postprocessor","sourcePath":"Notes/A Faire's Ill Portents.md","hadPendingTimer":true,"sizerChildren":0}
14:21:50.181 V render start {"reason":"postprocessor","token":299,"sourceHint":"Notes/A Faire's Ill Portents.md","sizerConnected":true,"sizerChildren":9}
14:21:50.181 V render found no marker regions {"sourcePath":"Notes/A Faire's Ill Portents.md"}
14:21:50.230 V schedule render {"reason":"layout-change","sourcePath":"Notes/A Faire's Ill Portents.md","hadPendingTimer":false,"sizerChildren":9}
14:21:50.471 V render start {"reason":"layout-change","token":300,"sourceHint":"Notes/A Faire's Ill Portents.md","sizerConnected":true,"sizerChildren":9}
14:21:50.471 V render found no marker regions {"sourcePath":"Notes/A Faire's Ill Portents.md"}
14:21:54.403 PP 📋 Jobs.md cls=el-h1 wrapper=false embed=null sizer=false connected=false kids=H1. hasSizerDesc=false parents=
14:21:54.403 V schedule render {"reason":"postprocessor","sourcePath":"📋 Jobs.md","hadPendingTimer":false,"sizerChildren":0}
14:21:54.405 PP 📋 Jobs.md cls=el-pre wrapper=false embed=null sizer=false connected=false kids=DIV.block-language-datacorejsx hasSizerDesc=false parents=
14:21:54.405 V schedule render {"reason":"postprocessor","sourcePath":"📋 Jobs.md","hadPendingTimer":true,"sizerChildren":0}
14:21:54.436 V render start {"reason":"postprocessor","token":301,"sourceHint":"📋 Jobs.md","sizerConnected":true,"sizerChildren":5}
14:21:54.436 V render found no marker regions {"sourcePath":"📋 Jobs.md"}
14:21:54.469 V schedule render {"reason":"layout-change","sourcePath":"📋 Jobs.md","hadPendingTimer":false,"sizerChildren":5}
14:21:54.802 V render start {"reason":"layout-change","token":302,"sourceHint":"📋 Jobs.md","sizerConnected":true,"sizerChildren":5}
14:21:54.802 V render found no marker regions {"sourcePath":"📋 Jobs.md"}
14:21:54.821 PP Notes/A Faire's Ill Portents.md cls= wrapper=false embed=null sizer=true connected=true kids=P.,P.,P.,P. hasSizerDesc=false parents=DIV.dc-description>DIV.>DIV.>DIV.>DIV.block-language-datacorejsx>DIV.el-pre
14:21:54.821 V schedule render {"reason":"postprocessor","sourcePath":"Notes/A Faire's Ill Portents.md","hadPendingTimer":false,"sizerChildren":5}
14:21:54.822 PP Notes/Caravan Job.md cls= wrapper=false embed=null sizer=true connected=true kids=P.,P.,P.,P. hasSizerDesc=false parents=DIV.dc-description>DIV.>DIV.>DIV.>DIV.block-language-datacorejsx>DIV.el-pre
14:21:54.822 V schedule render {"reason":"postprocessor","sourcePath":"Notes/Caravan Job.md","hadPendingTimer":true,"sizerChildren":5}
14:21:54.823 PP Notes/Clear Keep Clearwater.md cls= wrapper=false embed=null sizer=true connected=true kids=P.,P.,P. hasSizerDesc=false parents=DIV.dc-description>DIV.>DIV.>DIV.>DIV.block-language-datacorejsx>DIV.el-pre
14:21:54.823 V schedule render {"reason":"postprocessor","sourcePath":"Notes/Clear Keep Clearwater.md","hadPendingTimer":true,"sizerChildren":5}
14:21:54.823 PP Notes/Beast Hunt.md cls= wrapper=false embed=null sizer=true connected=true kids=P.,P.,H2.,P.,P. hasSizerDesc=false parents=DIV.dc-description>DIV.>DIV.>DIV.>DIV.block-language-datacorejsx>DIV.el-pre
14:21:54.823 V schedule render {"reason":"postprocessor","sourcePath":"Notes/Beast Hunt.md","hadPendingTimer":true,"sizerChildren":5}
14:21:54.824 PP Notes/Incendiary Dreams.md cls= wrapper=false embed=null sizer=true connected=true kids=P.,P.,H2.,P. hasSizerDesc=false parents=DIV.dc-description>DIV.>DIV.>DIV.>DIV.block-language-datacorejsx>DIV.el-pre
14:21:54.824 V schedule render {"reason":"postprocessor","sourcePath":"Notes/Incendiary Dreams.md","hadPendingTimer":true,"sizerChildren":5}
14:21:54.824 PP Notes/The Bone Thief.md cls= wrapper=false embed=null sizer=true connected=true kids=P.,P. hasSizerDesc=false parents=DIV.dc-description>DIV.>DIV.>DIV.>DIV.block-language-datacorejsx>DIV.el-pre
14:21:54.824 V schedule render {"reason":"postprocessor","sourcePath":"Notes/The Bone Thief.md","hadPendingTimer":true,"sizerChildren":5}
14:21:54.841 V render start {"reason":"postprocessor","token":303,"sourceHint":"Notes/The Bone Thief.md","sizerConnected":true,"sizerChildren":5}
14:21:54.841 V render found no marker regions {"sourcePath":"Notes/The Bone Thief.md"}
14:22:16.106 PP Notes/A Faire's Ill Portents.md cls=el-pre mod-frontmatter mod-ui wrapper=false embed=null sizer=false connected=false kids=PRE.frontmatter hasSizerDesc=false parents=
14:22:16.106 V schedule render {"reason":"postprocessor","sourcePath":"Notes/A Faire's Ill Portents.md","hadPendingTimer":false,"sizerChildren":0}
14:22:16.107 PP Notes/A Faire's Ill Portents.md cls=el-h1 wrapper=false embed=null sizer=false connected=false kids=H1. hasSizerDesc=false parents=
14:22:16.107 V schedule render {"reason":"postprocessor","sourcePath":"Notes/A Faire's Ill Portents.md","hadPendingTimer":true,"sizerChildren":0}
14:22:16.108 PP Notes/A Faire's Ill Portents.md cls=el-p wrapper=false embed=null sizer=false connected=false kids=P. hasSizerDesc=false parents=
14:22:16.108 V schedule render {"reason":"postprocessor","sourcePath":"Notes/A Faire's Ill Portents.md","hadPendingTimer":true,"sizerChildren":0}
14:22:16.108 PP Notes/A Faire's Ill Portents.md cls=el-p wrapper=false embed=null sizer=false connected=false kids=P. hasSizerDesc=false parents=
14:22:16.108 V schedule render {"reason":"postprocessor","sourcePath":"Notes/A Faire's Ill Portents.md","hadPendingTimer":true,"sizerChildren":0}
14:22:16.108 PP Notes/A Faire's Ill Portents.md cls=el-p wrapper=false embed=null sizer=false connected=false kids=P. hasSizerDesc=false parents=
14:22:16.108 V schedule render {"reason":"postprocessor","sourcePath":"Notes/A Faire's Ill Portents.md","hadPendingTimer":true,"sizerChildren":0}
14:22:16.108 PP Notes/A Faire's Ill Portents.md cls=el-p wrapper=false embed=null sizer=false connected=false kids=P. hasSizerDesc=false parents=
14:22:16.108 V schedule render {"reason":"postprocessor","sourcePath":"Notes/A Faire's Ill Portents.md","hadPendingTimer":true,"sizerChildren":0}
14:22:16.236 V render start {"reason":"postprocessor","token":304,"sourceHint":"Notes/A Faire's Ill Portents.md","sizerConnected":true,"sizerChildren":9}
14:22:16.236 V render found no marker regions {"sourcePath":"Notes/A Faire's Ill Portents.md"}
14:22:16.236 V schedule render {"reason":"layout-change","sourcePath":"Notes/A Faire's Ill Portents.md","hadPendingTimer":false,"sizerChildren":9}
14:22:16.453 V render start {"reason":"layout-change","token":305,"sourceHint":"Notes/A Faire's Ill Portents.md","sizerConnected":true,"sizerChildren":9}
14:22:16.453 V render found no marker regions {"sourcePath":"Notes/A Faire's Ill Portents.md"}
14:22:20.970 PP 📋 Jobs.md cls=el-pre mod-frontmatter mod-ui wrapper=false embed=null sizer=false connected=false kids=PRE.frontmatter hasSizerDesc=false parents=
14:22:20.970 V schedule render {"reason":"postprocessor","sourcePath":"📋 Jobs.md","hadPendingTimer":false,"sizerChildren":9}
14:22:20.987 V render start {"reason":"postprocessor","token":306,"sourceHint":"📋 Jobs.md","sizerConnected":true,"sizerChildren":9}
14:22:20.987 V render found no marker regions {"sourcePath":"📋 Jobs.md"}
14:22:21.017 PP 📋 Jobs.md cls=el-h1 wrapper=false embed=null sizer=false connected=false kids=H1. hasSizerDesc=false parents=
14:22:21.017 V schedule render {"reason":"postprocessor","sourcePath":"📋 Jobs.md","hadPendingTimer":false,"sizerChildren":0}
14:22:21.018 PP 📋 Jobs.md cls=el-pre wrapper=false embed=null sizer=false connected=false kids=DIV.block-language-datacorejsx hasSizerDesc=false parents=
14:22:21.018 V schedule render {"reason":"postprocessor","sourcePath":"📋 Jobs.md","hadPendingTimer":true,"sizerChildren":0}
14:22:21.066 V render start {"reason":"postprocessor","token":307,"sourceHint":"📋 Jobs.md","sizerConnected":true,"sizerChildren":5}
